{"type": "FeatureCollection", "features": [{"type": "Feature", "properties": {"label": 1, "area_px": 21924}, "geometry": {"type": "Polygon", "coordinates": [[[1043.0, 188.5], [1042.0, 188.5], [1041.0, 188.5], [1040.0, 188.5], [1039.0, 188.5], [1038.0, 188.5], [1037.5, 188.0], [1037.0, 187.5], [1036.0, 187.5], [1035.0, 187.5], [1034.0, 187.5], [1033.0, 187.5], [1032.0, 187.5], [1031.0, 187.5], [1030.0, 187.5], [1029.0, 187.5], [1028.0, 187.5], [1027.0, 187.5], [1026.0, 187.5], [1025.0, 187.5], [1024.0, 187.5], [1023.0, 187.5], [1022.0, 187.5], [1021.0, 187.5], [1020.0, 187.5], [1019.0, 187.5], [1018.0, 187.5], [1017.0, 187.5], [1016.0, 187.5], [1015.0, 187.5], [1014.0, 187.5], [1013.5, 187.0], [1013.0, 186.5], [1012.0, 186.5], [1011.0, 186.5], [1010.0, 186.5], [1009.5, 186.0], [1009.0, 185.5], [1008.0, 185.5], [1007.5, 185.0], [1007.0, 184.5], [1006.0, 184.5], [1005.5, 184.0], [1005.0, 183.5], [1004.0, 183.5], [1003.5, 183.0], [1003.0, 182.5], [1002.0, 182.5], [1001.5, 182.0], [1001.0, 181.5], [1000.0, 181.5], [999.5, 181.0], [999.0, 180.5], [998.5, 180.0], [998.0, 179.5], [997.0, 179.5], [996.5, 179.0], [996.0, 178.5], [995.0, 178.5], [994.5, 178.0], [994.0, 177.5], [993.5, 177.0], [993.0, 176.5], [992.5, 176.0], [992.0, 175.5], [991.5, 175.0], [991.0, 174.5], [990.0, 174.5], [989.5, 174.0], [989.0, 173.5], [988.5, 173.0], [988.0, 172.5], [987.5, 172.0], [987.0, 171.5], [986.5, 171.0], [986.0, 170.5], [985.5, 170.0], [985.0, 169.5], [984.5, 169.0], [984.0, 168.5], [983.5, 168.0], [983.0, 167.5], [982.0, 167.5], [981.5, 167.0], [981.0, 166.5], [980.5, 166.0], [980.5, 165.0], [980.0, 164.5], [979.5, 164.0], [979.0, 163.5], [978.0, 163.5], [977.5, 163.0], [977.0, 162.5], [976.5, 162.0], [976.0, 161.5], [975.0, 161.5], [974.5, 161.0], [974.0, 160.5], [973.0, 160.5], [972.0, 160.5], [971.5, 160.0], [971.0, 159.5], [970.0, 159.5], [969.0, 159.5], [968.5, 159.0], [968.0, 158.5], [967.0, 158.5], [966.0, 158.5], [965.5, 158.0], [965.0, 157.5], [964.0, 157.5], [963.5, 157.0], [963.0, 156.5], [962.0, 156.5], [961.0, 156.5], [960.5, 156.0], [960.0, 155.5], [959.0, 155.5], [958.0, 155.5], [957.5, 155.0], [957.0, 154.5], [956.0, 154.5], [955.0, 154.5], [954.0, 154.5], [953.5, 154.0], [953.0, 153.5], [952.0, 153.5], [951.0, 153.5], [950.5, 153.0], [950.0, 152.5], [949.0, 152.5], [948.0, 152.5], [947.5, 152.0], [947.0, 151.5], [946.0, 151.5], [945.0, 151.5], [944.5, 151.0], [944.0, 150.5], [943.0, 150.5], [942.0, 150.5], [941.0, 150.5], [940.0, 150.5], [939.0, 150.5], [938.0, 150.5], [937.0, 150.5], [936.0, 150.5], [935.0, 150.5], [934.0, 150.5], [933.0, 150.5], [932.0, 150.5], [931.5, 151.0], [931.0, 151.5], [930.0, 151.5], [929.0, 151.5], [928.5, 152.0], [928.0, 152.5], [927.0, 152.5], [926.5, 153.0], [926.0, 153.5], [925.0, 153.5], [924.5, 154.0], [924.0, 154.5], [923.0, 154.5], [922.0, 154.5], [921.5, 155.0], [921.0, 155.5], [920.0, 155.5], [919.0, 155.5], [918.0, 155.5], [917.0, 155.5], [916.0, 155.5], [915.0, 155.5], [914.0, 155.5], [913.0, 155.5], [912.5, 156.0], [912.0, 156.5], [911.0, 156.5], [910.0, 156.5], [909.0, 156.5], [908.0, 156.5], [907.0, 156.5], [906.0, 156.5], [905.0, 156.5], [904.0, 156.5], [903.0, 156.5], [902.0, 156.5], [901.0, 156.5], [900.0, 156.5], [899.0, 156.5], [898.0, 156.5], [897.0, 156.5], [896.0, 156.5], [895.0, 156.5], [894.5, 156.0], [894.0, 155.5], [893.0, 155.5], [892.0, 155.5], [891.0, 155.5], [890.5, 155.0], [890.0, 154.5], [889.0, 154.5], [888.0, 154.5], [887.0, 154.5], [886.0, 154.5], [885.0, 154.5], [884.5, 154.0], [884.0, 153.5], [883.0, 153.5], [882.0, 153.5], [881.0, 153.5], [880.0, 153.5], [879.0, 153.5], [878.0, 153.5], [877.0, 153.5], [876.0, 153.5], [875.0, 153.5], [874.0, 153.5], [873.0, 153.5], [872.0, 153.5], [871.0, 153.5], [870.0, 153.5], [869.5, 153.0], [869.0, 152.5], [868.0, 152.5], [867.0, 152.5], [866.0, 152.5], [865.0, 152.5], [864.5, 152.0], [864.0, 151.5], [863.0, 151.5], [862.0, 151.5], [861.0, 151.5], [860.0, 151.5], [859.0, 151.5], [858.5, 151.0], [858.0, 150.5], [857.0, 150.5], [856.0, 150.5], [855.0, 150.5], [854.5, 150.0], [854.0, 149.5], [853.0, 149.5], [852.5, 149.0], [852.0, 148.5], [851.5, 148.0], [851.0, 147.5], [850.0, 147.5], [849.5, 147.0], [849.0, 146.5], [848.5, 146.0], [848.0, 145.5], [847.0, 145.5], [846.5, 145.0], [846.0, 144.5], [845.0, 144.5], [844.0, 144.5], [843.5, 144.0], [843.0, 143.5], [842.0, 143.5], [841.5, 143.0], [841.0, 142.5], [840.0, 142.5], [839.0, 142.5], [838.5, 142.0], [838.0, 141.5], [837.0, 141.5], [836.5, 141.0], [836.0, 140.5], [835.0, 140.5], [834.5, 140.0], [834.0, 139.5], [833.0, 139.5], [832.5, 139.0], [832.0, 138.5], [831.0, 138.5], [830.5, 138.0], [830.0, 137.5], [829.0, 137.5], [828.0, 137.5], [827.5, 137.0], [827.0, 136.5], [826.0, 136.5], [825.5, 136.0], [825.0, 135.5], [824.0, 135.5], [823.0, 135.5], [822.5, 135.0], [822.0, 134.5], [821.0, 134.5], [820.5, 134.0], [820.0, 133.5], [819.5, 133.0], [819.0, 132.5], [818.0, 132.5], [817.5, 132.0], [817.0, 131.5], [816.0, 131.5], [815.5, 131.0], [815.0, 130.5], [814.5, 130.0], [814.0, 129.5], [813.0, 129.5], [812.5, 129.0], [812.0, 128.5], [811.5, 128.0], [811.0, 127.5], [810.0, 127.5], [809.5, 127.0], [809.0, 126.5], [808.5, 126.0], [808.0, 125.5], [807.0, 125.5], [806.5, 125.0], [806.0, 124.5], [805.5, 124.0], [805.0, 123.5], [804.5, 123.0], [804.0, 122.5], [803.5, 122.0], [803.0, 121.5], [802.0, 121.5], [801.5, 121.0], [801.0, 120.5], [800.5, 120.0], [800.0, 119.5], [799.0, 119.5], [798.5, 119.0], [798.0, 118.5], [797.0, 118.5], [796.5, 118.0], [796.0, 117.5], [795.0, 117.5], [794.5, 117.0], [794.0, 116.5], [793.0, 116.5], [792.5, 116.0], [792.0, 115.5], [791.5, 115.0], [791.0, 114.5], [790.0, 114.5], [789.5, 114.0], [789.0, 113.5], [788.5, 113.0], [788.0, 112.5], [787.5, 112.0], [787.0, 111.5], [786.5, 111.0], [786.5, 110.0], [786.0, 109.5], [785.5, 109.0], [785.0, 108.5], [784.5, 108.0], [784.5, 107.0], [784.0, 106.5], [783.5, 106.0], [783.5, 105.0], [783.5, 104.0], [783.0, 103.5], [782.5, 103.0], [782.5, 102.0], [782.5, 101.0], [782.0, 100.5], [781.5, 100.0], [781.5, 99.0], [781.5, 98.0], [781.5, 97.0], [781.5, 96.0], [781.5, 95.0], [781.5, 94.0], [781.0, 93.5], [780.5, 93.0], [780.5, 92.0], [780.5, 91.0], [780.0, 90.5], [779.5, 90.0], [779.5, 89.0], [779.0, 88.5], [778.5, 88.0], [778.5, 87.0], [778.0, 86.5], [777.5, 86.0], [777.5, 85.0], [777.0, 84.5], [776.5, 84.0], [776.5, 83.0], [776.5, 82.0], [776.5, 81.0], [777.0, 80.5], [777.5, 80.0], [777.5, 79.0], [778.0, 78.5], [779.0, 78.5], [779.5, 78.0], [780.0, 77.5], [781.0, 77.5], [782.0, 77.5], [783.0, 77.5], [783.5, 77.0], [784.0, 76.5], [785.0, 76.5], [786.0, 76.5], [786.5, 76.0], [787.0, 75.5], [787.5, 75.0], [787.5, 74.0], [788.0, 73.5], [788.5, 73.0], [788.5, 72.0], [789.0, 71.5], [789.5, 71.0], [789.5, 70.0], [790.0, 69.5], [790.5, 69.0], [790.5, 68.0], [791.0, 67.5], [791.5, 67.0], [791.5, 66.0], [792.0, 65.5], [792.5, 65.0], [793.0, 64.5], [793.5, 64.0], [793.5, 63.0], [794.0, 62.5], [794.5, 62.0], [795.0, 61.5], [795.5, 61.0], [796.0, 60.5], [796.5, 60.0], [797.0, 59.5], [798.0, 59.5], [798.5, 59.0], [799.0, 58.5], [799.5, 58.0], [800.0, 57.5], [801.0, 57.5], [801.5, 57.0], [802.0, 56.5], [802.5, 56.0], [803.0, 55.5], [804.0, 55.5], [804.5, 55.0], [805.0, 54.5], [805.5, 54.0], [806.0, 53.5], [807.0, 53.5], [807.5, 53.0], [808.0, 52.5], [809.0, 52.5], [809.5, 52.0], [810.0, 51.5], [811.0, 51.5], [811.5, 51.0], [812.0, 50.5], [813.0, 50.5], [814.0, 50.5], [814.5, 50.0], [815.0, 49.5], [816.0, 49.5], [817.0, 49.5], [818.0, 49.5], [819.0, 49.5], [819.5, 49.0], [820.0, 48.5], [821.0, 48.5], [822.0, 48.5], [823.0, 48.5], [824.0, 48.5], [825.0, 48.5], [826.0, 48.5], [827.0, 48.5], [827.5, 48.0], [828.0, 47.5], [829.0, 47.5], [830.0, 47.5], [831.0, 47.5], [832.0, 47.5], [833.0, 47.5], [834.0, 47.5], [835.0, 47.5], [836.0, 47.5], [836.5, 47.0], [837.0, 46.5], [838.0, 46.5], [839.0, 46.5], [840.0, 46.5], [841.0, 46.5], [842.0, 46.5], [843.0, 46.5], [844.0, 46.5], [845.0, 46.5], [845.5, 47.0], [846.0, 47.5], [847.0, 47.5], [848.0, 47.5], [848.5, 48.0], [849.0, 48.5], [850.0, 48.5], [850.5, 49.0], [851.0, 49.5], [852.0, 49.5], [853.0, 49.5], [853.5, 50.0], [854.0, 50.5], [855.0, 50.5], [855.5, 51.0], [856.0, 51.5], [857.0, 51.5], [857.5, 52.0], [858.0, 52.5], [859.0, 52.5], [859.5, 53.0], [860.0, 53.5], [861.0, 53.5], [862.0, 53.5], [862.5, 54.0], [863.0, 54.5], [864.0, 54.5], [864.5, 55.0], [865.0, 55.5], [866.0, 55.5], [866.5, 56.0], [867.0, 56.5], [867.5, 57.0], [868.0, 57.5], [869.0, 57.5], [869.5, 58.0], [870.0, 58.5], [871.0, 58.5], [871.5, 59.0], [872.0, 59.5], [873.0, 59.5], [873.5, 60.0], [874.0, 60.5], [875.0, 60.5], [875.5, 61.0], [876.0, 61.5], [877.0, 61.5], [877.5, 62.0], [878.0, 62.5], [879.0, 62.5], [879.5, 63.0], [880.0, 63.5], [880.5, 64.0], [881.0, 64.5], [882.0, 64.5], [882.5, 65.0], [883.0, 65.5], [884.0, 65.5], [884.5, 66.0], [885.0, 66.5], [886.0, 66.5], [886.5, 67.0], [887.0, 67.5], [888.0, 67.5], [888.5, 68.0], [889.0, 68.5], [890.0, 68.5], [890.5, 69.0], [891.0, 69.5], [891.5, 70.0], [892.0, 70.5], [893.0, 70.5], [893.5, 71.0], [894.0, 71.5], [894.5, 72.0], [895.0, 72.5], [895.5, 73.0], [896.0, 73.5], [897.0, 73.5], [897.5, 74.0], [898.0, 74.5], [899.0, 74.5], [899.5, 75.0], [900.0, 75.5], [901.0, 75.5], [901.5, 76.0], [902.0, 76.5], [902.5, 77.0], [903.0, 77.5], [904.0, 77.5], [904.5, 78.0], [905.0, 78.5], [906.0, 78.5], [907.0, 78.5], [907.5, 79.0], [908.0, 79.5], [909.0, 79.5], [910.0, 79.5], [911.0, 79.5], [911.5, 80.0], [912.0, 80.5], [913.0, 80.5], [914.0, 80.5], [915.0, 80.5], [916.0, 80.5], [917.0, 80.5], [918.0, 80.5], [919.0, 80.5], [920.0, 80.5], [921.0, 80.5], [922.0, 80.5], [923.0, 80.5], [924.0, 80.5], [925.0, 80.5], [926.0, 80.5], [927.0, 80.5], [928.0, 80.5], [929.0, 80.5], [929.5, 80.0], [930.0, 79.5], [931.0, 79.5], [932.0, 79.5], [933.0, 79.5], [934.0, 79.5], [935.0, 79.5], [936.0, 79.5], [937.0, 79.5], [938.0, 79.5], [938.5, 80.0], [939.0, 80.5], [940.0, 80.5], [941.0, 80.5], [942.0, 80.5], [942.5, 81.0], [943.0, 81.5], [944.0, 81.5], [945.0, 81.5], [945.5, 82.0], [946.0, 82.5], [947.0, 82.5], [947.5, 83.0], [948.0, 83.5], [949.0, 83.5], [950.0, 83.5], [950.5, 84.0], [951.0, 84.5], [952.0, 84.5], [953.0, 84.5], [953.5, 85.0], [954.0, 85.5], [955.0, 85.5], [956.0, 85.5], [956.5, 86.0], [957.0, 86.5], [958.0, 86.5], [959.0, 86.5], [960.0, 86.5], [960.5, 87.0], [961.0, 87.5], [962.0, 87.5], [963.0, 87.5], [964.0, 87.5], [965.0, 87.5], [966.0, 87.5], [966.5, 87.0], [967.0, 86.5], [968.0, 86.5], [969.0, 86.5], [970.0, 86.5], [971.0, 86.5], [972.0, 86.5], [973.0, 86.5], [974.0, 86.5], [975.0, 86.5], [976.0, 86.5], [977.0, 86.5], [978.0, 86.5], [979.0, 86.5], [980.0, 86.5], [981.0, 86.5], [981.5, 87.0], [982.0, 87.5], [983.0, 87.5], [984.0, 87.5], [985.0, 87.5], [985.5, 88.0], [986.0, 88.5], [987.0, 88.5], [988.0, 88.5], [988.5, 89.0], [989.0, 89.5], [990.0, 89.5], [990.5, 90.0], [991.0, 90.5], [992.0, 90.5], [992.5, 91.0], [993.0, 91.5], [994.0, 91.5], [995.0, 91.5], [995.5, 92.0], [996.0, 92.5], [996.5, 93.0], [997.0, 93.5], [998.0, 93.5], [998.5, 94.0], [999.0, 94.5], [1000.0, 94.5], [1000.5, 95.0], [1001.0, 95.5], [1002.0, 95.5], [1002.5, 96.0], [1003.0, 96.5], [1004.0, 96.5], [1004.5, 97.0], [1005.0, 97.5], [1006.0, 97.5], [1006.5, 98.0], [1007.0, 98.5], [1008.0, 98.5], [1008.5, 99.0], [1009.0, 99.5], [1010.0, 99.5], [1010.5, 100.0], [1011.0, 100.5], [1012.0, 100.5], [1012.5, 101.0], [1013.0, 101.5], [1014.0, 101.5], [1015.0, 101.5], [1015.5, 102.0], [1016.0, 102.5], [1017.0, 102.5], [1017.5, 103.0], [1018.0, 103.5], [1019.0, 103.5], [1020.0, 103.5], [1020.5, 104.0], [1021.0, 104.5], [1022.0, 104.5], [1022.5, 105.0], [1023.0, 105.5], [1024.0, 105.5], [1024.5, 106.0], [1025.0, 106.5], [1026.0, 106.5], [1026.5, 107.0], [1027.0, 107.5], [1028.0, 107.5], [1028.5, 108.0], [1029.0, 108.5], [1030.0, 108.5], [1030.5, 109.0], [1031.0, 109.5], [1032.0, 109.5], [1032.5, 110.0], [1033.0, 110.5], [1034.0, 110.5], [1034.5, 111.0], [1035.0, 111.5], [1036.0, 111.5], [1036.5, 112.0], [1037.0, 112.5], [1038.0, 112.5], [1038.5, 113.0], [1039.0, 113.5], [1040.0, 113.5], [1040.5, 114.0], [1041.0, 114.5], [1041.5, 115.0], [1042.0, 115.5], [1042.5, 116.0], [1043.0, 116.5], [1043.5, 117.0], [1044.0, 117.5], [1045.0, 117.5], [1045.5, 118.0], [1046.0, 118.5], [1046.5, 119.0], [1047.0, 119.5], [1048.0, 119.5], [1049.0, 119.5], [1049.5, 120.0], [1050.0, 120.5], [1051.0, 120.5], [1051.5, 121.0], [1052.0, 121.5], [1052.5, 122.0], [1052.5, 123.0], [1053.0, 123.5], [1053.5, 124.0], [1053.5, 125.0], [1053.5, 126.0], [1053.5, 127.0], [1053.5, 128.0], [1054.0, 128.5], [1054.5, 129.0], [1054.5, 130.0], [1054.5, 131.0], [1055.0, 131.5], [1055.5, 132.0], [1055.5, 133.0], [1056.0, 133.5], [1056.5, 134.0], [1057.0, 134.5], [1057.5, 135.0], [1058.0, 135.5], [1058.5, 136.0], [1058.5, 137.0], [1059.0, 137.5], [1059.5, 138.0], [1060.0, 138.5], [1060.5, 139.0], [1060.5, 140.0], [1061.0, 140.5], [1061.5, 141.0], [1061.5, 142.0], [1061.5, 143.0], [1062.0, 143.5], [1062.5, 144.0], [1062.5, 145.0], [1062.5, 146.0], [1063.0, 146.5], [1063.5, 147.0], [1063.5, 148.0], [1063.5, 149.0], [1064.0, 149.5], [1064.5, 150.0], [1064.5, 151.0], [1064.5, 152.0], [1064.5, 153.0], [1065.0, 153.5], [1065.5, 154.0], [1065.5, 155.0], [1065.5, 156.0], [1065.5, 157.0], [1065.5, 158.0], [1065.5, 159.0], [1065.5, 160.0], [1065.5, 161.0], [1065.5, 162.0], [1065.5, 163.0], [1065.5, 164.0], [1065.5, 165.0], [1065.5, 166.0], [1065.0, 166.5], [1064.5, 167.0], [1064.5, 168.0], [1064.5, 169.0], [1064.0, 169.5], [1063.5, 170.0], [1063.5, 171.0], [1063.0, 171.5], [1062.5, 172.0], [1062.5, 173.0], [1062.5, 174.0], [1062.0, 174.5], [1061.5, 175.0], [1061.5, 176.0], [1061.0, 176.5], [1060.5, 177.0], [1060.5, 178.0], [1060.0, 178.5], [1059.5, 179.0], [1059.5, 180.0], [1059.0, 180.5], [1058.5, 181.0], [1058.0, 181.5], [1057.5, 182.0], [1057.0, 182.5], [1056.0, 182.5], [1055.5, 183.0], [1055.0, 183.5], [1054.0, 183.5], [1053.5, 184.0], [1053.0, 184.5], [1052.0, 184.5], [1051.5, 185.0], [1051.0, 185.5], [1050.0, 185.5], [1049.0, 185.5], [1048.5, 186.0], [1048.0, 186.5], [1047.0, 186.5], [1046.5, 187.0], [1046.0, 187.5], [1045.0, 187.5], [1044.0, 187.5], [1043.5, 188.0], [1043.0, 188.5]]]}}, {"type": "Feature", "properties": {"label": 2, "area_px": 20212}, "geometry": {"type": "Polygon", "coordinates": [[[680.0, 284.5], [679.0, 284.5], [678.0, 284.5], [677.0, 284.5], [676.0, 284.5], [675.0, 284.5], [674.0, 284.5], [673.0, 284.5], [672.0, 284.5], [671.0, 284.5], [670.0, 284.5], [669.0, 284.5], [668.0, 284.5], [667.5, 284.0], [667.0, 283.5], [666.0, 283.5], [665.0, 283.5], [664.0, 283.5], [663.5, 283.0], [663.0, 282.5], [662.0, 282.5], [661.0, 282.5], [660.5, 282.0], [660.0, 281.5], [659.0, 281.5], [658.5, 281.0], [658.0, 280.5], [657.0, 280.5], [656.5, 280.0], [656.0, 279.5], [655.0, 279.5], [654.5, 279.0], [654.0, 278.5], [653.5, 278.0], [653.0, 277.5], [652.5, 277.0], [652.0, 276.5], [651.0, 276.5], [650.5, 276.0], [650.0, 275.5], [649.5, 275.0], [649.0, 274.5], [648.0, 274.5], [647.5, 274.0], [647.0, 273.5], [646.5, 273.0], [646.0, 272.5], [645.5, 272.0], [645.0, 271.5], [644.5, 271.0], [644.0, 270.5], [643.5, 270.0], [643.0, 269.5], [642.0, 269.5], [641.5, 269.0], [641.0, 268.5], [640.5, 268.0], [640.0, 267.5], [639.5, 267.0], [639.0, 266.5], [638.5, 266.0], [638.5, 265.0], [638.0, 264.5], [637.5, 264.0], [637.0, 263.5], [636.5, 263.0], [636.0, 262.5], [635.5, 262.0], [635.5, 261.0], [635.0, 260.5], [634.5, 260.0], [634.0, 259.5], [633.5, 259.0], [633.5, 258.0], [633.0, 257.5], [632.5, 257.0], [632.0, 256.5], [631.5, 256.0], [631.0, 255.5], [630.5, 255.0], [630.0, 254.5], [629.5, 254.0], [629.0, 253.5], [628.5, 253.0], [628.0, 252.5], [627.5, 252.0], [627.0, 251.5], [626.5, 251.0], [626.0, 250.5], [625.5, 250.0], [625.5, 249.0], [625.0, 248.5], [624.5, 248.0], [624.5, 247.0], [624.0, 246.5], [623.5, 246.0], [623.5, 245.0], [623.0, 244.5], [622.5, 244.0], [622.5, 243.0], [622.0, 242.5], [621.5, 242.0], [621.5, 241.0], [621.5, 240.0], [621.0, 239.5], [620.5, 239.0], [620.5, 238.0], [620.0, 237.5], [619.5, 237.0], [619.0, 236.5], [618.5, 236.0], [618.5, 235.0], [618.0, 234.5], [617.5, 234.0], [617.5, 233.0], [617.5, 232.0], [617.0, 231.5], [616.5, 231.0], [616.5, 230.0], [616.0, 229.5], [615.5, 229.0], [615.5, 228.0], [615.5, 227.0], [615.0, 226.5], [614.5, 226.0], [614.5, 225.0], [614.5, 224.0], [614.0, 223.5], [613.5, 223.0], [613.5, 222.0], [613.5, 221.0], [613.5, 220.0], [614.0, 219.5], [614.5, 219.0], [614.5, 218.0], [614.5, 217.0], [614.5, 216.0], [614.5, 215.0], [614.5, 214.0], [614.5, 213.0], [614.5, 212.0], [614.5, 211.0], [614.5, 210.0], [614.0, 209.5], [613.5, 209.0], [613.5, 208.0], [613.5, 207.0], [613.5, 206.0], [613.5, 205.0], [613.5, 204.0], [614.0, 203.5], [614.5, 203.0], [614.5, 202.0], [614.5, 201.0], [614.5, 200.0], [614.5, 199.0], [615.0, 198.5], [615.5, 198.0], [615.5, 197.0], [615.5, 196.0], [615.5, 195.0], [615.5, 194.0], [615.5, 193.0], [615.5, 192.0], [615.5, 191.0], [615.5, 190.0], [615.5, 189.0], [615.5, 188.0], [615.5, 187.0], [615.5, 186.0], [615.5, 185.0], [615.5, 184.0], [615.0, 183.5], [614.5, 183.0], [614.5, 182.0], [614.5, 181.0], [614.0, 180.5], [613.5, 180.0], [613.0, 179.5], [612.5, 179.0], [612.0, 178.5], [611.5, 178.0], [611.5, 177.0], [611.5, 176.0], [611.5, 175.0], [611.5, 174.0], [611.5, 173.0], [612.0, 172.5], [612.5, 172.0], [612.5, 171.0], [612.5, 170.0], [612.5, 169.0], [612.0, 168.5], [611.5, 168.0], [611.5, 167.0], [611.5, 166.0], [611.0, 165.5], [610.5, 165.0], [610.0, 164.5], [609.5, 164.0], [609.0, 163.5], [608.5, 163.0], [608.5, 162.0], [608.0, 161.5], [607.5, 161.0], [607.5, 160.0], [607.5, 159.0], [607.5, 158.0], [607.5, 157.0], [607.5, 156.0], [607.0, 155.5], [606.5, 155.0], [606.5, 154.0], [606.5, 153.0], [606.0, 152.5], [605.5, 152.0], [605.5, 151.0], [605.5, 150.0], [605.0, 149.5], [604.5, 149.0], [604.5, 148.0], [604.0, 147.5], [603.5, 147.0], [603.5, 146.0], [603.0, 145.5], [602.5, 145.0], [602.5, 144.0], [602.0, 143.5], [601.5, 143.0], [601.5, 142.0], [601.5, 141.0], [601.5, 140.0], [601.5, 139.0], [601.5, 138.0], [601.5, 137.0], [601.5, 136.0], [601.5, 135.0], [601.0, 134.5], [600.5, 134.0], [600.5, 133.0], [600.5, 132.0], [600.0, 131.5], [599.5, 131.0], [599.5, 130.0], [599.0, 129.5], [598.5, 129.0], [598.5, 128.0], [598.0, 127.5], [597.5, 127.0], [597.5, 126.0], [597.0, 125.5], [596.5, 125.0], [596.5, 124.0], [596.0, 123.5], [595.5, 123.0], [595.0, 122.5], [594.5, 122.0], [594.5, 121.0], [594.0, 120.5], [593.5, 120.0], [593.5, 119.0], [593.0, 118.5], [592.5, 118.0], [592.5, 117.0], [592.0, 116.5], [591.5, 116.0], [591.5, 115.0], [591.5, 114.0], [591.0, 113.5], [590.5, 113.0], [590.5, 112.0], [590.5, 111.0], [590.5, 110.0], [590.5, 109.0], [590.0, 108.5], [589.5, 108.0], [589.5, 107.0], [589.5, 106.0], [589.5, 105.0], [589.0, 104.5], [588.5, 104.0], [588.5, 103.0], [588.5, 102.0], [588.5, 101.0], [588.0, 100.5], [587.5, 100.0], [587.5, 99.0], [587.5, 98.0], [587.5, 97.0], [587.5, 96.0], [587.5, 95.0], [587.5, 94.0], [587.5, 93.0], [588.0, 92.5], [588.5, 92.0], [589.0, 91.5], [589.5, 91.0], [589.5, 90.0], [590.0, 89.5], [591.0, 89.5], [591.5, 89.0], [592.0, 88.5], [592.5, 88.0], [593.0, 87.5], [594.0, 87.5], [595.0, 87.5], [595.5, 87.0], [596.0, 86.5], [597.0, 86.5], [597.5, 86.0], [598.0, 85.5], [599.0, 85.5], [599.5, 85.0], [600.0, 84.5], [601.0, 84.5], [601.5, 84.0], [602.0, 83.5], [603.0, 83.5], [604.0, 83.5], [605.0, 83.5], [606.0, 83.5], [607.0, 83.5], [608.0, 83.5], [609.0, 83.5], [610.0, 83.5], [611.0, 83.5], [612.0, 83.5], [613.0, 83.5], [614.0, 83.5], [615.0, 83.5], [616.0, 83.5], [616.5, 84.0], [617.0, 84.5], [618.0, 84.5], [619.0, 84.5], [620.0, 84.5], [621.0, 84.5], [622.0, 84.5], [623.0, 84.5], [624.0, 84.5], [625.0, 84.5], [626.0, 84.5], [627.0, 84.5], [628.0, 84.5], [628.5, 85.0], [629.0, 85.5], [630.0, 85.5], [631.0, 85.5], [632.0, 85.5], [633.0, 85.5], [633.5, 86.0], [634.0, 86.5], [635.0, 86.5], [635.5, 87.0], [636.0, 87.5], [637.0, 87.5], [638.0, 87.5], [638.5, 88.0], [639.0, 88.5], [640.0, 88.5], [641.0, 88.5], [642.0, 88.5], [643.0, 88.5], [643.5, 89.0], [644.0, 89.5], [645.0, 89.5], [646.0, 89.5], [646.5, 90.0], [647.0, 90.5], [648.0, 90.5], [649.0, 90.5], [649.5, 91.0], [650.0, 91.5], [650.5, 92.0], [651.0, 92.5], [652.0, 92.5], [652.5, 93.0], [653.0, 93.5], [653.5, 94.0], [654.0, 94.5], [654.5, 95.0], [654.5, 96.0], [655.0, 96.5], [655.5, 97.0], [655.5, 98.0], [656.0, 98.5], [656.5, 99.0], [656.5, 100.0], [656.5, 101.0], [656.5, 102.0], [656.5, 103.0], [656.5, 104.0], [656.0, 104.5], [655.5, 105.0], [656.0, 105.5], [656.5, 106.0], [656.5, 107.0], [656.5, 108.0], [657.0, 108.5], [657.5, 109.0], [658.0, 109.5], [659.0, 109.5], [660.0, 109.5], [660.5, 110.0], [661.0, 110.5], [662.0, 110.5], [663.0, 110.5], [664.0, 110.5], [664.5, 111.0], [665.0, 111.5], [666.0, 111.5], [667.0, 111.5], [667.5, 112.0], [668.0, 112.5], [668.5, 113.0], [669.0, 113.5], [670.0, 113.5], [670.5, 114.0], [671.0, 114.5], [671.5, 115.0], [672.0, 115.5], [672.5, 116.0], [673.0, 116.5], [673.5, 117.0], [674.0, 117.5], [674.5, 118.0], [675.0, 118.5], [676.0, 118.5], [676.5, 119.0], [677.0, 119.5], [677.5, 120.0], [678.0, 120.5], [679.0, 120.5], [679.5, 121.0], [680.0, 121.5], [680.5, 122.0], [681.0, 122.5], [682.0, 122.5], [682.5, 123.0], [683.0, 123.5], [683.5, 124.0], [684.0, 124.5], [684.5, 125.0], [685.0, 125.5], [686.0, 125.5], [686.5, 126.0], [687.0, 126.5], [687.5, 127.0], [688.0, 127.5], [689.0, 127.5], [689.5, 128.0], [690.0, 128.5], [691.0, 128.5], [691.5, 129.0], [692.0, 129.5], [692.5, 130.0], [693.0, 130.5], [693.5, 131.0], [694.0, 131.5], [695.0, 131.5], [695.5, 132.0], [696.0, 132.5], [696.5, 133.0], [697.0, 133.5], [697.5, 134.0], [698.0, 134.5], [699.0, 134.5], [699.5, 135.0], [700.0, 135.5], [700.5, 136.0], [701.0, 136.5], [702.0, 136.5], [702.5, 137.0], [703.0, 137.5], [704.0, 137.5], [705.0, 137.5], [705.5, 138.0], [706.0, 138.5], [707.0, 138.5], [707.5, 139.0], [708.0, 139.5], [708.5, 140.0], [709.0, 140.5], [710.0, 140.5], [710.5, 141.0], [711.0, 141.5], [712.0, 141.5], [712.5, 142.0], [713.0, 142.5], [713.5, 143.0], [714.0, 143.5], [715.0, 143.5], [715.5, 144.0], [716.0, 144.5], [716.5, 145.0], [717.0, 145.5], [718.0, 145.5], [718.5, 146.0], [719.0, 146.5], [719.5, 147.0], [720.0, 147.5], [720.5, 148.0], [721.0, 148.5], [722.0, 148.5], [722.5, 149.0], [723.0, 149.5], [723.5, 150.0], [724.0, 150.5], [724.5, 151.0], [725.0, 151.5], [725.5, 152.0], [726.0, 152.5], [726.5, 153.0], [727.0, 153.5], [727.5, 154.0], [728.0, 154.5], [728.5, 155.0], [728.5, 156.0], [729.0, 156.5], [729.5, 157.0], [730.0, 157.5], [730.5, 158.0], [731.0, 158.5], [731.5, 159.0], [731.5, 160.0], [732.0, 160.5], [732.5, 161.0], [733.0, 161.5], [733.5, 162.0], [734.0, 162.5], [734.5, 163.0], [735.0, 163.5], [735.5, 164.0], [736.0, 164.5], [736.5, 165.0], [737.0, 165.5], [737.5, 166.0], [738.0, 166.5], [738.5, 167.0], [738.5, 168.0], [739.0, 168.5], [739.5, 169.0], [740.0, 169.5], [740.5, 170.0], [740.5, 171.0], [741.0, 171.5], [741.5, 172.0], [741.5, 173.0], [742.0, 173.5], [742.5, 174.0], [742.5, 175.0], [743.0, 175.5], [743.5, 176.0], [743.5, 177.0], [743.5, 178.0], [743.5, 179.0], [744.0, 179.5], [744.5, 180.0], [744.5, 181.0], [744.5, 182.0], [744.5, 183.0], [744.5, 184.0], [744.5, 185.0], [744.5, 186.0], [744.5, 187.0], [744.5, 188.0], [744.5, 189.0], [745.0, 189.5], [745.5, 190.0], [745.5, 191.0], [745.5, 192.0], [745.5, 193.0], [745.5, 194.0], [745.5, 195.0], [745.5, 196.0], [745.5, 197.0], [745.5, 198.0], [745.0, 198.5], [744.5, 199.0], [744.5, 200.0], [744.5, 201.0], [744.5, 202.0], [744.5, 203.0], [744.5, 204.0], [744.5, 205.0], [744.5, 206.0], [744.5, 207.0], [744.5, 208.0], [744.0, 208.5], [743.5, 209.0], [743.5, 210.0], [743.5, 211.0], [743.0, 211.5], [742.5, 212.0], [742.5, 213.0], [742.5, 214.0], [742.0, 214.5], [741.5, 215.0], [741.5, 216.0], [741.5, 217.0], [741.5, 218.0], [741.5, 219.0], [741.5, 220.0], [741.5, 221.0], [742.0, 221.5], [742.5, 222.0], [742.5, 223.0], [742.5, 224.0], [742.5, 225.0], [742.5, 226.0], [742.0, 226.5], [741.5, 227.0], [741.5, 228.0], [741.5, 229.0], [741.0, 229.5], [740.5, 230.0], [740.5, 231.0], [740.0, 231.5], [739.5, 232.0], [739.0, 232.5], [738.5, 233.0], [738.5, 234.0], [738.0, 234.5], [737.5, 235.0], [737.0, 235.5], [736.5, 236.0], [736.5, 237.0], [736.0, 237.5], [735.5, 238.0], [735.5, 239.0], [735.5, 240.0], [735.0, 240.5], [734.5, 241.0], [734.0, 241.5], [733.5, 242.0], [733.5, 243.0], [733.0, 243.5], [732.5, 244.0], [732.0, 244.5], [731.5, 245.0], [731.5, 246.0], [731.0, 246.5], [730.5, 247.0], [730.0, 247.5], [729.0, 247.5], [728.5, 248.0], [728.0, 248.5], [727.5, 249.0], [727.0, 249.5], [726.5, 250.0], [726.0, 250.5], [725.5, 251.0], [725.0, 251.5], [724.5, 252.0], [724.0, 252.5], [723.5, 253.0], [723.0, 253.5], [722.5, 254.0], [722.0, 254.5], [721.5, 255.0], [721.5, 256.0], [721.0, 256.5], [720.5, 257.0], [720.0, 257.5], [719.5, 258.0], [719.5, 259.0], [719.0, 259.5], [718.5, 260.0], [718.5, 261.0], [718.0, 261.5], [717.5, 262.0], [717.0, 262.5], [716.5, 263.0], [716.5, 264.0], [716.0, 264.5], [715.5, 265.0], [715.0, 265.5], [714.5, 266.0], [714.0, 266.5], [713.5, 267.0], [713.0, 267.5], [712.5, 268.0], [712.0, 268.5], [711.5, 269.0], [711.0, 269.5], [710.0, 269.5], [709.5, 270.0], [709.0, 270.5], [708.5, 271.0], [708.0, 271.5], [707.0, 271.5], [706.5, 272.0], [706.0, 272.5], [705.5, 273.0], [705.0, 273.5], [704.0, 273.5], [703.5, 274.0], [703.0, 274.5], [702.5, 275.0], [702.0, 275.5], [701.5, 276.0], [701.0, 276.5], [700.0, 276.5], [699.5, 277.0], [699.0, 277.5], [698.5, 278.0], [698.0, 278.5], [697.0, 278.5], [696.5, 279.0], [696.0, 279.5], [695.0, 279.5], [694.5, 280.0], [694.0, 280.5], [693.0, 280.5], [692.0, 280.5], [691.5, 281.0], [691.0, 281.5], [690.0, 281.5], [689.0, 281.5], [688.5, 282.0], [688.0, 282.5], [687.0, 282.5], [686.0, 282.5], [685.5, 283.0], [685.0, 283.5], [684.0, 283.5], [683.0, 283.5], [682.0, 283.5], [681.0, 283.5], [680.5, 284.0], [680.0, 284.5]]]}}, {"type": "Feature", "properties": {"label": 3, "area_px": 20863}, "geometry": {"type": "Polygon", "coordinates": [[[598.0, 479.5], [597.0, 479.5], [596.0, 479.5], [595.0, 479.5], [594.0, 479.5], [593.0, 479.5], [592.0, 479.5], [591.0, 479.5], [590.0, 479.5], [589.0, 479.5], [588.0, 479.5], [587.0, 479.5], [586.5, 479.0], [586.0, 478.5], [585.0, 478.5], [584.0, 478.5], [583.5, 478.0], [583.0, 477.5], [582.0, 477.5], [581.5, 477.0], [581.0, 476.5], [580.0, 476.5], [579.5, 476.0], [579.0, 475.5], [578.5, 475.0], [578.0, 474.5], [577.5, 474.0], [577.0, 473.5], [576.5, 473.0], [576.0, 472.5], [575.5, 472.0], [575.0, 471.5], [574.5, 471.0], [574.0, 470.5], [573.5, 470.0], [573.5, 469.0], [573.0, 468.5], [572.5, 468.0], [572.0, 467.5], [571.5, 467.0], [571.0, 466.5], [570.5, 466.0], [570.5, 465.0], [570.0, 464.5], [569.5, 464.0], [569.5, 463.0], [569.0, 462.5], [568.5, 462.0], [568.5, 461.0], [568.5, 460.0], [568.5, 459.0], [568.5, 458.0], [568.5, 457.0], [569.0, 456.5], [569.5, 456.0], [569.5, 455.0], [569.5, 454.0], [569.5, 453.0], [569.5, 452.0], [569.5, 451.0], [569.5, 450.0], [570.0, 449.5], [570.5, 449.0], [570.5, 448.0], [570.5, 447.0], [570.5, 446.0], [570.0, 445.5], [569.5, 445.0], [569.5, 444.0], [569.5, 443.0], [569.0, 442.5], [568.5, 442.0], [568.5, 441.0], [568.0, 440.5], [567.5, 440.0], [567.0, 439.5], [566.5, 439.0], [566.0, 438.5], [565.0, 438.5], [564.5, 438.0], [564.0, 437.5], [563.5, 437.0], [563.0, 436.5], [562.0, 436.5], [561.0, 436.5], [560.5, 436.0], [560.0, 435.5], [559.0, 435.5], [558.0, 435.5], [557.0, 435.5], [556.0, 435.5], [555.0, 435.5], [554.5, 435.0], [554.0, 434.5], [553.0, 434.5], [552.0, 434.5], [551.0, 434.5], [550.0, 434.5], [549.5, 434.0], [549.0, 433.5], [548.0, 433.5], [547.0, 433.5], [546.5, 433.0], [546.0, 432.5], [545.0, 432.5], [544.5, 432.0], [544.0, 431.5], [543.0, 431.5], [542.5, 431.0], [542.0, 430.5], [541.0, 430.5], [540.5, 430.0], [540.0, 429.5], [539.0, 429.5], [538.5, 429.0], [538.0, 428.5], [537.5, 428.0], [537.0, 427.5], [536.0, 427.5], [535.5, 427.0], [535.0, 426.5], [534.5, 426.0], [534.0, 425.5], [533.0, 425.5], [532.5, 425.0], [532.0, 424.5], [531.5, 424.0], [531.0, 423.5], [530.0, 423.5], [529.5, 423.0], [529.0, 422.5], [528.0, 422.5], [527.5, 422.0], [527.0, 421.5], [526.5, 421.0], [526.0, 420.5], [525.0, 420.5], [524.5, 420.0], [524.5, 419.0], [524.0, 418.5], [523.5, 418.0], [523.0, 417.5], [522.5, 417.0], [522.5, 416.0], [522.0, 415.5], [521.5, 415.0], [521.5, 414.0], [521.5, 413.0], [521.0, 412.5], [520.5, 412.0], [520.5, 411.0], [520.0, 410.5], [519.5, 410.0], [519.5, 409.0], [519.5, 408.0], [519.0, 407.5], [518.5, 407.0], [518.5, 406.0], [518.0, 405.5], [517.5, 405.0], [517.5, 404.0], [517.5, 403.0], [517.5, 402.0], [517.0, 401.5], [516.5, 401.0], [516.5, 400.0], [516.5, 399.0], [516.0, 398.5], [515.5, 398.0], [515.5, 397.0], [515.5, 396.0], [515.0, 395.5], [514.5, 395.0], [514.5, 394.0], [514.5, 393.0], [514.0, 392.5], [513.5, 392.0], [513.5, 391.0], [513.0, 390.5], [512.5, 390.0], [512.5, 389.0], [512.5, 388.0], [512.0, 387.5], [511.5, 387.0], [511.5, 386.0], [511.5, 385.0], [511.0, 384.5], [510.5, 384.0], [510.5, 383.0], [510.5, 382.0], [510.5, 381.0], [510.5, 380.0], [510.5, 379.0], [511.0, 378.5], [511.5, 378.0], [511.5, 377.0], [511.5, 376.0], [511.0, 375.5], [510.5, 375.0], [510.5, 374.0], [510.5, 373.0], [510.0, 372.5], [509.5, 372.0], [509.0, 371.5], [508.0, 371.5], [507.0, 371.5], [506.5, 371.0], [506.0, 370.5], [505.5, 371.0], [505.0, 371.5], [504.0, 371.5], [503.0, 371.5], [502.0, 371.5], [501.0, 371.5], [500.5, 371.0], [500.0, 370.5], [499.0, 370.5], [498.0, 370.5], [497.5, 370.0], [497.0, 369.5], [496.0, 369.5], [495.0, 369.5], [494.5, 369.0], [494.0, 368.5], [493.0, 368.5], [492.0, 368.5], [491.5, 369.0], [491.0, 369.5], [490.0, 369.5], [489.0, 369.5], [488.0, 369.5], [487.0, 369.5], [486.5, 370.0], [486.0, 370.5], [485.0, 370.5], [484.0, 370.5], [483.0, 370.5], [482.5, 371.0], [482.0, 371.5], [481.0, 371.5], [480.0, 371.5], [479.0, 371.5], [478.0, 371.5], [477.0, 371.5], [476.0, 371.5], [475.0, 371.5], [474.5, 371.0], [474.0, 370.5], [473.0, 370.5], [472.0, 370.5], [471.0, 370.5], [470.5, 370.0], [470.0, 369.5], [469.0, 369.5], [468.0, 369.5], [467.5, 369.0], [467.0, 368.5], [466.0, 368.5], [465.5, 368.0], [465.0, 367.5], [464.5, 367.0], [464.0, 366.5], [463.5, 366.0], [463.0, 365.5], [462.0, 365.5], [461.5, 365.0], [461.0, 364.5], [460.5, 364.0], [460.0, 363.5], [459.0, 363.5], [458.5, 363.0], [458.0, 362.5], [457.0, 362.5], [456.5, 362.0], [456.0, 361.5], [455.0, 361.5], [454.0, 361.5], [453.5, 361.0], [453.0, 360.5], [452.0, 360.5], [451.5, 360.0], [451.0, 359.5], [450.0, 359.5], [449.0, 359.5], [448.5, 359.0], [448.0, 358.5], [447.0, 358.5], [446.5, 358.0], [446.0, 357.5], [445.0, 357.5], [444.5, 357.0], [444.0, 356.5], [443.0, 356.5], [442.5, 356.0], [442.0, 355.5], [441.0, 355.5], [440.5, 355.0], [440.0, 354.5], [439.5, 354.0], [439.0, 353.5], [438.0, 353.5], [437.5, 353.0], [437.0, 352.5], [436.5, 352.0], [436.0, 351.5], [435.5, 351.0], [435.0, 350.5], [434.5, 350.0], [434.0, 349.5], [433.0, 349.5], [432.5, 349.0], [432.0, 348.5], [431.5, 348.0], [431.0, 347.5], [430.5, 347.0], [430.0, 346.5], [429.5, 346.0], [429.0, 345.5], [428.5, 345.0], [428.0, 344.5], [427.5, 344.0], [427.5, 343.0], [427.0, 342.5], [426.5, 342.0], [426.0, 341.5], [425.5, 341.0], [425.0, 340.5], [424.5, 340.0], [424.5, 339.0], [424.0, 338.5], [423.5, 338.0], [423.5, 337.0], [423.5, 336.0], [423.0, 335.5], [422.5, 335.0], [422.5, 334.0], [422.5, 333.0], [422.5, 332.0], [422.0, 331.5], [421.5, 331.0], [421.5, 330.0], [421.5, 329.0], [421.0, 328.5], [420.5, 328.0], [420.5, 327.0], [420.0, 326.5], [419.5, 326.0], [419.0, 325.5], [418.5, 325.0], [418.5, 324.0], [418.0, 323.5], [417.5, 323.0], [417.0, 322.5], [416.5, 322.0], [416.5, 321.0], [416.0, 320.5], [415.5, 320.0], [415.5, 319.0], [415.0, 318.5], [414.5, 318.0], [414.5, 317.0], [414.0, 316.5], [413.5, 316.0], [413.5, 315.0], [413.0, 314.5], [412.5, 314.0], [412.5, 313.0], [412.0, 312.5], [411.5, 312.0], [411.5, 311.0], [411.5, 310.0], [411.5, 309.0], [411.0, 308.5], [410.5, 308.0], [410.5, 307.0], [410.5, 306.0], [410.5, 305.0], [410.5, 304.0], [410.0, 303.5], [409.5, 303.0], [409.5, 302.0], [409.5, 301.0], [409.5, 300.0], [409.5, 299.0], [409.0, 298.5], [408.5, 298.0], [408.5, 297.0], [408.5, 296.0], [408.0, 295.5], [407.5, 295.0], [407.5, 294.0], [407.5, 293.0], [407.0, 292.5], [406.5, 292.0], [406.5, 291.0], [406.0, 290.5], [405.5, 290.0], [405.5, 289.0], [405.5, 288.0], [405.5, 287.0], [405.5, 286.0], [405.5, 285.0], [405.5, 284.0], [405.5, 283.0], [405.5, 282.0], [405.5, 281.0], [405.5, 280.0], [406.0, 279.5], [406.5, 279.0], [406.5, 278.0], [406.5, 277.0], [407.0, 276.5], [407.5, 276.0], [407.5, 275.0], [408.0, 274.5], [408.5, 274.0], [408.5, 273.0], [408.5, 272.0], [409.0, 271.5], [409.5, 271.0], [409.5, 270.0], [410.0, 269.5], [410.5, 269.0], [411.0, 268.5], [411.5, 268.0], [411.5, 267.0], [412.0, 266.5], [412.5, 266.0], [413.0, 265.5], [413.5, 265.0], [414.0, 264.5], [414.5, 264.0], [415.0, 263.5], [415.5, 263.0], [415.5, 262.0], [416.0, 261.5], [416.5, 261.0], [417.0, 260.5], [417.5, 260.0], [417.5, 259.0], [418.0, 258.5], [418.5, 258.0], [419.0, 257.5], [419.5, 257.0], [420.0, 256.5], [420.5, 256.0], [421.0, 255.5], [421.5, 255.0], [422.0, 254.5], [422.5, 254.0], [423.0, 253.5], [423.5, 253.0], [424.0, 252.5], [424.5, 252.0], [425.0, 251.5], [426.0, 251.5], [426.5, 251.0], [427.0, 250.5], [428.0, 250.5], [428.5, 250.0], [429.0, 249.5], [430.0, 249.5], [430.5, 249.0], [431.0, 248.5], [432.0, 248.5], [433.0, 248.5], [434.0, 248.5], [435.0, 248.5], [435.5, 248.0], [436.0, 247.5], [437.0, 247.5], [438.0, 247.5], [439.0, 247.5], [440.0, 247.5], [441.0, 247.5], [442.0, 247.5], [443.0, 247.5], [443.5, 248.0], [444.0, 248.5], [445.0, 248.5], [445.5, 249.0], [446.0, 249.5], [447.0, 249.5], [447.5, 250.0], [448.0, 250.5], [448.5, 251.0], [449.0, 251.5], [450.0, 251.5], [450.5, 252.0], [451.0, 252.5], [452.0, 252.5], [453.0, 252.5], [453.5, 253.0], [454.0, 253.5], [455.0, 253.5], [456.0, 253.5], [457.0, 253.5], [458.0, 253.5], [459.0, 253.5], [460.0, 253.5], [461.0, 253.5], [461.5, 254.0], [462.0, 254.5], [462.5, 255.0], [463.0, 255.5], [463.5, 256.0], [464.0, 256.5], [464.5, 257.0], [464.5, 258.0], [465.0, 258.5], [465.5, 259.0], [466.0, 259.5], [466.5, 260.0], [467.0, 260.5], [467.5, 261.0], [468.0, 261.5], [468.5, 262.0], [469.0, 262.5], [470.0, 262.5], [471.0, 262.5], [471.5, 263.0], [472.0, 263.5], [473.0, 263.5], [474.0, 263.5], [474.5, 264.0], [475.0, 264.5], [475.5, 265.0], [476.0, 265.5], [476.5, 266.0], [476.5, 267.0], [477.0, 267.5], [477.5, 268.0], [478.0, 268.5], [478.5, 269.0], [479.0, 269.5], [480.0, 269.5], [481.0, 269.5], [481.5, 270.0], [482.0, 270.5], [483.0, 270.5], [484.0, 270.5], [485.0, 270.5], [486.0, 270.5], [486.5, 271.0], [487.0, 271.5], [488.0, 271.5], [488.5, 272.0], [489.0, 272.5], [489.5, 273.0], [490.0, 273.5], [491.0, 273.5], [491.5, 274.0], [492.0, 274.5], [492.5, 275.0], [493.0, 275.5], [493.5, 276.0], [494.0, 276.5], [495.0, 276.5], [495.5, 277.0], [496.0, 277.5], [497.0, 277.5], [498.0, 277.5], [498.5, 278.0], [499.0, 278.5], [500.0, 278.5], [501.0, 278.5], [501.5, 279.0], [502.0, 279.5], [503.0, 279.5], [504.0, 279.5], [504.5, 280.0], [505.0, 280.5], [505.5, 280.0], [506.0, 279.5], [507.0, 279.5], [508.0, 279.5], [508.5, 279.0], [509.0, 278.5], [509.5, 278.0], [510.0, 277.5], [510.5, 277.0], [511.0, 276.5], [511.5, 276.0], [512.0, 275.5], [512.5, 275.0], [513.0, 274.5], [513.5, 274.0], [514.0, 273.5], [514.5, 273.0], [515.0, 272.5], [515.5, 272.0], [516.0, 271.5], [516.5, 271.0], [517.0, 270.5], [517.5, 270.0], [517.5, 269.0], [517.5, 268.0], [518.0, 267.5], [518.5, 267.0], [518.5, 266.0], [518.5, 265.0], [519.0, 264.5], [519.5, 264.0], [519.5, 263.0], [519.5, 262.0], [520.0, 261.5], [520.5, 261.0], [521.0, 260.5], [521.5, 260.0], [521.5, 259.0], [522.0, 258.5], [522.5, 258.0], [523.0, 257.5], [523.5, 257.0], [524.0, 256.5], [524.5, 256.0], [525.0, 255.5], [525.5, 255.0], [526.0, 254.5], [526.5, 254.0], [527.0, 253.5], [527.5, 253.0], [528.0, 252.5], [528.5, 252.0], [529.0, 251.5], [530.0, 251.5], [530.5, 251.0], [531.0, 250.5], [532.0, 250.5], [532.5, 250.0], [533.0, 249.5], [534.0, 249.5], [535.0, 249.5], [535.5, 250.0], [536.0, 250.5], [537.0, 250.5], [537.5, 251.0], [538.0, 251.5], [539.0, 251.5], [539.5, 252.0], [540.0, 252.5], [540.5, 253.0], [541.0, 253.5], [541.5, 254.0], [542.0, 254.5], [542.5, 255.0], [543.0, 255.5], [543.5, 256.0], [544.0, 256.5], [544.5, 257.0], [545.0, 257.5], [545.5, 258.0], [545.5, 259.0], [546.0, 259.5], [546.5, 260.0], [546.5, 261.0], [546.5, 262.0], [546.5, 263.0], [546.0, 263.5], [545.5, 264.0], [545.5, 265.0], [545.0, 265.5], [544.5, 266.0], [544.0, 266.5], [543.5, 267.0], [543.0, 267.5], [542.0, 267.5], [541.5, 268.0], [541.0, 268.5], [540.0, 268.5], [539.0, 268.5], [538.0, 268.5], [537.0, 268.5], [536.0, 268.5], [535.0, 268.5], [534.0, 268.5], [533.5, 269.0], [533.0, 269.5], [532.0, 269.5], [531.0, 269.5], [530.5, 270.0], [530.0, 270.5], [529.5, 271.0], [529.5, 272.0], [529.5, 273.0], [529.0, 273.5], [528.5, 274.0], [528.5, 275.0], [529.0, 275.5], [529.5, 276.0], [529.5, 277.0], [529.5, 278.0], [530.0, 278.5], [530.5, 279.0], [531.0, 279.5], [531.5, 280.0], [532.0, 280.5], [532.5, 281.0], [533.0, 281.5], [533.5, 282.0], [534.0, 282.5], [534.5, 283.0], [534.5, 284.0], [534.0, 284.5], [533.5, 285.0], [533.0, 285.5], [532.0, 285.5], [531.0, 285.5], [530.0, 285.5], [529.5, 286.0], [529.0, 286.5], [528.0, 286.5], [527.0, 286.5], [526.0, 286.5], [525.0, 286.5], [524.0, 286.5], [523.0, 286.5], [522.0, 286.5], [521.0, 286.5], [520.0, 286.5], [519.0, 286.5], [518.0, 286.5], [517.0, 286.5], [516.0, 286.5], [515.5, 287.0], [515.0, 287.5], [514.0, 287.5], [513.0, 287.5], [512.5, 288.0], [512.0, 288.5], [511.5, 289.0], [511.5, 290.0], [511.5, 291.0], [511.0, 291.5], [510.5, 292.0], [510.5, 293.0], [510.5, 294.0], [510.5, 295.0], [510.5, 296.0], [511.0, 296.5], [511.5, 297.0], [511.5, 298.0], [511.5, 299.0], [512.0, 299.5], [512.5, 300.0], [513.0, 300.5], [514.0, 300.5], [515.0, 300.5], [515.5, 301.0], [516.0, 301.5], [517.0, 301.5], [518.0, 301.5], [519.0, 301.5], [519.5, 302.0], [520.0, 302.5], [521.0, 302.5], [521.5, 303.0], [522.0, 303.5], [522.5, 304.0], [523.0, 304.5], [523.5, 305.0], [523.5, 306.0], [523.5, 307.0], [523.5, 308.0], [523.5, 309.0], [523.5, 310.0], [523.5, 311.0], [523.0, 311.5], [522.5, 312.0], [522.5, 313.0], [522.5, 314.0], [522.5, 315.0], [522.0, 315.5], [521.5, 316.0], [521.5, 317.0], [521.5, 318.0], [522.0, 318.5], [522.5, 319.0], [522.5, 320.0], [522.5, 321.0], [522.5, 322.0], [522.5, 323.0], [522.5, 324.0], [523.0, 324.5], [523.5, 325.0], [523.5, 326.0], [523.5, 327.0], [524.0, 327.5], [524.5, 328.0], [524.5, 329.0], [524.5, 330.0], [525.0, 330.5], [525.5, 331.0], [526.0, 331.5], [526.5, 332.0], [526.5, 333.0], [527.0, 333.5], [527.5, 334.0], [527.5, 335.0], [528.0, 335.5], [528.5, 336.0], [528.5, 337.0], [529.0, 337.5], [529.5, 338.0], [529.5, 339.0], [530.0, 339.5], [530.5, 340.0], [530.5, 341.0], [531.0, 341.5], [531.5, 342.0], [532.0, 342.5], [532.5, 343.0], [533.0, 343.5], [533.5, 344.0], [534.0, 344.5], [535.0, 344.5], [536.0, 344.5], [536.5, 345.0], [537.0, 345.5], [538.0, 345.5], [539.0, 345.5], [540.0, 345.5], [541.0, 345.5], [542.0, 345.5], [542.5, 345.0], [543.0, 344.5], [544.0, 344.5], [545.0, 344.5], [545.5, 344.0], [546.0, 343.5], [547.0, 343.5], [548.0, 343.5], [549.0, 343.5], [549.5, 343.0], [550.0, 342.5], [551.0, 342.5], [552.0, 342.5], [553.0, 342.5], [554.0, 342.5], [555.0, 342.5], [556.0, 342.5], [556.5, 343.0], [557.0, 343.5], [558.0, 343.5], [558.5, 344.0], [559.0, 344.5], [560.0, 344.5], [560.5, 345.0], [561.0, 345.5], [561.5, 346.0], [562.0, 346.5], [563.0, 346.5], [563.5, 347.0], [564.0, 347.5], [565.0, 347.5], [565.5, 348.0], [566.0, 348.5], [567.0, 348.5], [568.0, 348.5], [568.5, 349.0], [569.0, 349.5], [570.0, 349.5], [571.0, 349.5], [572.0, 349.5], [573.0, 349.5], [574.0, 349.5], [575.0, 349.5], [576.0, 349.5], [577.0, 349.5], [577.5, 350.0], [578.0, 350.5], [578.5, 351.0], [579.0, 351.5], [580.0, 351.5], [580.5, 352.0], [580.5, 353.0], [581.0, 353.5], [581.5, 354.0], [582.0, 354.5], [582.5, 355.0], [582.5, 356.0], [583.0, 356.5], [583.5, 357.0], [583.5, 358.0], [584.0, 358.5], [584.5, 359.0], [585.0, 359.5], [585.5, 360.0], [586.0, 360.5], [586.5, 361.0], [587.0, 361.5], [587.5, 362.0], [588.0, 362.5], [588.5, 363.0], [588.5, 364.0], [589.0, 364.5], [589.5, 365.0], [589.5, 366.0], [590.0, 366.5], [590.5, 367.0], [590.5, 368.0], [591.0, 368.5], [591.5, 369.0], [591.5, 370.0], [592.0, 370.5], [592.5, 371.0], [592.5, 372.0], [592.5, 373.0], [593.0, 373.5], [593.5, 374.0], [593.5, 375.0], [593.5, 376.0], [594.0, 376.5], [594.5, 377.0], [594.5, 378.0], [595.0, 378.5], [595.5, 379.0], [595.5, 380.0], [596.0, 380.5], [596.5, 381.0], [597.0, 381.5], [598.0, 381.5], [598.5, 382.0], [599.0, 382.5], [600.0, 382.5], [600.5, 383.0], [601.0, 383.5], [602.0, 383.5], [602.5, 384.0], [603.0, 384.5], [603.5, 385.0], [604.0, 385.5], [604.5, 386.0], [604.5, 387.0], [605.0, 387.5], [605.5, 388.0], [606.0, 388.5], [606.5, 389.0], [606.5, 390.0], [607.0, 390.5], [607.5, 391.0], [608.0, 391.5], [608.5, 392.0], [608.5, 393.0], [609.0, 393.5], [609.5, 394.0], [609.5, 395.0], [610.0, 395.5], [610.5, 396.0], [610.5, 397.0], [611.0, 397.5], [611.5, 398.0], [611.5, 399.0], [612.0, 399.5], [612.5, 400.0], [612.5, 401.0], [612.5, 402.0], [612.5, 403.0], [613.0, 403.5], [613.5, 404.0], [613.5, 405.0], [613.5, 406.0], [613.5, 407.0], [613.5, 408.0], [614.0, 408.5], [614.5, 409.0], [614.5, 410.0], [614.5, 411.0], [615.0, 411.5], [615.5, 412.0], [615.5, 413.0], [616.0, 413.5], [616.5, 414.0], [616.5, 415.0], [617.0, 415.5], [617.5, 416.0], [618.0, 416.5], [618.5, 417.0], [618.5, 418.0], [619.0, 418.5], [619.5, 419.0], [619.5, 420.0], [619.5, 421.0], [620.0, 421.5], [620.5, 422.0], [620.5, 423.0], [620.5, 424.0], [620.5, 425.0], [620.5, 426.0], [620.5, 427.0], [620.5, 428.0], [620.0, 428.5], [619.5, 429.0], [619.5, 430.0], [619.5, 431.0], [619.5, 432.0], [619.5, 433.0], [620.0, 433.5], [620.5, 434.0], [620.5, 435.0], [620.5, 436.0], [621.0, 436.5], [621.5, 437.0], [622.0, 437.5], [622.5, 438.0], [623.0, 438.5], [623.5, 439.0], [624.0, 439.5], [624.5, 440.0], [625.0, 440.5], [625.5, 441.0], [626.0, 441.5], [626.5, 442.0], [626.5, 443.0], [626.5, 444.0], [627.0, 444.5], [627.5, 445.0], [627.5, 446.0], [627.5, 447.0], [627.0, 447.5], [626.5, 448.0], [626.5, 449.0], [626.5, 450.0], [626.5, 451.0], [626.0, 451.5], [625.5, 452.0], [625.5, 453.0], [625.0, 453.5], [624.5, 454.0], [624.5, 455.0], [624.0, 455.5], [623.5, 456.0], [623.0, 456.5], [622.5, 457.0], [622.0, 457.5], [621.5, 458.0], [621.0, 458.5], [620.5, 459.0], [620.0, 459.5], [619.5, 460.0], [619.0, 460.5], [618.5, 461.0], [618.0, 461.5], [617.5, 462.0], [617.0, 462.5], [616.5, 463.0], [616.0, 463.5], [615.5, 464.0], [615.0, 464.5], [614.5, 465.0], [614.5, 466.0], [614.0, 466.5], [613.5, 467.0], [613.5, 468.0], [613.0, 468.5], [612.5, 469.0], [612.0, 469.5], [611.5, 470.0], [611.5, 471.0], [611.0, 471.5], [610.5, 472.0], [610.0, 472.5], [609.5, 473.0], [609.0, 473.5], [608.5, 474.0], [608.0, 474.5], [607.5, 475.0], [607.0, 475.5], [606.0, 475.5], [605.5, 476.0], [605.0, 476.5], [604.5, 477.0], [604.0, 477.5], [603.0, 477.5], [602.0, 477.5], [601.5, 478.0], [601.0, 478.5], [600.0, 478.5], [599.0, 478.5], [598.5, 479.0], [598.0, 479.5]]]}}, {"type": "Feature", "properties": {"label": 4, "area_px": 36492}, "geometry": {"type": "Polygon", "coordinates": [[[1246.0, 618.5], [1245.0, 618.5], [1244.0, 618.5], [1243.0, 618.5], [1242.0, 618.5], [1241.0, 618.5], [1240.0, 618.5], [1239.0, 618.5], [1238.0, 618.5], [1237.0, 618.5], [1236.0, 618.5], [1235.0, 618.5], [1234.0, 618.5], [1233.0, 618.5], [1232.0, 618.5], [1231.5, 618.0], [1231.0, 617.5], [1230.0, 617.5], [1229.0, 617.5], [1228.5, 617.0], [1228.0, 616.5], [1227.0, 616.5], [1226.5, 616.0], [1226.0, 615.5], [1225.0, 615.5], [1224.5, 615.0], [1224.0, 614.5], [1223.0, 614.5], [1222.0, 614.5], [1221.5, 614.0], [1221.0, 613.5], [1220.0, 613.5], [1219.5, 613.0], [1219.0, 612.5], [1218.0, 612.5], [1217.5, 612.0], [1217.0, 611.5], [1216.0, 611.5], [1215.5, 611.0], [1215.0, 610.5], [1214.5, 610.0], [1214.0, 609.5], [1213.5, 609.0], [1213.0, 608.5], [1212.5, 608.0], [1212.0, 607.5], [1211.5, 607.0], [1211.0, 606.5], [1210.5, 606.0], [1210.0, 605.5], [1209.5, 605.0], [1209.0, 604.5], [1208.5, 604.0], [1208.0, 603.5], [1207.5, 603.0], [1207.0, 602.5], [1206.5, 602.0], [1206.5, 601.0], [1206.0, 600.5], [1205.5, 600.0], [1205.5, 599.0], [1205.0, 598.5], [1204.5, 598.0], [1204.5, 597.0], [1204.5, 596.0], [1204.0, 595.5], [1203.5, 595.0], [1203.5, 594.0], [1203.5, 593.0], [1203.0, 592.5], [1202.5, 592.0], [1202.5, 591.0], [1202.5, 590.0], [1202.0, 589.5], [1201.5, 589.0], [1201.5, 588.0], [1201.5, 587.0], [1201.0, 586.5], [1200.5, 586.0], [1200.5, 585.0], [1200.5, 584.0], [1200.0, 583.5], [1199.5, 583.0], [1199.5, 582.0], [1199.5, 581.0], [1199.5, 580.0], [1199.0, 579.5], [1198.5, 579.0], [1198.5, 578.0], [1198.5, 577.0], [1198.5, 576.0], [1198.0, 575.5], [1197.5, 575.0], [1197.5, 574.0], [1197.5, 573.0], [1197.5, 572.0], [1197.0, 571.5], [1196.5, 571.0], [1196.5, 570.0], [1196.5, 569.0], [1196.5, 568.0], [1196.0, 567.5], [1195.5, 567.0], [1195.5, 566.0], [1195.5, 565.0], [1195.5, 564.0], [1195.5, 563.0], [1195.0, 562.5], [1194.5, 562.0], [1194.5, 561.0], [1194.5, 560.0], [1194.5, 559.0], [1194.5, 558.0], [1194.0, 557.5], [1193.5, 557.0], [1193.5, 556.0], [1193.5, 555.0], [1193.5, 554.0], [1193.5, 553.0], [1193.5, 552.0], [1193.5, 551.0], [1193.5, 550.0], [1193.5, 549.0], [1193.5, 548.0], [1193.5, 547.0], [1193.5, 546.0], [1194.0, 545.5], [1194.5, 545.0], [1194.5, 544.0], [1194.5, 543.0], [1194.5, 542.0], [1194.5, 541.0], [1194.5, 540.0], [1194.5, 539.0], [1194.5, 538.0], [1194.5, 537.0], [1194.5, 536.0], [1194.5, 535.0], [1194.5, 534.0], [1194.5, 533.0], [1194.5, 532.0], [1194.5, 531.0], [1194.5, 530.0], [1194.5, 529.0], [1194.5, 528.0], [1194.5, 527.0], [1194.0, 526.5], [1193.5, 526.0], [1193.5, 525.0], [1193.5, 524.0], [1193.0, 523.5], [1192.5, 523.0], [1192.5, 522.0], [1192.5, 521.0], [1192.0, 520.5], [1191.5, 520.0], [1191.5, 519.0], [1191.5, 518.0], [1191.5, 517.0], [1191.5, 516.0], [1191.5, 515.0], [1191.5, 514.0], [1191.5, 513.0], [1192.0, 512.5], [1192.5, 512.0], [1192.5, 511.0], [1192.5, 510.0], [1192.5, 509.0], [1192.5, 508.0], [1193.0, 507.5], [1193.5, 507.0], [1193.5, 506.0], [1193.5, 505.0], [1194.0, 504.5], [1194.5, 504.0], [1194.5, 503.0], [1194.5, 502.0], [1195.0, 501.5], [1195.5, 501.0], [1195.5, 500.0], [1196.0, 499.5], [1196.5, 499.0], [1196.5, 498.0], [1196.5, 497.0], [1197.0, 496.5], [1197.5, 496.0], [1197.5, 495.0], [1197.5, 494.0], [1197.5, 493.0], [1197.5, 492.0], [1198.0, 491.5], [1198.5, 491.0], [1198.5, 490.0], [1198.5, 489.0], [1198.5, 488.0], [1198.5, 487.0], [1198.5, 486.0], [1199.0, 485.5], [1199.5, 485.0], [1199.5, 484.0], [1199.5, 483.0], [1199.5, 482.0], [1199.5, 481.0], [1199.5, 480.0], [1200.0, 479.5], [1200.5, 479.0], [1200.5, 478.0], [1200.5, 477.0], [1200.5, 476.0], [1200.5, 475.0], [1201.0, 474.5], [1201.5, 474.0], [1201.5, 473.0], [1202.0, 472.5], [1202.5, 472.0], [1202.5, 471.0], [1203.0, 470.5], [1203.5, 470.0], [1203.5, 469.0], [1204.0, 468.5], [1204.5, 468.0], [1205.0, 467.5], [1205.5, 467.0], [1205.5, 466.0], [1206.0, 465.5], [1206.5, 465.0], [1207.0, 464.5], [1207.5, 464.0], [1207.5, 463.0], [1208.0, 462.5], [1208.5, 462.0], [1209.0, 461.5], [1209.5, 461.0], [1209.5, 460.0], [1210.0, 459.5], [1210.5, 459.0], [1210.5, 458.0], [1211.0, 457.5], [1211.5, 457.0], [1211.5, 456.0], [1212.0, 455.5], [1212.5, 455.0], [1212.5, 454.0], [1212.5, 453.0], [1213.0, 452.5], [1213.5, 452.0], [1213.5, 451.0], [1213.5, 450.0], [1214.0, 449.5], [1214.5, 449.0], [1214.5, 448.0], [1214.5, 447.0], [1214.5, 446.0], [1214.5, 445.0], [1215.0, 444.5], [1215.5, 444.0], [1215.5, 443.0], [1215.5, 442.0], [1215.5, 441.0], [1216.0, 440.5], [1216.5, 440.0], [1216.5, 439.0], [1216.5, 438.0], [1216.5, 437.0], [1217.0, 436.5], [1217.5, 436.0], [1217.5, 435.0], [1217.5, 434.0], [1217.5, 433.0], [1218.0, 432.5], [1218.5, 432.0], [1218.5, 431.0], [1218.5, 430.0], [1219.0, 429.5], [1219.5, 429.0], [1219.5, 428.0], [1219.5, 427.0], [1219.5, 426.0], [1220.0, 425.5], [1220.5, 425.0], [1220.5, 424.0], [1220.5, 423.0], [1220.5, 422.0], [1221.0, 421.5], [1221.5, 421.0], [1221.5, 420.0], [1221.5, 419.0], [1222.0, 418.5], [1222.5, 418.0], [1222.5, 417.0], [1222.5, 416.0], [1223.0, 415.5], [1223.5, 415.0], [1223.5, 414.0], [1223.5, 413.0], [1224.0, 412.5], [1224.5, 412.0], [1224.5, 411.0], [1224.5, 410.0], [1225.0, 409.5], [1225.5, 409.0], [1225.5, 408.0], [1225.5, 407.0], [1226.0, 406.5], [1226.5, 406.0], [1226.5, 405.0], [1226.5, 404.0], [1226.5, 403.0], [1227.0, 402.5], [1227.5, 402.0], [1227.5, 401.0], [1227.5, 400.0], [1227.5, 399.0], [1228.0, 398.5], [1228.5, 398.0], [1228.5, 397.0], [1228.5, 396.0], [1228.0, 395.5], [1227.5, 395.0], [1227.5, 394.0], [1227.5, 393.0], [1227.0, 392.5], [1226.5, 392.0], [1226.0, 391.5], [1225.5, 391.0], [1225.0, 390.5], [1224.0, 390.5], [1223.5, 390.0], [1223.0, 389.5], [1222.0, 389.5], [1221.5, 389.0], [1221.0, 388.5], [1220.5, 388.0], [1220.0, 387.5], [1219.0, 387.5], [1218.5, 387.0], [1218.0, 386.5], [1217.5, 386.0], [1217.0, 385.5], [1216.5, 385.0], [1216.0, 384.5], [1215.5, 384.0], [1215.0, 383.5], [1214.0, 383.5], [1213.5, 383.0], [1213.0, 382.5], [1212.0, 382.5], [1211.0, 382.5], [1210.5, 382.0], [1210.0, 381.5], [1209.0, 381.5], [1208.0, 381.5], [1207.0, 381.5], [1206.0, 381.5], [1205.0, 381.5], [1204.0, 381.5], [1203.0, 381.5], [1202.0, 381.5], [1201.0, 381.5], [1200.0, 381.5], [1199.0, 381.5], [1198.0, 381.5], [1197.0, 381.5], [1196.5, 382.0], [1196.0, 382.5], [1195.0, 382.5], [1194.0, 382.5], [1193.0, 382.5], [1192.0, 382.5], [1191.0, 382.5], [1190.0, 382.5], [1189.5, 383.0], [1189.0, 383.5], [1188.0, 383.5], [1187.0, 383.5], [1186.0, 383.5], [1185.5, 383.0], [1185.0, 382.5], [1184.0, 382.5], [1183.0, 382.5], [1182.0, 382.5], [1181.5, 382.0], [1181.0, 381.5], [1180.0, 381.5], [1179.0, 381.5], [1178.5, 381.0], [1178.0, 380.5], [1177.0, 380.5], [1176.5, 380.0], [1176.0, 379.5], [1175.0, 379.5], [1174.5, 379.0], [1174.0, 378.5], [1173.0, 378.5], [1172.5, 378.0], [1172.0, 377.5], [1171.0, 377.5], [1170.5, 377.0], [1170.0, 376.5], [1169.0, 376.5], [1168.5, 376.0], [1168.0, 375.5], [1167.5, 375.0], [1167.0, 374.5], [1166.0, 374.5], [1165.5, 374.0], [1165.0, 373.5], [1164.5, 373.0], [1164.0, 372.5], [1163.5, 372.0], [1163.5, 371.0], [1163.0, 370.5], [1162.5, 370.0], [1162.0, 369.5], [1161.5, 369.0], [1161.5, 368.0], [1161.0, 367.5], [1160.5, 367.0], [1160.5, 366.0], [1160.5, 365.0], [1160.0, 364.5], [1159.5, 364.0], [1159.5, 363.0], [1159.5, 362.0], [1159.0, 361.5], [1158.5, 361.0], [1158.5, 360.0], [1158.5, 359.0], [1158.5, 358.0], [1158.0, 357.5], [1157.5, 357.0], [1157.5, 356.0], [1157.5, 355.0], [1157.5, 354.0], [1157.0, 353.5], [1156.5, 353.0], [1156.5, 352.0], [1156.5, 351.0], [1156.5, 350.0], [1156.5, 349.0], [1156.5, 348.0], [1156.5, 347.0], [1156.5, 346.0], [1156.5, 345.0], [1156.5, 344.0], [1156.5, 343.0], [1156.5, 342.0], [1157.0, 341.5], [1157.5, 341.0], [1157.5, 340.0], [1157.5, 339.0], [1158.0, 338.5], [1158.5, 338.0], [1158.5, 337.0], [1159.0, 336.5], [1159.5, 336.0], [1159.5, 335.0], [1160.0, 334.5], [1160.5, 334.0], [1160.5, 333.0], [1161.0, 332.5], [1161.5, 332.0], [1162.0, 331.5], [1162.5, 331.0], [1163.0, 330.5], [1163.5, 330.0], [1164.0, 329.5], [1165.0, 329.5], [1165.5, 329.0], [1166.0, 328.5], [1167.0, 328.5], [1167.5, 328.0], [1168.0, 327.5], [1169.0, 327.5], [1169.5, 327.0], [1170.0, 326.5], [1171.0, 326.5], [1171.5, 326.0], [1172.0, 325.5], [1173.0, 325.5], [1174.0, 325.5], [1174.5, 325.0], [1175.0, 324.5], [1176.0, 324.5], [1177.0, 324.5], [1178.0, 324.5], [1179.0, 324.5], [1180.0, 324.5], [1181.0, 324.5], [1182.0, 324.5], [1183.0, 324.5], [1184.0, 324.5], [1185.0, 324.5], [1186.0, 324.5], [1187.0, 324.5], [1187.5, 325.0], [1188.0, 325.5], [1189.0, 325.5], [1190.0, 325.5], [1191.0, 325.5], [1192.0, 325.5], [1193.0, 325.5], [1193.5, 326.0], [1194.0, 326.5], [1195.0, 326.5], [1195.5, 327.0], [1196.0, 327.5], [1197.0, 327.5], [1197.5, 328.0], [1198.0, 328.5], [1199.0, 328.5], [1200.0, 328.5], [1200.5, 329.0], [1201.0, 329.5], [1202.0, 329.5], [1203.0, 329.5], [1204.0, 329.5], [1205.0, 329.5], [1206.0, 329.5], [1207.0, 329.5], [1208.0, 329.5], [1209.0, 329.5], [1209.5, 329.0], [1210.0, 328.5], [1211.0, 328.5], [1212.0, 328.5], [1212.5, 328.0], [1213.0, 327.5], [1214.0, 327.5], [1215.0, 327.5], [1216.0, 327.5], [1217.0, 327.5], [1218.0, 327.5], [1219.0, 327.5], [1220.0, 327.5], [1221.0, 327.5], [1222.0, 327.5], [1223.0, 327.5], [1224.0, 327.5], [1224.5, 328.0], [1225.0, 328.5], [1226.0, 328.5], [1227.0, 328.5], [1228.0, 328.5], [1228.5, 329.0], [1229.0, 329.5], [1230.0, 329.5], [1230.5, 330.0], [1231.0, 330.5], [1232.0, 330.5], [1233.0, 330.5], [1233.5, 331.0], [1234.0, 331.5], [1235.0, 331.5], [1236.0, 331.5], [1237.0, 331.5], [1238.0, 331.5], [1238.5, 332.0], [1239.0, 332.5], [1240.0, 332.5], [1241.0, 332.5], [1241.5, 333.0], [1242.0, 333.5], [1243.0, 333.5], [1244.0, 333.5], [1244.5, 334.0], [1245.0, 334.5], [1246.0, 334.5], [1246.5, 335.0], [1247.0, 335.5], [1248.0, 335.5], [1249.0, 335.5], [1249.5, 336.0], [1250.0, 336.5], [1250.5, 337.0], [1251.0, 337.5], [1251.5, 338.0], [1252.0, 338.5], [1252.5, 339.0], [1253.0, 339.5], [1253.5, 340.0], [1253.5, 341.0], [1253.5, 342.0], [1254.0, 342.5], [1254.5, 343.0], [1254.5, 344.0], [1255.0, 344.5], [1255.5, 345.0], [1256.0, 345.5], [1257.0, 345.5], [1258.0, 345.5], [1258.5, 346.0], [1259.0, 346.5], [1259.5, 346.0], [1260.0, 345.5], [1261.0, 345.5], [1262.0, 345.5], [1262.5, 345.0], [1263.0, 344.5], [1263.5, 344.0], [1264.0, 343.5], [1265.0, 343.5], [1265.5, 343.0], [1266.0, 342.5], [1267.0, 342.5], [1268.0, 342.5], [1269.0, 342.5], [1270.0, 342.5], [1271.0, 342.5], [1272.0, 342.5], [1273.0, 342.5], [1273.5, 343.0], [1274.0, 343.5], [1275.0, 343.5], [1276.0, 343.5], [1276.5, 344.0], [1277.0, 344.5], [1278.0, 344.5], [1278.5, 345.0], [1279.0, 345.5], [1280.0, 345.5], [1280.5, 346.0], [1281.0, 346.5], [1282.0, 346.5], [1282.5, 347.0], [1283.0, 347.5], [1284.0, 347.5], [1284.5, 348.0], [1285.0, 348.5], [1286.0, 348.5], [1286.5, 349.0], [1287.0, 349.5], [1287.5, 350.0], [1288.0, 350.5], [1289.0, 350.5], [1289.5, 351.0], [1290.0, 351.5], [1290.5, 352.0], [1291.0, 352.5], [1292.0, 352.5], [1292.5, 353.0], [1293.0, 353.5], [1293.5, 354.0], [1294.0, 354.5], [1295.0, 354.5], [1295.5, 355.0], [1296.0, 355.5], [1296.5, 356.0], [1297.0, 356.5], [1298.0, 356.5], [1298.5, 357.0], [1299.0, 357.5], [1299.5, 358.0], [1300.0, 358.5], [1301.0, 358.5], [1301.5, 359.0], [1302.0, 359.5], [1303.0, 359.5], [1303.5, 360.0], [1304.0, 360.5], [1305.0, 360.5], [1305.5, 361.0], [1306.0, 361.5], [1306.5, 362.0], [1307.0, 362.5], [1308.0, 362.5], [1308.5, 363.0], [1309.0, 363.5], [1309.5, 364.0], [1310.0, 364.5], [1311.0, 364.5], [1311.5, 365.0], [1312.0, 365.5], [1312.5, 366.0], [1313.0, 366.5], [1313.5, 367.0], [1314.0, 367.5], [1314.5, 368.0], [1315.0, 368.5], [1315.5, 369.0], [1316.0, 369.5], [1317.0, 369.5], [1317.5, 370.0], [1318.0, 370.5], [1318.5, 371.0], [1319.0, 371.5], [1319.5, 372.0], [1320.0, 372.5], [1321.0, 372.5], [1321.5, 373.0], [1322.0, 373.5], [1323.0, 373.5], [1323.5, 374.0], [1324.0, 374.5], [1325.0, 374.5], [1326.0, 374.5], [1326.5, 375.0], [1327.0, 375.5], [1328.0, 375.5], [1328.5, 376.0], [1329.0, 376.5], [1330.0, 376.5], [1330.5, 377.0], [1331.0, 377.5], [1331.5, 378.0], [1332.0, 378.5], [1333.0, 378.5], [1333.5, 379.0], [1334.0, 379.5], [1334.5, 380.0], [1335.0, 380.5], [1335.5, 381.0], [1336.0, 381.5], [1336.5, 382.0], [1337.0, 382.5], [1337.5, 383.0], [1338.0, 383.5], [1338.5, 384.0], [1339.0, 384.5], [1339.5, 385.0], [1340.0, 385.5], [1340.5, 386.0], [1341.0, 386.5], [1341.5, 387.0], [1342.0, 387.5], [1342.5, 388.0], [1343.0, 388.5], [1343.5, 389.0], [1344.0, 389.5], [1344.5, 390.0], [1345.0, 390.5], [1345.5, 391.0], [1346.0, 391.5], [1346.5, 392.0], [1347.0, 392.5], [1347.5, 393.0], [1348.0, 393.5], [1348.5, 394.0], [1349.0, 394.5], [1349.5, 395.0], [1349.5, 396.0], [1350.0, 396.5], [1350.5, 397.0], [1351.0, 397.5], [1351.5, 398.0], [1351.5, 399.0], [1352.0, 399.5], [1352.5, 400.0], [1352.5, 401.0], [1352.5, 402.0], [1353.0, 402.5], [1353.5, 403.0], [1353.5, 404.0], [1354.0, 404.5], [1354.5, 405.0], [1354.5, 406.0], [1354.5, 407.0], [1355.0, 407.5], [1355.5, 408.0], [1355.5, 409.0], [1356.0, 409.5], [1356.5, 410.0], [1356.5, 411.0], [1356.5, 412.0], [1356.5, 413.0], [1357.0, 413.5], [1357.5, 414.0], [1357.5, 415.0], [1357.5, 416.0], [1357.5, 417.0], [1357.5, 418.0], [1357.5, 419.0], [1357.5, 420.0], [1357.5, 421.0], [1358.0, 421.5], [1358.5, 422.0], [1358.5, 423.0], [1358.5, 424.0], [1358.5, 425.0], [1358.5, 426.0], [1358.5, 427.0], [1358.0, 427.5], [1357.5, 428.0], [1357.5, 429.0], [1357.5, 430.0], [1358.0, 430.5], [1358.5, 431.0], [1358.5, 432.0], [1358.5, 433.0], [1358.5, 434.0], [1358.5, 435.0], [1359.0, 435.5], [1359.5, 436.0], [1359.5, 437.0], [1359.5, 438.0], [1360.0, 438.5], [1360.5, 439.0], [1360.5, 440.0], [1361.0, 440.5], [1361.5, 441.0], [1361.5, 442.0], [1362.0, 442.5], [1362.5, 443.0], [1362.5, 444.0], [1363.0, 444.5], [1363.5, 445.0], [1363.5, 446.0], [1364.0, 446.5], [1364.5, 447.0], [1364.5, 448.0], [1364.5, 449.0], [1365.0, 449.5], [1365.5, 450.0], [1365.5, 451.0], [1365.5, 452.0], [1365.5, 453.0], [1365.5, 454.0], [1365.5, 455.0], [1365.5, 456.0], [1365.0, 456.5], [1364.5, 457.0], [1364.5, 458.0], [1364.5, 459.0], [1364.5, 460.0], [1364.5, 461.0], [1364.5, 462.0], [1364.5, 463.0], [1364.0, 463.5], [1363.5, 464.0], [1363.5, 465.0], [1363.5, 466.0], [1363.5, 467.0], [1363.5, 468.0], [1363.5, 469.0], [1363.5, 470.0], [1363.5, 471.0], [1363.5, 472.0], [1363.5, 473.0], [1363.5, 474.0], [1363.5, 475.0], [1363.0, 475.5], [1362.5, 476.0], [1362.5, 477.0], [1362.5, 478.0], [1362.0, 478.5], [1361.5, 479.0], [1361.5, 480.0], [1361.0, 480.5], [1360.5, 481.0], [1360.0, 481.5], [1359.5, 482.0], [1359.5, 483.0], [1359.0, 483.5], [1358.5, 484.0], [1358.0, 484.5], [1357.5, 485.0], [1357.0, 485.5], [1356.5, 486.0], [1356.5, 487.0], [1356.0, 487.5], [1355.5, 488.0], [1355.0, 488.5], [1354.5, 489.0], [1354.5, 490.0], [1354.0, 490.5], [1353.5, 491.0], [1353.0, 491.5], [1352.5, 492.0], [1352.5, 493.0], [1352.0, 493.5], [1351.5, 494.0], [1351.5, 495.0], [1351.5, 496.0], [1351.0, 496.5], [1350.5, 497.0], [1350.5, 498.0], [1350.0, 498.5], [1349.5, 499.0], [1349.5, 500.0], [1349.0, 500.5], [1348.5, 501.0], [1348.5, 502.0], [1348.0, 502.5], [1347.5, 503.0], [1347.5, 504.0], [1347.0, 504.5], [1346.5, 505.0], [1346.0, 505.5], [1345.5, 506.0], [1345.5, 507.0], [1345.0, 507.5], [1344.5, 508.0], [1344.0, 508.5], [1343.5, 509.0], [1343.0, 509.5], [1342.5, 510.0], [1342.0, 510.5], [1341.5, 511.0], [1341.5, 512.0], [1341.0, 512.5], [1340.5, 513.0], [1340.0, 513.5], [1339.5, 514.0], [1339.5, 515.0], [1339.0, 515.5], [1338.5, 516.0], [1338.0, 516.5], [1337.5, 517.0], [1337.5, 518.0], [1337.0, 518.5], [1336.5, 519.0], [1336.5, 520.0], [1336.0, 520.5], [1335.5, 521.0], [1335.0, 521.5], [1334.5, 522.0], [1334.0, 522.5], [1333.5, 523.0], [1333.0, 523.5], [1332.5, 524.0], [1332.5, 525.0], [1332.0, 525.5], [1331.0, 525.5], [1330.5, 526.0], [1330.0, 526.5], [1329.5, 527.0], [1329.0, 527.5], [1328.5, 528.0], [1328.0, 528.5], [1327.5, 529.0], [1327.0, 529.5], [1326.5, 530.0], [1326.0, 530.5], [1325.5, 531.0], [1325.0, 531.5], [1324.5, 532.0], [1324.0, 532.5], [1323.5, 533.0], [1323.5, 534.0], [1323.0, 534.5], [1322.5, 535.0], [1322.0, 535.5], [1321.5, 536.0], [1321.5, 537.0], [1321.0, 537.5], [1320.5, 538.0], [1320.5, 539.0], [1320.0, 539.5], [1319.5, 540.0], [1319.0, 540.5], [1318.5, 541.0], [1318.5, 542.0], [1318.0, 542.5], [1317.5, 543.0], [1317.5, 544.0], [1317.0, 544.5], [1316.5, 545.0], [1316.0, 545.5], [1315.5, 546.0], [1315.5, 547.0], [1315.0, 547.5], [1314.5, 548.0], [1314.0, 548.5], [1313.5, 549.0], [1313.0, 549.5], [1312.5, 550.0], [1312.0, 550.5], [1311.5, 551.0], [1311.0, 551.5], [1310.5, 552.0], [1310.5, 553.0], [1310.0, 553.5], [1309.5, 554.0], [1309.0, 554.5], [1308.5, 555.0], [1308.0, 555.5], [1307.5, 556.0], [1307.5, 557.0], [1307.0, 557.5], [1306.5, 558.0], [1306.5, 559.0], [1306.0, 559.5], [1305.5, 560.0], [1305.5, 561.0], [1305.0, 561.5], [1304.5, 562.0], [1304.5, 563.0], [1304.0, 563.5], [1303.5, 564.0], [1303.5, 565.0], [1303.0, 565.5], [1302.5, 566.0], [1302.0, 566.5], [1301.5, 567.0], [1301.0, 567.5], [1300.5, 568.0], [1300.5, 569.0], [1300.0, 569.5], [1299.5, 570.0], [1299.0, 570.5], [1298.5, 571.0], [1298.0, 571.5], [1297.5, 572.0], [1297.0, 572.5], [1296.5, 573.0], [1296.5, 574.0], [1296.0, 574.5], [1295.5, 575.0], [1295.0, 575.5], [1294.5, 576.0], [1294.5, 577.0], [1294.0, 577.5], [1293.5, 578.0], [1293.0, 578.5], [1292.5, 579.0], [1292.0, 579.5], [1291.5, 580.0], [1291.5, 581.0], [1291.0, 581.5], [1290.5, 582.0], [1290.0, 582.5], [1289.5, 583.0], [1289.0, 583.5], [1288.5, 584.0], [1288.0, 584.5], [1287.5, 585.0], [1287.0, 585.5], [1286.5, 586.0], [1286.0, 586.5], [1285.5, 587.0], [1285.0, 587.5], [1284.5, 588.0], [1284.0, 588.5], [1283.5, 589.0], [1283.0, 589.5], [1282.5, 590.0], [1282.0, 590.5], [1281.5, 591.0], [1281.0, 591.5], [1280.5, 592.0], [1280.0, 592.5], [1279.5, 593.0], [1279.0, 593.5], [1278.5, 594.0], [1278.0, 594.5], [1277.5, 595.0], [1277.0, 595.5], [1276.5, 596.0], [1276.0, 596.5], [1275.5, 597.0], [1275.5, 598.0], [1275.0, 598.5], [1274.5, 599.0], [1274.0, 599.5], [1273.5, 600.0], [1273.0, 600.5], [1272.5, 601.0], [1272.5, 602.0], [1272.0, 602.5], [1271.5, 603.0], [1271.0, 603.5], [1270.5, 604.0], [1270.0, 604.5], [1269.5, 605.0], [1269.0, 605.5], [1268.5, 606.0], [1268.0, 606.5], [1267.5, 607.0], [1267.0, 607.5], [1266.5, 608.0], [1266.0, 608.5], [1265.5, 609.0], [1265.0, 609.5], [1264.0, 609.5], [1263.5, 610.0], [1263.0, 610.5], [1262.5, 611.0], [1262.0, 611.5], [1261.0, 611.5], [1260.5, 612.0], [1260.0, 612.5], [1259.5, 613.0], [1259.0, 613.5], [1258.0, 613.5], [1257.5, 614.0], [1257.0, 614.5], [1256.0, 614.5], [1255.5, 615.0], [1255.0, 615.5], [1254.0, 615.5], [1253.5, 616.0], [1253.0, 616.5], [1252.0, 616.5], [1251.0, 616.5], [1250.5, 617.0], [1250.0, 617.5], [1249.0, 617.5], [1248.0, 617.5], [1247.0, 617.5], [1246.5, 618.0], [1246.0, 618.5]]]}}, {"type": "Feature", "properties": {"label": 5, "area_px": 18285}, "geometry": {"type": "Polygon", "coordinates": [[[510.0, 618.5], [509.0, 618.5], [508.0, 618.5], [507.0, 618.5], [506.0, 618.5], [505.0, 618.5], [504.0, 618.5], [503.0, 618.5], [502.0, 618.5], [501.0, 618.5], [500.0, 618.5], [499.0, 618.5], [498.0, 618.5], [497.0, 618.5], [496.0, 618.5], [495.0, 618.5], [494.0, 618.5], [493.0, 618.5], [492.5, 618.0], [492.0, 617.5], [491.0, 617.5], [490.0, 617.5], [489.5, 617.0], [489.0, 616.5], [488.5, 616.0], [488.0, 615.5], [487.5, 615.0], [487.0, 614.5], [486.0, 614.5], [485.5, 614.0], [485.0, 613.5], [484.5, 613.0], [484.0, 612.5], [483.5, 612.0], [483.0, 611.5], [482.5, 611.0], [482.0, 610.5], [481.5, 610.0], [481.0, 609.5], [480.0, 609.5], [479.5, 609.0], [479.0, 608.5], [478.5, 608.0], [478.0, 607.5], [477.5, 607.0], [477.0, 606.5], [476.5, 606.0], [476.0, 605.5], [475.5, 605.0], [475.0, 604.5], [474.5, 604.0], [474.5, 603.0], [474.5, 602.0], [474.5, 601.0], [474.5, 600.0], [474.5, 599.0], [475.0, 598.5], [475.5, 598.0], [475.5, 597.0], [475.0, 596.5], [474.5, 596.0], [474.5, 595.0], [474.5, 594.0], [474.0, 593.5], [473.5, 593.0], [473.0, 592.5], [472.5, 592.0], [472.0, 591.5], [471.0, 591.5], [470.0, 591.5], [469.5, 591.0], [469.0, 590.5], [468.0, 590.5], [467.0, 590.5], [466.5, 590.0], [466.0, 589.5], [465.0, 589.5], [464.0, 589.5], [463.5, 589.0], [463.0, 588.5], [462.0, 588.5], [461.0, 588.5], [460.0, 588.5], [459.0, 588.5], [458.0, 588.5], [457.0, 588.5], [456.0, 588.5], [455.0, 588.5], [454.0, 588.5], [453.0, 588.5], [452.0, 588.5], [451.0, 588.5], [450.0, 588.5], [449.0, 588.5], [448.0, 588.5], [447.0, 588.5], [446.0, 588.5], [445.0, 588.5], [444.0, 588.5], [443.0, 588.5], [442.0, 588.5], [441.5, 589.0], [441.0, 589.5], [440.0, 589.5], [439.0, 589.5], [438.0, 589.5], [437.0, 589.5], [436.0, 589.5], [435.0, 589.5], [434.5, 590.0], [434.0, 590.5], [433.0, 590.5], [432.0, 590.5], [431.0, 590.5], [430.0, 590.5], [429.5, 590.0], [429.0, 589.5], [428.0, 589.5], [427.0, 589.5], [426.0, 589.5], [425.5, 589.0], [425.0, 588.5], [424.0, 588.5], [423.0, 588.5], [422.5, 588.0], [422.0, 587.5], [421.0, 587.5], [420.0, 587.5], [419.0, 587.5], [418.0, 587.5], [417.0, 587.5], [416.5, 587.0], [416.0, 586.5], [415.0, 586.5], [414.0, 586.5], [413.0, 586.5], [412.0, 586.5], [411.0, 586.5], [410.0, 586.5], [409.0, 586.5], [408.0, 586.5], [407.5, 586.0], [407.0, 585.5], [406.0, 585.5], [405.5, 585.0], [405.0, 584.5], [404.5, 584.0], [404.0, 583.5], [403.0, 583.5], [402.5, 583.0], [402.0, 582.5], [401.5, 582.0], [401.0, 581.5], [400.5, 581.0], [400.0, 580.5], [399.0, 580.5], [398.5, 580.0], [398.0, 579.5], [397.5, 579.0], [397.0, 578.5], [396.5, 578.0], [396.0, 577.5], [395.5, 577.0], [395.0, 576.5], [394.0, 576.5], [393.5, 576.0], [393.0, 575.5], [392.5, 575.0], [392.0, 574.5], [391.5, 574.0], [391.0, 573.5], [390.5, 573.0], [390.0, 572.5], [389.5, 572.0], [389.0, 571.5], [388.5, 571.0], [388.0, 570.5], [387.5, 570.0], [387.5, 569.0], [387.0, 568.5], [386.5, 568.0], [386.0, 567.5], [385.5, 567.0], [385.5, 566.0], [385.0, 565.5], [384.5, 565.0], [384.0, 564.5], [383.5, 564.0], [383.5, 563.0], [383.0, 562.5], [382.5, 562.0], [382.0, 561.5], [381.5, 561.0], [381.5, 560.0], [381.0, 559.5], [380.5, 559.0], [380.0, 558.5], [379.5, 558.0], [379.5, 557.0], [379.0, 556.5], [378.5, 556.0], [378.5, 555.0], [378.5, 554.0], [378.5, 553.0], [378.5, 552.0], [378.5, 551.0], [378.5, 550.0], [378.5, 549.0], [378.0, 548.5], [377.5, 548.0], [377.5, 547.0], [377.5, 546.0], [377.5, 545.0], [377.5, 544.0], [377.0, 543.5], [376.5, 543.0], [376.5, 542.0], [376.5, 541.0], [376.5, 540.0], [376.5, 539.0], [376.5, 538.0], [376.5, 537.0], [376.0, 536.5], [375.5, 536.0], [375.5, 535.0], [375.5, 534.0], [375.5, 533.0], [375.5, 532.0], [375.5, 531.0], [375.5, 530.0], [376.0, 529.5], [376.5, 529.0], [376.5, 528.0], [376.5, 527.0], [377.0, 526.5], [377.5, 526.0], [377.0, 525.5], [376.5, 525.0], [376.5, 524.0], [376.5, 523.0], [376.0, 522.5], [375.5, 522.0], [375.0, 521.5], [374.5, 521.0], [374.0, 520.5], [373.5, 520.0], [373.5, 519.0], [373.0, 518.5], [372.5, 518.0], [372.5, 517.0], [372.5, 516.0], [372.5, 515.0], [373.0, 514.5], [373.5, 514.0], [373.5, 513.0], [373.5, 512.0], [374.0, 511.5], [374.5, 511.0], [374.5, 510.0], [374.5, 509.0], [374.5, 508.0], [374.5, 507.0], [374.5, 506.0], [374.5, 505.0], [374.5, 504.0], [375.0, 503.5], [375.5, 503.0], [376.0, 502.5], [376.5, 503.0], [377.0, 503.5], [378.0, 503.5], [378.5, 504.0], [379.0, 504.5], [379.5, 505.0], [380.0, 505.5], [380.5, 506.0], [380.5, 507.0], [381.0, 507.5], [381.5, 508.0], [382.0, 508.5], [382.5, 509.0], [383.0, 509.5], [384.0, 509.5], [385.0, 509.5], [385.5, 510.0], [386.0, 510.5], [387.0, 510.5], [388.0, 510.5], [388.5, 510.0], [389.0, 509.5], [390.0, 509.5], [391.0, 509.5], [391.5, 509.0], [392.0, 508.5], [392.5, 508.0], [393.0, 507.5], [393.5, 507.0], [394.0, 506.5], [394.5, 506.0], [395.0, 505.5], [395.5, 505.0], [396.0, 504.5], [396.5, 504.0], [397.0, 503.5], [397.5, 503.0], [397.5, 502.0], [398.0, 501.5], [398.5, 501.0], [398.5, 500.0], [398.5, 499.0], [399.0, 498.5], [399.5, 498.0], [400.0, 497.5], [400.5, 497.0], [401.0, 496.5], [401.5, 496.0], [402.0, 495.5], [402.5, 495.0], [403.0, 494.5], [403.5, 494.0], [404.0, 493.5], [404.5, 493.0], [404.5, 492.0], [405.0, 491.5], [405.5, 491.0], [406.0, 490.5], [407.0, 490.5], [407.5, 490.0], [408.0, 489.5], [409.0, 489.5], [410.0, 489.5], [410.5, 489.0], [411.0, 488.5], [412.0, 488.5], [413.0, 488.5], [414.0, 488.5], [415.0, 488.5], [416.0, 488.5], [416.5, 489.0], [417.0, 489.5], [418.0, 489.5], [419.0, 489.5], [420.0, 489.5], [420.5, 490.0], [421.0, 490.5], [422.0, 490.5], [422.5, 491.0], [423.0, 491.5], [424.0, 491.5], [424.5, 492.0], [425.0, 492.5], [426.0, 492.5], [427.0, 492.5], [427.5, 493.0], [428.0, 493.5], [429.0, 493.5], [429.5, 494.0], [430.0, 494.5], [430.5, 495.0], [430.5, 496.0], [431.0, 496.5], [431.5, 497.0], [431.5, 498.0], [432.0, 498.5], [432.5, 499.0], [433.0, 499.5], [433.5, 500.0], [434.0, 500.5], [435.0, 500.5], [436.0, 500.5], [436.5, 501.0], [437.0, 501.5], [438.0, 501.5], [439.0, 501.5], [440.0, 501.5], [441.0, 501.5], [442.0, 501.5], [442.5, 502.0], [443.0, 502.5], [444.0, 502.5], [444.5, 503.0], [445.0, 503.5], [446.0, 503.5], [447.0, 503.5], [447.5, 504.0], [448.0, 504.5], [449.0, 504.5], [450.0, 504.5], [451.0, 504.5], [451.5, 505.0], [452.0, 505.5], [453.0, 505.5], [454.0, 505.5], [454.5, 506.0], [455.0, 506.5], [456.0, 506.5], [456.5, 506.0], [457.0, 505.5], [458.0, 505.5], [459.0, 505.5], [459.5, 505.0], [460.0, 504.5], [461.0, 504.5], [461.5, 504.0], [462.0, 503.5], [463.0, 503.5], [464.0, 503.5], [465.0, 503.5], [466.0, 503.5], [466.5, 504.0], [467.0, 504.5], [468.0, 504.5], [469.0, 504.5], [469.5, 505.0], [470.0, 505.5], [471.0, 505.5], [471.5, 506.0], [472.0, 506.5], [473.0, 506.5], [473.5, 507.0], [474.0, 507.5], [475.0, 507.5], [475.5, 508.0], [476.0, 508.5], [477.0, 508.5], [477.5, 509.0], [478.0, 509.5], [479.0, 509.5], [479.5, 510.0], [480.0, 510.5], [481.0, 510.5], [481.5, 511.0], [482.0, 511.5], [482.5, 512.0], [483.0, 512.5], [484.0, 512.5], [484.5, 513.0], [485.0, 513.5], [485.5, 514.0], [486.0, 514.5], [487.0, 514.5], [487.5, 515.0], [488.0, 515.5], [488.5, 516.0], [489.0, 516.5], [490.0, 516.5], [490.5, 517.0], [491.0, 517.5], [491.5, 518.0], [492.0, 518.5], [493.0, 518.5], [493.5, 519.0], [494.0, 519.5], [494.5, 520.0], [495.0, 520.5], [495.5, 521.0], [496.0, 521.5], [496.5, 522.0], [497.0, 522.5], [498.0, 522.5], [498.5, 523.0], [499.0, 523.5], [499.5, 524.0], [500.0, 524.5], [500.5, 525.0], [501.0, 525.5], [501.5, 526.0], [502.0, 526.5], [502.5, 527.0], [503.0, 527.5], [503.5, 528.0], [504.0, 528.5], [505.0, 528.5], [505.5, 529.0], [506.0, 529.5], [507.0, 529.5], [508.0, 529.5], [508.5, 530.0], [509.0, 530.5], [510.0, 530.5], [511.0, 530.5], [512.0, 530.5], [512.5, 530.0], [513.0, 529.5], [514.0, 529.5], [514.5, 530.0], [515.0, 530.5], [516.0, 530.5], [516.5, 531.0], [517.0, 531.5], [517.5, 532.0], [518.0, 532.5], [518.5, 533.0], [519.0, 533.5], [519.5, 534.0], [520.0, 534.5], [521.0, 534.5], [522.0, 534.5], [522.5, 535.0], [523.0, 535.5], [524.0, 535.5], [525.0, 535.5], [526.0, 535.5], [527.0, 535.5], [528.0, 535.5], [529.0, 535.5], [529.5, 535.0], [530.0, 534.5], [531.0, 534.5], [532.0, 534.5], [533.0, 534.5], [534.0, 534.5], [535.0, 534.5], [536.0, 534.5], [537.0, 534.5], [538.0, 534.5], [539.0, 534.5], [540.0, 534.5], [541.0, 534.5], [542.0, 534.5], [543.0, 534.5], [544.0, 534.5], [545.0, 534.5], [546.0, 534.5], [546.5, 534.0], [547.0, 533.5], [548.0, 533.5], [549.0, 533.5], [549.5, 533.0], [550.0, 532.5], [551.0, 532.5], [551.5, 532.0], [552.0, 531.5], [553.0, 531.5], [553.5, 531.0], [554.0, 530.5], [555.0, 530.5], [556.0, 530.5], [557.0, 530.5], [557.5, 530.0], [558.0, 529.5], [559.0, 529.5], [560.0, 529.5], [561.0, 529.5], [562.0, 529.5], [563.0, 529.5], [564.0, 529.5], [565.0, 529.5], [565.5, 529.0], [566.0, 528.5], [567.0, 528.5], [568.0, 528.5], [569.0, 528.5], [570.0, 528.5], [571.0, 528.5], [572.0, 528.5], [572.5, 528.0], [573.0, 527.5], [574.0, 527.5], [575.0, 527.5], [576.0, 527.5], [577.0, 527.5], [578.0, 527.5], [579.0, 527.5], [580.0, 527.5], [581.0, 527.5], [582.0, 527.5], [583.0, 527.5], [584.0, 527.5], [585.0, 527.5], [586.0, 527.5], [587.0, 527.5], [588.0, 527.5], [588.5, 528.0], [589.0, 528.5], [590.0, 528.5], [590.5, 529.0], [591.0, 529.5], [592.0, 529.5], [593.0, 529.5], [593.5, 530.0], [594.0, 530.5], [595.0, 530.5], [595.5, 531.0], [596.0, 531.5], [597.0, 531.5], [597.5, 532.0], [598.0, 532.5], [599.0, 532.5], [599.5, 533.0], [600.0, 533.5], [600.5, 534.0], [601.0, 534.5], [601.5, 535.0], [602.0, 535.5], [602.5, 536.0], [603.0, 536.5], [603.5, 537.0], [604.0, 537.5], [604.5, 538.0], [605.0, 538.5], [605.5, 539.0], [606.0, 539.5], [606.5, 540.0], [607.0, 540.5], [607.5, 541.0], [608.0, 541.5], [608.5, 542.0], [609.0, 542.5], [609.5, 543.0], [609.5, 544.0], [610.0, 544.5], [610.5, 545.0], [611.0, 545.5], [611.5, 546.0], [611.5, 547.0], [611.5, 548.0], [612.0, 548.5], [612.5, 549.0], [612.5, 550.0], [612.5, 551.0], [613.0, 551.5], [613.5, 552.0], [613.5, 553.0], [613.5, 554.0], [613.5, 555.0], [613.5, 556.0], [613.5, 557.0], [613.5, 558.0], [613.5, 559.0], [613.5, 560.0], [613.5, 561.0], [613.5, 562.0], [613.5, 563.0], [613.5, 564.0], [613.5, 565.0], [613.5, 566.0], [613.5, 567.0], [613.0, 567.5], [612.5, 568.0], [612.5, 569.0], [612.5, 570.0], [612.5, 571.0], [612.0, 571.5], [611.5, 572.0], [611.5, 573.0], [611.0, 573.5], [610.5, 574.0], [610.0, 574.5], [609.5, 575.0], [609.0, 575.5], [608.0, 575.5], [607.5, 576.0], [607.0, 576.5], [606.0, 576.5], [605.5, 577.0], [605.0, 577.5], [604.0, 577.5], [603.5, 578.0], [603.0, 578.5], [602.5, 579.0], [602.0, 579.5], [601.0, 579.5], [600.5, 580.0], [600.0, 580.5], [599.5, 581.0], [599.0, 581.5], [598.0, 581.5], [597.5, 582.0], [597.0, 582.5], [596.5, 583.0], [596.0, 583.5], [595.0, 583.5], [594.0, 583.5], [593.5, 584.0], [593.0, 584.5], [592.0, 584.5], [591.0, 584.5], [590.0, 584.5], [589.5, 585.0], [589.0, 585.5], [588.0, 585.5], [587.0, 585.5], [586.5, 586.0], [586.0, 586.5], [585.0, 586.5], [584.5, 587.0], [584.0, 587.5], [583.0, 587.5], [582.5, 588.0], [582.0, 588.5], [581.0, 588.5], [580.5, 589.0], [580.0, 589.5], [579.0, 589.5], [578.0, 589.5], [577.5, 590.0], [577.0, 590.5], [576.0, 590.5], [575.5, 591.0], [575.0, 591.5], [574.0, 591.5], [573.5, 592.0], [573.0, 592.5], [572.0, 592.5], [571.5, 593.0], [571.0, 593.5], [570.0, 593.5], [569.5, 594.0], [569.0, 594.5], [568.0, 594.5], [567.5, 595.0], [567.0, 595.5], [566.0, 595.5], [565.0, 595.5], [564.5, 596.0], [564.0, 596.5], [563.0, 596.5], [562.0, 596.5], [561.5, 597.0], [561.0, 597.5], [560.0, 597.5], [559.5, 598.0], [559.0, 598.5], [558.0, 598.5], [557.0, 598.5], [556.5, 599.0], [556.0, 599.5], [555.0, 599.5], [554.5, 600.0], [554.0, 600.5], [553.0, 600.5], [552.5, 601.0], [552.0, 601.5], [551.0, 601.5], [550.0, 601.5], [549.5, 602.0], [549.0, 602.5], [548.0, 602.5], [547.5, 603.0], [547.0, 603.5], [546.5, 604.0], [546.0, 604.5], [545.5, 605.0], [545.0, 605.5], [544.0, 605.5], [543.5, 606.0], [543.0, 606.5], [542.5, 607.0], [542.0, 607.5], [541.0, 607.5], [540.0, 607.5], [539.5, 608.0], [539.0, 608.5], [538.0, 608.5], [537.5, 609.0], [537.0, 609.5], [536.0, 609.5], [535.5, 610.0], [535.0, 610.5], [534.0, 610.5], [533.0, 610.5], [532.5, 611.0], [532.0, 611.5], [531.0, 611.5], [530.0, 611.5], [529.0, 611.5], [528.5, 612.0], [528.0, 612.5], [527.0, 612.5], [526.0, 612.5], [525.5, 613.0], [525.0, 613.5], [524.0, 613.5], [523.0, 613.5], [522.0, 613.5], [521.5, 614.0], [521.0, 614.5], [520.0, 614.5], [519.0, 614.5], [518.5, 615.0], [518.0, 615.5], [517.0, 615.5], [516.5, 616.0], [516.0, 616.5], [515.0, 616.5], [514.0, 616.5], [513.5, 617.0], [513.0, 617.5], [512.0, 617.5], [511.0, 617.5], [510.5, 618.0], [510.0, 618.5]]]}}, {"type": "Feature", "properties": {"label": 6, "area_px": 34743}, "geometry": {"type": "Polygon", "coordinates": [[[1002.0, 837.5], [1001.0, 837.5], [1000.0, 837.5], [999.0, 837.5], [998.5, 837.0], [998.0, 836.5], [997.0, 836.5], [996.0, 836.5], [995.5, 836.0], [995.0, 835.5], [994.0, 835.5], [993.0, 835.5], [992.5, 835.0], [992.0, 834.5], [991.0, 834.5], [990.5, 834.0], [990.0, 833.5], [989.0, 833.5], [988.0, 833.5], [987.5, 833.0], [987.0, 832.5], [986.0, 832.5], [985.0, 832.5], [984.5, 832.0], [984.0, 831.5], [983.0, 831.5], [982.5, 831.0], [982.0, 830.5], [981.5, 830.0], [981.0, 829.5], [980.0, 829.5], [979.5, 829.0], [979.0, 828.5], [978.0, 828.5], [977.5, 828.0], [977.0, 827.5], [976.0, 827.5], [975.5, 827.0], [975.0, 826.5], [974.0, 826.5], [973.5, 826.0], [973.0, 825.5], [972.5, 825.0], [972.0, 824.5], [971.0, 824.5], [970.5, 824.0], [970.0, 823.5], [969.5, 823.0], [969.0, 822.5], [968.0, 822.5], [967.5, 822.0], [967.0, 821.5], [966.0, 821.5], [965.5, 821.0], [965.0, 820.5], [964.5, 820.0], [964.0, 819.5], [963.0, 819.5], [962.5, 819.0], [962.0, 818.5], [961.5, 818.0], [961.0, 817.5], [960.0, 817.5], [959.5, 817.0], [959.0, 816.5], [958.5, 816.0], [958.0, 815.5], [957.5, 815.0], [957.0, 814.5], [956.5, 814.0], [956.0, 813.5], [955.5, 813.0], [955.0, 812.5], [954.5, 812.0], [954.0, 811.5], [953.5, 811.0], [953.0, 810.5], [952.5, 810.0], [952.0, 809.5], [951.5, 809.0], [951.0, 808.5], [950.5, 808.0], [950.0, 807.5], [949.5, 807.0], [949.0, 806.5], [948.5, 806.0], [948.5, 805.0], [948.0, 804.5], [947.5, 804.0], [947.0, 803.5], [946.5, 803.0], [946.0, 802.5], [945.5, 802.0], [945.5, 801.0], [945.0, 800.5], [944.5, 800.0], [944.5, 799.0], [944.0, 798.5], [943.5, 798.0], [943.5, 797.0], [943.0, 796.5], [942.5, 796.0], [942.5, 795.0], [942.0, 794.5], [941.5, 794.0], [941.5, 793.0], [941.0, 792.5], [940.5, 792.0], [940.0, 791.5], [939.5, 791.0], [939.5, 790.0], [939.0, 789.5], [938.5, 789.0], [938.0, 788.5], [937.5, 788.0], [937.0, 787.5], [936.5, 787.0], [936.0, 786.5], [935.5, 786.0], [935.0, 785.5], [934.5, 785.0], [934.0, 784.5], [933.5, 784.0], [933.0, 783.5], [932.5, 783.0], [932.0, 782.5], [931.5, 782.0], [931.0, 781.5], [930.5, 781.0], [930.0, 780.5], [929.0, 780.5], [928.5, 780.0], [928.0, 779.5], [927.5, 779.0], [927.0, 778.5], [926.5, 778.0], [926.0, 777.5], [925.5, 777.0], [925.0, 776.5], [924.5, 776.0], [924.0, 775.5], [923.5, 775.0], [923.0, 774.5], [922.5, 774.0], [922.0, 773.5], [921.0, 773.5], [920.5, 773.0], [920.0, 772.5], [919.5, 772.0], [919.0, 771.5], [918.5, 771.0], [918.0, 770.5], [917.5, 770.0], [917.0, 769.5], [916.5, 769.0], [916.0, 768.5], [915.0, 768.5], [914.5, 768.0], [914.0, 767.5], [913.5, 767.0], [913.0, 766.5], [912.5, 766.0], [912.0, 765.5], [911.5, 765.0], [911.0, 764.5], [910.5, 764.0], [910.0, 763.5], [909.0, 763.5], [908.5, 763.0], [908.0, 762.5], [907.5, 762.0], [907.0, 761.5], [906.5, 761.0], [906.0, 760.5], [905.0, 760.5], [904.5, 760.0], [904.0, 759.5], [903.5, 759.0], [903.0, 758.5], [902.5, 758.0], [902.0, 757.5], [901.5, 757.0], [901.0, 756.5], [900.0, 756.5], [899.5, 756.0], [899.0, 755.5], [898.5, 755.0], [898.0, 754.5], [897.5, 754.0], [897.0, 753.5], [896.5, 753.0], [896.0, 752.5], [895.5, 752.0], [895.0, 751.5], [894.5, 751.0], [894.0, 750.5], [893.0, 750.5], [892.5, 750.0], [892.0, 749.5], [891.5, 749.0], [891.0, 748.5], [890.5, 748.0], [890.0, 747.5], [889.5, 747.0], [889.0, 746.5], [888.5, 746.0], [888.0, 745.5], [887.5, 745.0], [887.0, 744.5], [886.5, 744.0], [886.0, 743.5], [885.5, 743.0], [885.0, 742.5], [884.5, 742.0], [884.0, 741.5], [883.5, 741.0], [883.0, 740.5], [882.5, 740.0], [882.5, 739.0], [882.0, 738.5], [881.5, 738.0], [881.0, 737.5], [880.5, 737.0], [880.0, 736.5], [879.5, 736.0], [879.5, 735.0], [879.0, 734.5], [878.5, 734.0], [878.5, 733.0], [878.0, 732.5], [877.5, 732.0], [877.5, 731.0], [877.0, 730.5], [876.5, 730.0], [876.5, 729.0], [876.0, 728.5], [875.5, 728.0], [875.5, 727.0], [875.0, 726.5], [874.5, 726.0], [874.5, 725.0], [874.5, 724.0], [874.0, 723.5], [873.5, 723.0], [873.5, 722.0], [873.5, 721.0], [873.0, 720.5], [872.5, 720.0], [872.5, 719.0], [872.0, 718.5], [871.5, 718.0], [871.5, 717.0], [871.0, 716.5], [870.5, 716.0], [870.5, 715.0], [870.0, 714.5], [869.5, 714.0], [869.5, 713.0], [869.5, 712.0], [869.0, 711.5], [868.5, 711.0], [868.5, 710.0], [868.5, 709.0], [868.5, 708.0], [868.0, 707.5], [867.5, 707.0], [867.5, 706.0], [867.5, 705.0], [867.0, 704.5], [866.5, 704.0], [866.5, 703.0], [866.5, 702.0], [866.0, 701.5], [865.5, 701.0], [865.5, 700.0], [865.5, 699.0], [865.5, 698.0], [865.0, 697.5], [864.5, 697.0], [864.5, 696.0], [864.5, 695.0], [864.5, 694.0], [864.5, 693.0], [864.5, 692.0], [864.5, 691.0], [864.5, 690.0], [864.5, 689.0], [864.5, 688.0], [865.0, 687.5], [865.5, 687.0], [865.5, 686.0], [865.5, 685.0], [865.5, 684.0], [865.5, 683.0], [865.5, 682.0], [865.5, 681.0], [866.0, 680.5], [866.5, 680.0], [866.5, 679.0], [866.5, 678.0], [866.5, 677.0], [866.5, 676.0], [867.0, 675.5], [867.5, 675.0], [867.5, 674.0], [867.5, 673.0], [867.5, 672.0], [867.5, 671.0], [867.5, 670.0], [868.0, 669.5], [868.5, 669.0], [868.5, 668.0], [868.5, 667.0], [868.5, 666.0], [868.5, 665.0], [869.0, 664.5], [869.5, 664.0], [869.5, 663.0], [869.5, 662.0], [870.0, 661.5], [870.5, 661.0], [870.5, 660.0], [870.5, 659.0], [871.0, 658.5], [871.5, 658.0], [871.5, 657.0], [871.5, 656.0], [871.5, 655.0], [871.0, 654.5], [870.5, 654.0], [870.5, 653.0], [870.5, 652.0], [870.0, 651.5], [869.5, 651.0], [869.5, 650.0], [869.5, 649.0], [869.0, 648.5], [868.5, 648.0], [868.5, 647.0], [868.0, 646.5], [867.5, 646.0], [867.5, 645.0], [867.5, 644.0], [867.0, 643.5], [866.5, 643.0], [866.5, 642.0], [866.5, 641.0], [866.5, 640.0], [866.5, 639.0], [866.0, 638.5], [865.5, 638.0], [865.5, 637.0], [865.5, 636.0], [865.5, 635.0], [865.5, 634.0], [865.5, 633.0], [865.5, 632.0], [865.5, 631.0], [865.5, 630.0], [865.5, 629.0], [866.0, 628.5], [866.5, 628.0], [866.5, 627.0], [867.0, 626.5], [867.5, 626.0], [867.5, 625.0], [868.0, 624.5], [868.5, 624.0], [868.5, 623.0], [869.0, 622.5], [869.5, 622.0], [869.5, 621.0], [870.0, 620.5], [870.5, 620.0], [870.5, 619.0], [871.0, 618.5], [871.5, 618.0], [871.5, 617.0], [871.5, 616.0], [872.0, 615.5], [872.5, 615.0], [872.5, 614.0], [873.0, 613.5], [873.5, 613.0], [873.5, 612.0], [874.0, 611.5], [874.5, 611.0], [874.5, 610.0], [875.0, 609.5], [875.5, 609.0], [875.5, 608.0], [876.0, 607.5], [876.5, 607.0], [876.5, 606.0], [877.0, 605.5], [877.5, 605.0], [878.0, 604.5], [878.5, 604.0], [878.5, 603.0], [879.0, 602.5], [879.5, 602.0], [879.5, 601.0], [880.0, 600.5], [880.5, 600.0], [881.0, 599.5], [881.5, 599.0], [881.5, 598.0], [882.0, 597.5], [882.5, 597.0], [882.5, 596.0], [883.0, 595.5], [883.5, 595.0], [883.5, 594.0], [884.0, 593.5], [884.5, 593.0], [884.5, 592.0], [885.0, 591.5], [885.5, 591.0], [885.5, 590.0], [886.0, 589.5], [886.5, 589.0], [887.0, 588.5], [887.5, 588.0], [887.5, 587.0], [888.0, 586.5], [888.5, 586.0], [889.0, 585.5], [889.5, 585.0], [889.5, 584.0], [890.0, 583.5], [890.5, 583.0], [891.0, 582.5], [891.5, 582.0], [891.5, 581.0], [892.0, 580.5], [892.5, 580.0], [893.0, 579.5], [893.5, 579.0], [894.0, 578.5], [894.5, 578.0], [895.0, 577.5], [896.0, 577.5], [896.5, 577.0], [897.0, 576.5], [898.0, 576.5], [898.5, 576.0], [899.0, 575.5], [900.0, 575.5], [900.5, 575.0], [901.0, 574.5], [901.5, 574.0], [902.0, 573.5], [903.0, 573.5], [903.5, 573.0], [904.0, 572.5], [904.5, 572.0], [905.0, 571.5], [905.5, 571.0], [906.0, 570.5], [907.0, 570.5], [907.5, 570.0], [908.0, 569.5], [908.5, 569.0], [909.0, 568.5], [909.5, 568.0], [910.0, 567.5], [910.5, 567.0], [911.0, 566.5], [911.5, 566.0], [911.5, 565.0], [912.0, 564.5], [912.5, 564.0], [912.5, 563.0], [913.0, 562.5], [913.5, 562.0], [913.5, 561.0], [914.0, 560.5], [914.5, 560.0], [915.0, 559.5], [915.5, 559.0], [915.5, 558.0], [916.0, 557.5], [916.5, 557.0], [917.0, 556.5], [917.5, 556.0], [918.0, 555.5], [918.5, 555.0], [919.0, 554.5], [920.0, 554.5], [920.5, 554.0], [921.0, 553.5], [921.5, 553.0], [922.0, 552.5], [923.0, 552.5], [923.5, 552.0], [924.0, 551.5], [925.0, 551.5], [925.5, 551.0], [926.0, 550.5], [927.0, 550.5], [928.0, 550.5], [929.0, 550.5], [930.0, 550.5], [931.0, 550.5], [932.0, 550.5], [933.0, 550.5], [934.0, 550.5], [934.5, 551.0], [935.0, 551.5], [936.0, 551.5], [937.0, 551.5], [938.0, 551.5], [938.5, 552.0], [939.0, 552.5], [940.0, 552.5], [941.0, 552.5], [941.5, 553.0], [942.0, 553.5], [943.0, 553.5], [943.5, 554.0], [944.0, 554.5], [945.0, 554.5], [945.5, 555.0], [946.0, 555.5], [946.5, 556.0], [947.0, 556.5], [947.5, 557.0], [948.0, 557.5], [949.0, 557.5], [949.5, 558.0], [950.0, 558.5], [950.5, 559.0], [951.0, 559.5], [951.5, 560.0], [952.0, 560.5], [952.5, 561.0], [953.0, 561.5], [953.5, 562.0], [954.0, 562.5], [954.5, 563.0], [955.0, 563.5], [956.0, 563.5], [957.0, 563.5], [957.5, 564.0], [958.0, 564.5], [959.0, 564.5], [960.0, 564.5], [961.0, 564.5], [961.5, 565.0], [962.0, 565.5], [963.0, 565.5], [964.0, 565.5], [964.5, 566.0], [965.0, 566.5], [966.0, 566.5], [966.5, 567.0], [967.0, 567.5], [967.5, 568.0], [968.0, 568.5], [969.0, 568.5], [969.5, 569.0], [970.0, 569.5], [970.5, 570.0], [971.0, 570.5], [972.0, 570.5], [972.5, 571.0], [973.0, 571.5], [974.0, 571.5], [975.0, 571.5], [975.5, 572.0], [976.0, 572.5], [977.0, 572.5], [978.0, 572.5], [978.5, 573.0], [979.0, 573.5], [980.0, 573.5], [980.5, 574.0], [981.0, 574.5], [981.5, 575.0], [982.0, 575.5], [983.0, 575.5], [983.5, 576.0], [984.0, 576.5], [984.5, 577.0], [985.0, 577.5], [985.5, 578.0], [985.5, 579.0], [986.0, 579.5], [986.5, 580.0], [986.5, 581.0], [987.0, 581.5], [987.5, 582.0], [987.5, 583.0], [987.5, 584.0], [987.5, 585.0], [987.5, 586.0], [987.5, 587.0], [987.0, 587.5], [986.5, 588.0], [986.5, 589.0], [986.0, 589.5], [985.5, 590.0], [985.0, 590.5], [984.5, 591.0], [984.0, 591.5], [983.5, 592.0], [983.0, 592.5], [982.5, 593.0], [982.0, 593.5], [981.5, 594.0], [981.0, 594.5], [980.5, 595.0], [980.5, 596.0], [980.5, 597.0], [980.0, 597.5], [979.5, 598.0], [979.5, 599.0], [980.0, 599.5], [980.5, 600.0], [980.5, 601.0], [980.5, 602.0], [980.5, 603.0], [980.5, 604.0], [980.5, 605.0], [980.5, 606.0], [980.5, 607.0], [981.0, 607.5], [981.5, 608.0], [981.5, 609.0], [981.5, 610.0], [981.5, 611.0], [981.5, 612.0], [981.5, 613.0], [981.5, 614.0], [981.5, 615.0], [981.5, 616.0], [981.5, 617.0], [981.5, 618.0], [981.5, 619.0], [981.5, 620.0], [981.5, 621.0], [981.5, 622.0], [981.5, 623.0], [981.5, 624.0], [981.5, 625.0], [981.5, 626.0], [981.5, 627.0], [981.5, 628.0], [981.5, 629.0], [981.5, 630.0], [981.5, 631.0], [981.5, 632.0], [981.5, 633.0], [981.5, 634.0], [981.5, 635.0], [981.5, 636.0], [981.5, 637.0], [981.5, 638.0], [981.5, 639.0], [981.0, 639.5], [980.5, 640.0], [980.5, 641.0], [981.0, 641.5], [981.5, 642.0], [981.5, 643.0], [981.5, 644.0], [982.0, 644.5], [982.5, 645.0], [983.0, 645.5], [983.5, 646.0], [984.0, 646.5], [985.0, 646.5], [985.5, 647.0], [986.0, 647.5], [986.5, 648.0], [987.0, 648.5], [988.0, 648.5], [988.5, 649.0], [989.0, 649.5], [990.0, 649.5], [990.5, 650.0], [991.0, 650.5], [991.5, 651.0], [992.0, 651.5], [992.5, 652.0], [993.0, 652.5], [993.5, 653.0], [994.0, 653.5], [994.5, 654.0], [995.0, 654.5], [996.0, 654.5], [996.5, 655.0], [997.0, 655.5], [998.0, 655.5], [998.5, 656.0], [999.0, 656.5], [1000.0, 656.5], [1001.0, 656.5], [1001.5, 657.0], [1002.0, 657.5], [1003.0, 657.5], [1004.0, 657.5], [1004.5, 658.0], [1005.0, 658.5], [1006.0, 658.5], [1006.5, 659.0], [1007.0, 659.5], [1007.5, 660.0], [1008.0, 660.5], [1008.5, 661.0], [1008.5, 662.0], [1008.5, 663.0], [1009.0, 663.5], [1009.5, 664.0], [1010.0, 664.5], [1010.5, 665.0], [1010.5, 666.0], [1011.0, 666.5], [1011.5, 667.0], [1012.0, 667.5], [1012.5, 668.0], [1012.5, 669.0], [1013.0, 669.5], [1013.5, 670.0], [1014.0, 670.5], [1014.5, 671.0], [1014.5, 672.0], [1015.0, 672.5], [1015.5, 673.0], [1015.5, 674.0], [1015.5, 675.0], [1016.0, 675.5], [1016.5, 676.0], [1016.5, 677.0], [1016.5, 678.0], [1017.0, 678.5], [1017.5, 679.0], [1017.5, 680.0], [1018.0, 680.5], [1018.5, 681.0], [1018.5, 682.0], [1019.0, 682.5], [1019.5, 683.0], [1020.0, 683.5], [1020.5, 684.0], [1021.0, 684.5], [1021.5, 685.0], [1022.0, 685.5], [1022.5, 686.0], [1022.5, 687.0], [1023.0, 687.5], [1023.5, 688.0], [1024.0, 688.5], [1024.5, 689.0], [1024.5, 690.0], [1025.0, 690.5], [1025.5, 691.0], [1026.0, 691.5], [1026.5, 692.0], [1027.0, 692.5], [1027.5, 693.0], [1028.0, 693.5], [1028.5, 694.0], [1029.0, 694.5], [1030.0, 694.5], [1030.5, 695.0], [1031.0, 695.5], [1031.5, 696.0], [1032.0, 696.5], [1032.5, 697.0], [1033.0, 697.5], [1033.5, 698.0], [1033.5, 699.0], [1034.0, 699.5], [1034.5, 700.0], [1035.0, 700.5], [1035.5, 701.0], [1035.5, 702.0], [1036.0, 702.5], [1036.5, 703.0], [1037.0, 703.5], [1037.5, 704.0], [1038.0, 704.5], [1038.5, 705.0], [1039.0, 705.5], [1039.5, 706.0], [1040.0, 706.5], [1040.5, 707.0], [1041.0, 707.5], [1041.5, 708.0], [1042.0, 708.5], [1042.5, 709.0], [1043.0, 709.5], [1043.5, 710.0], [1044.0, 710.5], [1044.5, 711.0], [1045.0, 711.5], [1045.5, 712.0], [1046.0, 712.5], [1046.5, 713.0], [1047.0, 713.5], [1047.5, 714.0], [1047.5, 715.0], [1048.0, 715.5], [1048.5, 716.0], [1049.0, 716.5], [1049.5, 717.0], [1049.5, 718.0], [1049.5, 719.0], [1050.0, 719.5], [1050.5, 720.0], [1050.5, 721.0], [1050.5, 722.0], [1050.5, 723.0], [1051.0, 723.5], [1051.5, 724.0], [1051.5, 725.0], [1051.5, 726.0], [1052.0, 726.5], [1052.5, 727.0], [1052.5, 728.0], [1052.5, 729.0], [1053.0, 729.5], [1053.5, 730.0], [1053.5, 731.0], [1053.5, 732.0], [1054.0, 732.5], [1054.5, 733.0], [1054.5, 734.0], [1054.5, 735.0], [1055.0, 735.5], [1055.5, 736.0], [1055.5, 737.0], [1055.5, 738.0], [1055.5, 739.0], [1055.5, 740.0], [1055.5, 741.0], [1055.5, 742.0], [1055.0, 742.5], [1054.5, 743.0], [1054.5, 744.0], [1054.5, 745.0], [1054.5, 746.0], [1054.0, 746.5], [1053.5, 747.0], [1053.5, 748.0], [1053.5, 749.0], [1053.0, 749.5], [1052.5, 750.0], [1052.5, 751.0], [1052.5, 752.0], [1052.5, 753.0], [1052.5, 754.0], [1052.5, 755.0], [1052.5, 756.0], [1053.0, 756.5], [1053.5, 757.0], [1053.5, 758.0], [1053.5, 759.0], [1054.0, 759.5], [1054.5, 760.0], [1054.5, 761.0], [1055.0, 761.5], [1055.5, 762.0], [1055.5, 763.0], [1056.0, 763.5], [1056.5, 764.0], [1056.5, 765.0], [1057.0, 765.5], [1057.5, 766.0], [1057.5, 767.0], [1057.5, 768.0], [1057.5, 769.0], [1057.5, 770.0], [1057.5, 771.0], [1058.0, 771.5], [1058.5, 772.0], [1058.5, 773.0], [1058.5, 774.0], [1058.5, 775.0], [1058.5, 776.0], [1058.5, 777.0], [1059.0, 777.5], [1059.5, 778.0], [1059.5, 779.0], [1059.5, 780.0], [1059.5, 781.0], [1060.0, 781.5], [1060.5, 782.0], [1060.5, 783.0], [1060.5, 784.0], [1061.0, 784.5], [1061.5, 785.0], [1061.5, 786.0], [1061.5, 787.0], [1062.0, 787.5], [1062.5, 788.0], [1062.5, 789.0], [1062.5, 790.0], [1062.0, 790.5], [1061.5, 791.0], [1061.5, 792.0], [1061.5, 793.0], [1061.5, 794.0], [1061.0, 794.5], [1060.5, 795.0], [1060.5, 796.0], [1060.0, 796.5], [1059.5, 797.0], [1059.5, 798.0], [1059.0, 798.5], [1058.5, 799.0], [1058.5, 800.0], [1058.0, 800.5], [1057.5, 801.0], [1057.0, 801.5], [1056.5, 802.0], [1056.5, 803.0], [1056.0, 803.5], [1055.5, 804.0], [1055.5, 805.0], [1055.0, 805.5], [1054.5, 806.0], [1054.0, 806.5], [1053.5, 807.0], [1053.5, 808.0], [1053.0, 808.5], [1052.5, 809.0], [1052.5, 810.0], [1052.0, 810.5], [1051.5, 811.0], [1051.5, 812.0], [1051.0, 812.5], [1050.5, 813.0], [1050.5, 814.0], [1050.0, 814.5], [1049.5, 815.0], [1049.0, 815.5], [1048.5, 816.0], [1048.0, 816.5], [1047.5, 817.0], [1047.0, 817.5], [1046.5, 818.0], [1046.0, 818.5], [1045.5, 819.0], [1045.0, 819.5], [1044.5, 820.0], [1044.0, 820.5], [1043.5, 821.0], [1043.0, 821.5], [1042.5, 822.0], [1042.0, 822.5], [1041.0, 822.5], [1040.5, 823.0], [1040.0, 823.5], [1039.0, 823.5], [1038.5, 824.0], [1038.0, 824.5], [1037.0, 824.5], [1036.5, 825.0], [1036.0, 825.5], [1035.0, 825.5], [1034.5, 826.0], [1034.0, 826.5], [1033.0, 826.5], [1032.5, 827.0], [1032.0, 827.5], [1031.0, 827.5], [1030.5, 828.0], [1030.0, 828.5], [1029.0, 828.5], [1028.5, 829.0], [1028.0, 829.5], [1027.0, 829.5], [1026.5, 830.0], [1026.0, 830.5], [1025.0, 830.5], [1024.0, 830.5], [1023.5, 831.0], [1023.0, 831.5], [1022.0, 831.5], [1021.0, 831.5], [1020.5, 832.0], [1020.0, 832.5], [1019.0, 832.5], [1018.0, 832.5], [1017.0, 832.5], [1016.5, 833.0], [1016.0, 833.5], [1015.0, 833.5], [1014.0, 833.5], [1013.0, 833.5], [1012.5, 834.0], [1012.0, 834.5], [1011.0, 834.5], [1010.0, 834.5], [1009.5, 835.0], [1009.0, 835.5], [1008.0, 835.5], [1007.0, 835.5], [1006.5, 836.0], [1006.0, 836.5], [1005.0, 836.5], [1004.0, 836.5], [1003.0, 836.5], [1002.5, 837.0], [1002.0, 837.5]]]}}, {"type": "Feature", "properties": {"label": 7, "area_px": 38907}, "geometry": {"type": "Polygon", "coordinates": [[[734.0, 947.5], [733.0, 947.5], [732.0, 947.5], [731.0, 947.5], [730.0, 947.5], [729.0, 947.5], [728.0, 947.5], [727.0, 947.5], [726.0, 947.5], [725.0, 947.5], [724.0, 947.5], [723.0, 947.5], [722.0, 947.5], [721.0, 947.5], [720.0, 947.5], [719.5, 947.0], [719.0, 946.5], [718.0, 946.5], [717.0, 946.5], [716.0, 946.5], [715.0, 946.5], [714.5, 946.0], [714.0, 945.5], [713.0, 945.5], [712.0, 945.5], [711.5, 945.0], [711.0, 944.5], [710.0, 944.5], [709.0, 944.5], [708.5, 944.0], [708.0, 943.5], [707.0, 943.5], [706.5, 943.0], [706.0, 942.5], [705.0, 942.5], [704.5, 942.0], [704.0, 941.5], [703.0, 941.5], [702.5, 941.0], [702.0, 940.5], [701.5, 940.0], [701.0, 939.5], [700.0, 939.5], [699.5, 939.0], [699.0, 938.5], [698.5, 938.0], [698.0, 937.5], [697.5, 937.0], [697.0, 936.5], [696.5, 936.0], [696.0, 935.5], [695.5, 935.0], [695.0, 934.5], [694.5, 934.0], [694.0, 933.5], [693.5, 933.0], [693.0, 932.5], [692.5, 932.0], [692.0, 931.5], [691.5, 931.0], [691.5, 930.0], [691.0, 929.5], [690.5, 929.0], [690.5, 928.0], [690.0, 927.5], [689.5, 927.0], [689.5, 926.0], [689.0, 925.5], [688.5, 925.0], [688.5, 924.0], [688.5, 923.0], [688.0, 922.5], [687.5, 922.0], [687.5, 921.0], [687.5, 920.0], [687.5, 919.0], [687.0, 918.5], [686.5, 918.0], [686.5, 917.0], [686.5, 916.0], [686.0, 915.5], [685.5, 915.0], [685.5, 914.0], [685.5, 913.0], [685.5, 912.0], [685.5, 911.0], [685.5, 910.0], [685.5, 909.0], [685.5, 908.0], [685.5, 907.0], [685.5, 906.0], [686.0, 905.5], [686.5, 905.0], [686.5, 904.0], [686.5, 903.0], [687.0, 902.5], [687.5, 902.0], [687.5, 901.0], [688.0, 900.5], [688.5, 900.0], [688.5, 899.0], [689.0, 898.5], [689.5, 898.0], [689.5, 897.0], [690.0, 896.5], [690.5, 896.0], [690.5, 895.0], [691.0, 894.5], [691.5, 894.0], [691.5, 893.0], [692.0, 892.5], [692.5, 892.0], [693.0, 891.5], [693.5, 891.0], [693.5, 890.0], [694.0, 889.5], [694.5, 889.0], [695.0, 888.5], [695.5, 888.0], [696.0, 887.5], [696.5, 887.0], [697.0, 886.5], [697.5, 886.0], [698.0, 885.5], [698.5, 885.0], [699.0, 884.5], [699.5, 884.0], [700.0, 883.5], [700.5, 883.0], [700.5, 882.0], [701.0, 881.5], [701.5, 881.0], [702.0, 880.5], [702.5, 880.0], [703.0, 879.5], [704.0, 879.5], [704.5, 879.0], [705.0, 878.5], [705.5, 878.0], [706.0, 877.5], [706.5, 877.0], [706.5, 876.0], [707.0, 875.5], [707.5, 875.0], [708.0, 874.5], [708.5, 874.0], [709.0, 873.5], [709.5, 873.0], [709.5, 872.0], [710.0, 871.5], [710.5, 871.0], [711.0, 870.5], [711.5, 870.0], [711.5, 869.0], [712.0, 868.5], [712.5, 868.0], [712.5, 867.0], [712.5, 866.0], [713.0, 865.5], [713.5, 865.0], [713.5, 864.0], [713.5, 863.0], [713.5, 862.0], [714.0, 861.5], [714.5, 861.0], [714.5, 860.0], [715.0, 859.5], [716.0, 859.5], [716.5, 859.0], [717.0, 858.5], [718.0, 858.5], [719.0, 858.5], [719.5, 858.0], [720.0, 857.5], [720.5, 857.0], [721.0, 856.5], [721.5, 856.0], [721.5, 855.0], [721.5, 854.0], [722.0, 853.5], [722.5, 853.0], [722.5, 852.0], [722.0, 851.5], [721.5, 851.0], [721.5, 850.0], [721.5, 849.0], [721.0, 848.5], [720.5, 848.0], [720.0, 847.5], [719.0, 847.5], [718.0, 847.5], [717.5, 847.0], [717.0, 846.5], [716.0, 846.5], [715.0, 846.5], [714.0, 846.5], [713.0, 846.5], [712.0, 846.5], [711.0, 846.5], [710.5, 846.0], [710.0, 845.5], [709.0, 845.5], [708.5, 845.0], [708.0, 844.5], [707.5, 844.0], [707.0, 843.5], [706.5, 843.0], [706.0, 842.5], [705.0, 842.5], [704.5, 842.0], [704.0, 841.5], [703.0, 841.5], [702.5, 841.0], [702.0, 840.5], [701.5, 840.0], [701.0, 839.5], [700.5, 839.0], [700.5, 838.0], [700.0, 837.5], [699.5, 837.0], [699.5, 836.0], [699.5, 835.0], [699.5, 834.0], [699.5, 833.0], [699.0, 832.5], [698.5, 832.0], [698.5, 831.0], [698.5, 830.0], [698.0, 829.5], [697.5, 829.0], [697.0, 828.5], [696.5, 828.0], [696.0, 827.5], [695.5, 827.0], [695.0, 826.5], [694.5, 826.0], [694.0, 825.5], [693.5, 825.0], [693.0, 824.5], [692.5, 824.0], [692.0, 823.5], [691.5, 823.0], [691.0, 822.5], [690.5, 822.0], [690.0, 821.5], [689.5, 821.0], [689.0, 820.5], [688.5, 820.0], [688.5, 819.0], [688.5, 818.0], [688.0, 817.5], [687.5, 817.0], [687.5, 816.0], [687.5, 815.0], [687.0, 814.5], [686.5, 814.0], [686.5, 813.0], [686.5, 812.0], [686.5, 811.0], [686.5, 810.0], [686.5, 809.0], [686.5, 808.0], [686.5, 807.0], [686.5, 806.0], [686.5, 805.0], [686.5, 804.0], [686.5, 803.0], [686.5, 802.0], [686.5, 801.0], [686.5, 800.0], [686.0, 799.5], [685.5, 799.0], [685.5, 798.0], [685.5, 797.0], [685.5, 796.0], [685.0, 795.5], [684.5, 795.0], [684.5, 794.0], [684.5, 793.0], [684.5, 792.0], [684.5, 791.0], [684.5, 790.0], [684.5, 789.0], [684.5, 788.0], [684.5, 787.0], [684.5, 786.0], [684.5, 785.0], [684.5, 784.0], [684.5, 783.0], [684.5, 782.0], [684.5, 781.0], [684.5, 780.0], [684.5, 779.0], [685.0, 778.5], [685.5, 778.0], [685.5, 777.0], [685.0, 776.5], [684.5, 776.0], [684.5, 775.0], [684.5, 774.0], [684.5, 773.0], [684.5, 772.0], [684.0, 771.5], [683.5, 771.0], [683.5, 770.0], [683.5, 769.0], [683.5, 768.0], [684.0, 767.5], [684.5, 767.0], [684.5, 766.0], [685.0, 765.5], [685.5, 765.0], [686.0, 764.5], [686.5, 764.0], [687.0, 763.5], [687.5, 763.0], [688.0, 762.5], [688.5, 762.0], [689.0, 761.5], [689.5, 761.0], [690.0, 760.5], [690.5, 760.0], [691.0, 759.5], [691.5, 759.0], [692.0, 758.5], [692.5, 758.0], [693.0, 757.5], [693.5, 757.0], [693.5, 756.0], [693.5, 755.0], [694.0, 754.5], [694.5, 754.0], [694.5, 753.0], [694.0, 752.5], [693.5, 752.0], [693.5, 751.0], [693.5, 750.0], [693.0, 749.5], [692.5, 749.0], [692.0, 748.5], [691.0, 748.5], [690.5, 748.0], [690.5, 747.0], [690.5, 746.0], [690.5, 745.0], [690.5, 744.0], [691.0, 743.5], [691.5, 743.0], [691.5, 742.0], [692.0, 741.5], [692.5, 741.0], [693.0, 740.5], [693.5, 740.0], [693.5, 739.0], [693.5, 738.0], [694.0, 737.5], [694.5, 737.0], [694.0, 736.5], [693.5, 736.0], [693.5, 735.0], [693.5, 734.0], [693.5, 733.0], [694.0, 732.5], [694.5, 732.0], [694.5, 731.0], [695.0, 730.5], [695.5, 730.0], [695.5, 729.0], [696.0, 728.5], [696.5, 728.0], [697.0, 727.5], [697.5, 727.0], [697.5, 726.0], [698.0, 725.5], [698.5, 725.0], [698.5, 724.0], [698.5, 723.0], [699.0, 722.5], [699.5, 722.0], [699.5, 721.0], [699.5, 720.0], [699.5, 719.0], [699.5, 718.0], [699.5, 717.0], [700.0, 716.5], [700.5, 716.0], [700.0, 715.5], [699.5, 715.0], [699.5, 714.0], [699.5, 713.0], [699.5, 712.0], [699.5, 711.0], [699.5, 710.0], [700.0, 709.5], [700.5, 709.0], [700.5, 708.0], [701.0, 707.5], [701.5, 707.0], [702.0, 706.5], [702.5, 706.0], [703.0, 705.5], [703.5, 705.0], [704.0, 704.5], [704.5, 704.0], [705.0, 703.5], [706.0, 703.5], [706.5, 703.0], [707.0, 702.5], [707.5, 702.0], [707.5, 701.0], [707.5, 700.0], [708.0, 699.5], [708.5, 699.0], [708.5, 698.0], [708.5, 697.0], [708.5, 696.0], [709.0, 695.5], [709.5, 695.0], [710.0, 694.5], [710.5, 694.0], [710.5, 693.0], [711.0, 692.5], [712.0, 692.5], [712.5, 692.0], [713.0, 691.5], [713.5, 691.0], [714.0, 690.5], [714.5, 690.0], [714.5, 689.0], [715.0, 688.5], [715.5, 688.0], [715.5, 687.0], [715.5, 686.0], [716.0, 685.5], [716.5, 685.0], [716.5, 684.0], [716.5, 683.0], [716.5, 682.0], [716.0, 681.5], [715.5, 681.0], [715.5, 680.0], [715.5, 679.0], [715.0, 678.5], [714.5, 678.0], [714.5, 677.0], [714.0, 676.5], [713.5, 676.0], [713.5, 675.0], [713.5, 674.0], [713.5, 673.0], [713.5, 672.0], [714.0, 671.5], [714.5, 671.0], [714.5, 670.0], [715.0, 669.5], [715.5, 669.0], [716.0, 668.5], [717.0, 668.5], [717.5, 668.0], [718.0, 667.5], [718.5, 667.0], [719.0, 666.5], [719.5, 666.0], [719.5, 665.0], [719.5, 664.0], [720.0, 663.5], [720.5, 663.0], [720.5, 662.0], [720.5, 661.0], [720.5, 660.0], [721.0, 659.5], [721.5, 659.0], [721.5, 658.0], [721.5, 657.0], [722.0, 656.5], [722.5, 656.0], [723.0, 655.5], [724.0, 655.5], [724.5, 655.0], [725.0, 654.5], [725.5, 655.0], [726.0, 655.5], [726.5, 656.0], [726.5, 657.0], [726.5, 658.0], [727.0, 658.5], [727.5, 659.0], [728.0, 659.5], [728.5, 660.0], [729.0, 660.5], [730.0, 660.5], [731.0, 660.5], [731.5, 661.0], [732.0, 661.5], [733.0, 661.5], [733.5, 661.0], [734.0, 660.5], [735.0, 660.5], [736.0, 660.5], [736.5, 660.0], [737.0, 659.5], [737.5, 659.0], [738.0, 658.5], [738.5, 658.0], [739.0, 657.5], [739.5, 657.0], [739.5, 656.0], [740.0, 655.5], [740.5, 655.0], [740.5, 654.0], [741.0, 653.5], [741.5, 653.0], [741.5, 652.0], [742.0, 651.5], [742.5, 651.0], [743.0, 650.5], [744.0, 650.5], [744.5, 650.0], [745.0, 649.5], [746.0, 649.5], [746.5, 649.0], [747.0, 648.5], [748.0, 648.5], [749.0, 648.5], [749.5, 648.0], [750.0, 647.5], [751.0, 647.5], [752.0, 647.5], [753.0, 647.5], [754.0, 647.5], [754.5, 647.0], [755.0, 646.5], [756.0, 646.5], [757.0, 646.5], [757.5, 646.0], [758.0, 645.5], [759.0, 645.5], [760.0, 645.5], [761.0, 645.5], [761.5, 645.0], [762.0, 644.5], [763.0, 644.5], [764.0, 644.5], [765.0, 644.5], [766.0, 644.5], [767.0, 644.5], [768.0, 644.5], [769.0, 644.5], [770.0, 644.5], [771.0, 644.5], [772.0, 644.5], [773.0, 644.5], [774.0, 644.5], [775.0, 644.5], [776.0, 644.5], [777.0, 644.5], [778.0, 644.5], [778.5, 645.0], [779.0, 645.5], [780.0, 645.5], [781.0, 645.5], [782.0, 645.5], [782.5, 646.0], [783.0, 646.5], [784.0, 646.5], [785.0, 646.5], [785.5, 647.0], [786.0, 647.5], [787.0, 647.5], [788.0, 647.5], [788.5, 648.0], [789.0, 648.5], [790.0, 648.5], [790.5, 649.0], [791.0, 649.5], [792.0, 649.5], [792.5, 650.0], [793.0, 650.5], [793.5, 651.0], [794.0, 651.5], [794.5, 652.0], [795.0, 652.5], [795.5, 653.0], [796.0, 653.5], [796.5, 654.0], [797.0, 654.5], [798.0, 654.5], [798.5, 655.0], [799.0, 655.5], [799.5, 656.0], [800.0, 656.5], [801.0, 656.5], [801.5, 657.0], [802.0, 657.5], [803.0, 657.5], [803.5, 658.0], [804.0, 658.5], [805.0, 658.5], [805.5, 659.0], [806.0, 659.5], [806.5, 660.0], [807.0, 660.5], [807.5, 661.0], [808.0, 661.5], [808.5, 662.0], [809.0, 662.5], [809.5, 663.0], [810.0, 663.5], [810.5, 664.0], [811.0, 664.5], [811.5, 665.0], [812.0, 665.5], [812.5, 666.0], [812.5, 667.0], [813.0, 667.5], [813.5, 668.0], [814.0, 668.5], [814.5, 669.0], [814.5, 670.0], [815.0, 670.5], [815.5, 671.0], [815.5, 672.0], [815.5, 673.0], [816.0, 673.5], [816.5, 674.0], [816.5, 675.0], [817.0, 675.5], [817.5, 676.0], [817.5, 677.0], [818.0, 677.5], [818.5, 678.0], [819.0, 678.5], [819.5, 679.0], [820.0, 679.5], [820.5, 680.0], [821.0, 680.5], [821.5, 681.0], [822.0, 681.5], [822.5, 682.0], [823.0, 682.5], [823.5, 683.0], [823.5, 684.0], [824.0, 684.5], [824.5, 685.0], [824.5, 686.0], [824.5, 687.0], [825.0, 687.5], [825.5, 688.0], [825.5, 689.0], [825.5, 690.0], [825.5, 691.0], [826.0, 691.5], [826.5, 692.0], [826.5, 693.0], [826.5, 694.0], [827.0, 694.5], [827.5, 695.0], [827.5, 696.0], [827.5, 697.0], [828.0, 697.5], [828.5, 698.0], [828.5, 699.0], [828.5, 700.0], [828.5, 701.0], [829.0, 701.5], [829.5, 702.0], [829.5, 703.0], [829.5, 704.0], [829.5, 705.0], [829.5, 706.0], [830.0, 706.5], [830.5, 707.0], [830.5, 708.0], [830.5, 709.0], [830.5, 710.0], [830.5, 711.0], [831.0, 711.5], [831.5, 712.0], [831.5, 713.0], [831.5, 714.0], [831.5, 715.0], [832.0, 715.5], [832.5, 716.0], [832.5, 717.0], [832.5, 718.0], [832.5, 719.0], [832.5, 720.0], [833.0, 720.5], [833.5, 721.0], [833.5, 722.0], [833.5, 723.0], [833.5, 724.0], [833.5, 725.0], [833.5, 726.0], [833.5, 727.0], [834.0, 727.5], [834.5, 728.0], [834.5, 729.0], [834.5, 730.0], [835.0, 730.5], [835.5, 731.0], [836.0, 731.5], [837.0, 731.5], [837.5, 732.0], [838.0, 732.5], [839.0, 732.5], [839.5, 733.0], [840.0, 733.5], [841.0, 733.5], [841.5, 734.0], [842.0, 734.5], [843.0, 734.5], [843.5, 735.0], [843.5, 736.0], [844.0, 736.5], [844.5, 737.0], [844.5, 738.0], [844.5, 739.0], [844.5, 740.0], [844.5, 741.0], [844.0, 741.5], [843.5, 742.0], [843.5, 743.0], [843.5, 744.0], [843.0, 744.5], [842.5, 745.0], [842.5, 746.0], [842.5, 747.0], [842.5, 748.0], [843.0, 748.5], [843.5, 749.0], [843.5, 750.0], [843.5, 751.0], [844.0, 751.5], [844.5, 752.0], [844.5, 753.0], [845.0, 753.5], [845.5, 754.0], [846.0, 754.5], [846.5, 755.0], [846.5, 756.0], [847.0, 756.5], [847.5, 757.0], [847.5, 758.0], [848.0, 758.5], [848.5, 759.0], [848.5, 760.0], [848.5, 761.0], [849.0, 761.5], [849.5, 762.0], [849.5, 763.0], [849.5, 764.0], [850.0, 764.5], [850.5, 765.0], [850.5, 766.0], [850.5, 767.0], [850.5, 768.0], [850.5, 769.0], [851.0, 769.5], [851.5, 770.0], [851.5, 771.0], [851.5, 772.0], [852.0, 772.5], [852.5, 773.0], [852.5, 774.0], [852.5, 775.0], [853.0, 775.5], [853.5, 776.0], [853.5, 777.0], [853.5, 778.0], [854.0, 778.5], [854.5, 779.0], [854.5, 780.0], [854.5, 781.0], [855.0, 781.5], [855.5, 782.0], [855.5, 783.0], [855.5, 784.0], [856.0, 784.5], [856.5, 785.0], [856.5, 786.0], [857.0, 786.5], [857.5, 787.0], [857.5, 788.0], [858.0, 788.5], [858.5, 789.0], [858.5, 790.0], [859.0, 790.5], [859.5, 791.0], [859.5, 792.0], [860.0, 792.5], [860.5, 793.0], [860.5, 794.0], [861.0, 794.5], [861.5, 795.0], [861.5, 796.0], [861.5, 797.0], [862.0, 797.5], [862.5, 798.0], [862.5, 799.0], [862.5, 800.0], [862.5, 801.0], [863.0, 801.5], [863.5, 802.0], [863.5, 803.0], [863.5, 804.0], [863.5, 805.0], [863.5, 806.0], [863.5, 807.0], [863.5, 808.0], [863.5, 809.0], [863.5, 810.0], [863.5, 811.0], [863.5, 812.0], [863.5, 813.0], [863.5, 814.0], [863.5, 815.0], [863.5, 816.0], [863.5, 817.0], [863.5, 818.0], [863.5, 819.0], [863.5, 820.0], [863.5, 821.0], [863.5, 822.0], [863.5, 823.0], [863.5, 824.0], [863.0, 824.5], [862.5, 825.0], [862.5, 826.0], [862.5, 827.0], [862.5, 828.0], [862.5, 829.0], [862.5, 830.0], [862.0, 830.5], [861.5, 831.0], [861.5, 832.0], [861.5, 833.0], [861.5, 834.0], [861.0, 834.5], [860.5, 835.0], [860.5, 836.0], [860.5, 837.0], [860.5, 838.0], [860.0, 838.5], [859.5, 839.0], [859.5, 840.0], [859.5, 841.0], [859.0, 841.5], [858.5, 842.0], [858.5, 843.0], [858.0, 843.5], [857.5, 844.0], [857.5, 845.0], [857.0, 845.5], [856.5, 846.0], [856.5, 847.0], [856.0, 847.5], [855.5, 848.0], [855.5, 849.0], [855.5, 850.0], [855.0, 850.5], [854.5, 851.0], [854.0, 851.5], [853.5, 852.0], [853.5, 853.0], [853.0, 853.5], [852.5, 854.0], [852.5, 855.0], [852.0, 855.5], [851.5, 856.0], [851.0, 856.5], [850.5, 857.0], [850.5, 858.0], [850.0, 858.5], [849.5, 859.0], [849.0, 859.5], [848.5, 860.0], [848.5, 861.0], [848.0, 861.5], [847.5, 862.0], [847.0, 862.5], [846.5, 863.0], [846.5, 864.0], [846.0, 864.5], [845.5, 865.0], [845.0, 865.5], [844.5, 866.0], [844.0, 866.5], [843.5, 867.0], [843.0, 867.5], [842.5, 868.0], [842.0, 868.5], [841.5, 869.0], [841.5, 870.0], [841.0, 870.5], [840.5, 871.0], [840.0, 871.5], [839.5, 872.0], [839.0, 872.5], [838.5, 873.0], [838.0, 873.5], [837.5, 874.0], [837.0, 874.5], [836.5, 875.0], [836.0, 875.5], [835.5, 876.0], [835.0, 876.5], [834.0, 876.5], [833.5, 877.0], [833.0, 877.5], [832.5, 878.0], [832.0, 878.5], [831.0, 878.5], [830.5, 879.0], [830.0, 879.5], [829.5, 880.0], [829.0, 880.5], [828.0, 880.5], [827.5, 881.0], [827.0, 881.5], [826.5, 882.0], [826.0, 882.5], [825.5, 883.0], [825.0, 883.5], [824.5, 884.0], [824.0, 884.5], [823.5, 885.0], [823.0, 885.5], [822.5, 886.0], [822.5, 887.0], [822.0, 887.5], [821.5, 888.0], [821.0, 888.5], [820.5, 889.0], [820.0, 889.5], [819.5, 890.0], [819.0, 890.5], [818.5, 891.0], [818.5, 892.0], [818.0, 892.5], [817.5, 893.0], [817.0, 893.5], [816.5, 894.0], [816.0, 894.5], [815.5, 895.0], [815.0, 895.5], [814.5, 896.0], [814.0, 896.5], [813.5, 897.0], [813.0, 897.5], [812.0, 897.5], [811.5, 898.0], [811.0, 898.5], [810.5, 899.0], [810.0, 899.5], [809.5, 900.0], [809.0, 900.5], [808.0, 900.5], [807.5, 901.0], [807.0, 901.5], [806.5, 902.0], [806.0, 902.5], [805.0, 902.5], [804.5, 903.0], [804.0, 903.5], [803.5, 904.0], [803.0, 904.5], [802.5, 905.0], [802.0, 905.5], [801.0, 905.5], [800.5, 906.0], [800.0, 906.5], [799.5, 907.0], [799.0, 907.5], [798.5, 908.0], [798.0, 908.5], [797.5, 909.0], [797.0, 909.5], [796.5, 910.0], [796.0, 910.5], [795.5, 911.0], [795.0, 911.5], [794.5, 912.0], [794.0, 912.5], [793.0, 912.5], [792.5, 913.0], [792.0, 913.5], [791.5, 914.0], [791.0, 914.5], [790.0, 914.5], [789.5, 915.0], [789.0, 915.5], [788.0, 915.5], [787.5, 916.0], [787.0, 916.5], [786.0, 916.5], [785.5, 917.0], [785.0, 917.5], [784.0, 917.5], [783.5, 918.0], [783.0, 918.5], [782.5, 919.0], [782.0, 919.5], [781.0, 919.5], [780.5, 920.0], [780.0, 920.5], [779.5, 921.0], [779.0, 921.5], [778.5, 922.0], [778.0, 922.5], [777.5, 923.0], [777.0, 923.5], [776.5, 924.0], [776.0, 924.5], [775.5, 925.0], [775.0, 925.5], [774.0, 925.5], [773.5, 926.0], [773.0, 926.5], [772.5, 927.0], [772.0, 927.5], [771.5, 928.0], [771.0, 928.5], [770.0, 928.5], [769.5, 929.0], [769.0, 929.5], [768.5, 930.0], [768.0, 930.5], [767.5, 931.0], [767.0, 931.5], [766.0, 931.5], [765.5, 932.0], [765.0, 932.5], [764.5, 933.0], [764.0, 933.5], [763.0, 933.5], [762.5, 934.0], [762.0, 934.5], [761.0, 934.5], [760.5, 935.0], [760.0, 935.5], [759.0, 935.5], [758.5, 936.0], [758.0, 936.5], [757.0, 936.5], [756.5, 937.0], [756.0, 937.5], [755.0, 937.5], [754.5, 938.0], [754.0, 938.5], [753.0, 938.5], [752.0, 938.5], [751.5, 939.0], [751.0, 939.5], [750.0, 939.5], [749.5, 940.0], [749.0, 940.5], [748.0, 940.5], [747.5, 941.0], [747.0, 941.5], [746.0, 941.5], [745.5, 942.0], [745.0, 942.5], [744.0, 942.5], [743.5, 943.0], [743.0, 943.5], [742.0, 943.5], [741.5, 944.0], [741.0, 944.5], [740.0, 944.5], [739.5, 945.0], [739.0, 945.5], [738.0, 945.5], [737.5, 946.0], [737.0, 946.5], [736.0, 946.5], [735.0, 946.5], [734.5, 947.0], [734.0, 947.5]]]}}, {"type": "Feature", "properties": {"label": 8, "area_px": 26334}, "geometry": {"type": "Polygon", "coordinates": [[[1279.0, 922.5], [1278.0, 922.5], [1277.0, 922.5], [1276.0, 922.5], [1275.0, 922.5], [1274.0, 922.5], [1273.5, 922.0], [1273.0, 921.5], [1272.5, 921.0], [1272.0, 920.5], [1271.5, 920.0], [1271.5, 919.0], [1271.0, 918.5], [1270.5, 918.0], [1270.5, 917.0], [1270.0, 916.5], [1269.5, 916.0], [1269.5, 915.0], [1269.0, 914.5], [1268.5, 914.0], [1268.5, 913.0], [1268.0, 912.5], [1267.5, 912.0], [1267.5, 911.0], [1268.0, 910.5], [1268.5, 910.0], [1268.5, 909.0], [1268.5, 908.0], [1268.0, 907.5], [1267.5, 907.0], [1267.5, 906.0], [1267.5, 905.0], [1267.0, 904.5], [1266.5, 904.0], [1266.0, 903.5], [1265.0, 903.5], [1264.0, 903.5], [1263.5, 903.0], [1263.0, 902.5], [1262.0, 902.5], [1261.5, 903.0], [1261.0, 903.5], [1260.0, 903.5], [1259.0, 903.5], [1258.5, 904.0], [1258.0, 904.5], [1257.0, 904.5], [1256.0, 904.5], [1255.0, 904.5], [1254.0, 904.5], [1253.5, 905.0], [1253.0, 905.5], [1252.0, 905.5], [1251.0, 905.5], [1250.5, 906.0], [1250.0, 906.5], [1249.0, 906.5], [1248.0, 906.5], [1247.5, 907.0], [1247.0, 907.5], [1246.0, 907.5], [1245.0, 907.5], [1244.5, 908.0], [1244.0, 908.5], [1243.0, 908.5], [1242.0, 908.5], [1241.5, 909.0], [1241.0, 909.5], [1240.0, 909.5], [1239.0, 909.5], [1238.0, 909.5], [1237.0, 909.5], [1236.5, 909.0], [1236.0, 908.5], [1235.0, 908.5], [1234.5, 908.0], [1234.0, 907.5], [1233.0, 907.5], [1232.0, 907.5], [1231.5, 907.0], [1231.0, 906.5], [1230.0, 906.5], [1229.0, 906.5], [1228.0, 906.5], [1227.0, 906.5], [1226.0, 906.5], [1225.0, 906.5], [1224.0, 906.5], [1223.0, 906.5], [1222.0, 906.5], [1221.0, 906.5], [1220.0, 906.5], [1219.5, 906.0], [1219.0, 905.5], [1218.0, 905.5], [1217.0, 905.5], [1216.0, 905.5], [1215.5, 905.0], [1215.0, 904.5], [1214.0, 904.5], [1213.0, 904.5], [1212.5, 904.0], [1212.0, 903.5], [1211.0, 903.5], [1210.0, 903.5], [1209.5, 903.0], [1209.0, 902.5], [1208.0, 902.5], [1207.0, 902.5], [1206.5, 902.0], [1206.0, 901.5], [1205.0, 901.5], [1204.0, 901.5], [1203.5, 901.0], [1203.0, 900.5], [1202.0, 900.5], [1201.0, 900.5], [1200.0, 900.5], [1199.5, 900.0], [1199.0, 899.5], [1198.0, 899.5], [1197.0, 899.5], [1196.5, 899.0], [1196.0, 898.5], [1195.0, 898.5], [1194.0, 898.5], [1193.0, 898.5], [1192.0, 898.5], [1191.5, 898.0], [1191.0, 897.5], [1190.0, 897.5], [1189.0, 897.5], [1188.5, 897.0], [1188.0, 896.5], [1187.0, 896.5], [1186.0, 896.5], [1185.5, 896.0], [1185.0, 895.5], [1184.0, 895.5], [1183.5, 895.0], [1183.0, 894.5], [1182.0, 894.5], [1181.5, 894.0], [1181.0, 893.5], [1180.5, 893.0], [1180.0, 892.5], [1179.0, 892.5], [1178.5, 892.0], [1178.0, 891.5], [1177.5, 891.0], [1177.0, 890.5], [1176.5, 890.0], [1176.0, 889.5], [1175.0, 889.5], [1174.5, 889.0], [1174.0, 888.5], [1173.5, 888.0], [1173.0, 887.5], [1172.5, 887.0], [1172.0, 886.5], [1171.5, 886.0], [1171.0, 885.5], [1170.5, 885.0], [1170.0, 884.5], [1169.5, 884.0], [1169.0, 883.5], [1168.5, 883.0], [1168.0, 882.5], [1167.5, 882.0], [1167.5, 881.0], [1167.0, 880.5], [1166.5, 880.0], [1166.0, 879.5], [1165.5, 879.0], [1165.5, 878.0], [1165.0, 877.5], [1164.5, 877.0], [1164.0, 876.5], [1163.5, 876.0], [1163.5, 875.0], [1163.0, 874.5], [1162.5, 874.0], [1162.0, 873.5], [1161.5, 873.0], [1161.0, 872.5], [1160.5, 872.0], [1160.5, 871.0], [1160.0, 870.5], [1159.5, 870.0], [1159.0, 869.5], [1158.5, 869.0], [1158.5, 868.0], [1158.0, 867.5], [1157.5, 867.0], [1157.5, 866.0], [1157.0, 865.5], [1156.5, 865.0], [1156.5, 864.0], [1156.0, 863.5], [1155.5, 863.0], [1155.5, 862.0], [1155.5, 861.0], [1155.0, 860.5], [1154.5, 860.0], [1154.5, 859.0], [1154.0, 858.5], [1153.5, 858.0], [1153.5, 857.0], [1153.5, 856.0], [1153.0, 855.5], [1152.5, 855.0], [1152.5, 854.0], [1152.0, 853.5], [1151.5, 853.0], [1151.5, 852.0], [1151.0, 851.5], [1150.5, 851.0], [1150.5, 850.0], [1150.5, 849.0], [1150.0, 848.5], [1149.5, 848.0], [1149.5, 847.0], [1149.0, 846.5], [1148.5, 846.0], [1148.5, 845.0], [1148.5, 844.0], [1148.0, 843.5], [1147.5, 843.0], [1147.5, 842.0], [1147.5, 841.0], [1147.0, 840.5], [1146.5, 840.0], [1146.5, 839.0], [1146.5, 838.0], [1146.0, 837.5], [1145.5, 837.0], [1145.5, 836.0], [1145.5, 835.0], [1145.5, 834.0], [1145.5, 833.0], [1145.0, 832.5], [1144.5, 832.0], [1144.5, 831.0], [1144.5, 830.0], [1144.5, 829.0], [1144.0, 828.5], [1143.5, 828.0], [1143.5, 827.0], [1143.5, 826.0], [1143.5, 825.0], [1143.5, 824.0], [1143.0, 823.5], [1142.5, 823.0], [1142.5, 822.0], [1142.5, 821.0], [1142.5, 820.0], [1142.0, 819.5], [1141.5, 819.0], [1141.5, 818.0], [1141.5, 817.0], [1141.5, 816.0], [1141.5, 815.0], [1141.0, 814.5], [1140.5, 814.0], [1140.5, 813.0], [1140.5, 812.0], [1140.5, 811.0], [1140.5, 810.0], [1140.5, 809.0], [1140.5, 808.0], [1140.0, 807.5], [1139.5, 807.0], [1139.5, 806.0], [1139.5, 805.0], [1139.0, 804.5], [1138.5, 804.0], [1138.5, 803.0], [1138.5, 802.0], [1138.0, 801.5], [1137.5, 801.0], [1137.5, 800.0], [1137.0, 799.5], [1136.5, 799.0], [1136.5, 798.0], [1136.0, 797.5], [1135.5, 797.0], [1135.0, 796.5], [1134.5, 796.0], [1134.0, 795.5], [1133.5, 795.0], [1133.5, 794.0], [1133.0, 793.5], [1132.5, 793.0], [1132.0, 792.5], [1131.5, 792.0], [1131.5, 791.0], [1131.0, 790.5], [1130.5, 790.0], [1130.0, 789.5], [1129.5, 789.0], [1129.5, 788.0], [1129.0, 787.5], [1128.5, 787.0], [1128.5, 786.0], [1128.0, 785.5], [1127.5, 785.0], [1127.5, 784.0], [1127.0, 783.5], [1126.5, 783.0], [1126.5, 782.0], [1126.0, 781.5], [1125.5, 781.0], [1125.5, 780.0], [1125.0, 779.5], [1124.5, 779.0], [1124.0, 778.5], [1123.5, 778.0], [1123.0, 777.5], [1122.5, 777.0], [1122.0, 776.5], [1121.5, 776.0], [1121.0, 775.5], [1120.5, 775.0], [1120.0, 774.5], [1119.0, 774.5], [1118.5, 774.0], [1118.0, 773.5], [1117.5, 773.0], [1117.0, 772.5], [1116.0, 772.5], [1115.5, 772.0], [1115.0, 771.5], [1114.5, 771.0], [1114.5, 770.0], [1114.0, 769.5], [1113.5, 769.0], [1113.0, 768.5], [1112.5, 768.0], [1112.5, 767.0], [1112.5, 766.0], [1112.0, 765.5], [1111.5, 765.0], [1111.5, 764.0], [1111.5, 763.0], [1111.0, 762.5], [1110.5, 762.0], [1110.5, 761.0], [1110.5, 760.0], [1110.0, 759.5], [1109.5, 759.0], [1109.5, 758.0], [1109.0, 757.5], [1108.5, 757.0], [1108.5, 756.0], [1108.0, 755.5], [1107.5, 755.0], [1107.5, 754.0], [1107.0, 753.5], [1106.5, 753.0], [1106.5, 752.0], [1106.0, 751.5], [1105.5, 751.0], [1105.5, 750.0], [1105.0, 749.5], [1104.5, 749.0], [1104.5, 748.0], [1104.0, 747.5], [1103.5, 747.0], [1103.5, 746.0], [1103.0, 745.5], [1102.5, 745.0], [1102.0, 744.5], [1101.5, 744.0], [1101.5, 743.0], [1101.0, 742.5], [1100.5, 742.0], [1100.5, 741.0], [1100.0, 740.5], [1099.5, 740.0], [1099.0, 739.5], [1098.5, 739.0], [1098.5, 738.0], [1098.0, 737.5], [1097.5, 737.0], [1097.5, 736.0], [1097.0, 735.5], [1096.5, 735.0], [1096.5, 734.0], [1096.0, 733.5], [1095.5, 733.0], [1095.5, 732.0], [1095.0, 731.5], [1094.5, 731.0], [1094.5, 730.0], [1094.5, 729.0], [1094.5, 728.0], [1094.0, 727.5], [1093.5, 727.0], [1093.5, 726.0], [1093.5, 725.0], [1093.5, 724.0], [1093.5, 723.0], [1093.5, 722.0], [1093.0, 721.5], [1092.5, 721.0], [1092.5, 720.0], [1092.5, 719.0], [1092.5, 718.0], [1092.5, 717.0], [1092.5, 716.0], [1092.5, 715.0], [1092.5, 714.0], [1092.5, 713.0], [1092.0, 712.5], [1091.5, 712.0], [1091.5, 711.0], [1091.5, 710.0], [1091.0, 709.5], [1090.5, 709.0], [1090.5, 708.0], [1090.5, 707.0], [1090.0, 706.5], [1089.5, 706.0], [1089.5, 705.0], [1089.5, 704.0], [1089.5, 703.0], [1089.0, 702.5], [1088.5, 702.0], [1088.5, 701.0], [1088.5, 700.0], [1088.5, 699.0], [1088.5, 698.0], [1088.5, 697.0], [1088.5, 696.0], [1088.5, 695.0], [1088.5, 694.0], [1088.5, 693.0], [1088.5, 692.0], [1088.5, 691.0], [1088.5, 690.0], [1088.5, 689.0], [1088.5, 688.0], [1088.5, 687.0], [1088.5, 686.0], [1088.5, 685.0], [1088.5, 684.0], [1088.5, 683.0], [1089.0, 682.5], [1089.5, 682.0], [1089.5, 681.0], [1089.5, 680.0], [1090.0, 679.5], [1090.5, 679.0], [1090.5, 678.0], [1090.5, 677.0], [1091.0, 676.5], [1091.5, 676.0], [1091.5, 675.0], [1091.5, 674.0], [1092.0, 673.5], [1092.5, 673.0], [1092.5, 672.0], [1092.5, 671.0], [1093.0, 670.5], [1093.5, 670.0], [1093.5, 669.0], [1094.0, 668.5], [1094.5, 668.0], [1094.5, 667.0], [1095.0, 666.5], [1095.5, 666.0], [1095.5, 665.0], [1096.0, 664.5], [1096.5, 664.0], [1096.5, 663.0], [1097.0, 662.5], [1097.5, 662.0], [1098.0, 661.5], [1098.5, 661.0], [1099.0, 660.5], [1099.5, 660.0], [1100.0, 659.5], [1100.5, 659.0], [1100.5, 658.0], [1101.0, 657.5], [1101.5, 657.0], [1102.0, 656.5], [1102.5, 656.0], [1103.0, 655.5], [1103.5, 655.0], [1104.0, 654.5], [1104.5, 654.0], [1105.0, 653.5], [1105.5, 653.0], [1106.0, 652.5], [1106.5, 652.0], [1107.0, 651.5], [1108.0, 651.5], [1109.0, 651.5], [1109.5, 651.0], [1110.0, 650.5], [1111.0, 650.5], [1112.0, 650.5], [1113.0, 650.5], [1114.0, 650.5], [1115.0, 650.5], [1116.0, 650.5], [1117.0, 650.5], [1118.0, 650.5], [1119.0, 650.5], [1120.0, 650.5], [1121.0, 650.5], [1122.0, 650.5], [1123.0, 650.5], [1124.0, 650.5], [1125.0, 650.5], [1126.0, 650.5], [1127.0, 650.5], [1128.0, 650.5], [1129.0, 650.5], [1130.0, 650.5], [1130.5, 651.0], [1131.0, 651.5], [1132.0, 651.5], [1133.0, 651.5], [1134.0, 651.5], [1134.5, 652.0], [1135.0, 652.5], [1136.0, 652.5], [1136.5, 653.0], [1137.0, 653.5], [1137.5, 654.0], [1138.0, 654.5], [1139.0, 654.5], [1139.5, 655.0], [1140.0, 655.5], [1140.5, 656.0], [1141.0, 656.5], [1141.5, 657.0], [1142.0, 657.5], [1142.5, 658.0], [1143.0, 658.5], [1143.5, 659.0], [1143.5, 660.0], [1144.0, 660.5], [1144.5, 661.0], [1145.0, 661.5], [1145.5, 662.0], [1146.0, 662.5], [1146.5, 663.0], [1147.0, 663.5], [1147.5, 664.0], [1148.0, 664.5], [1149.0, 664.5], [1149.5, 665.0], [1150.0, 665.5], [1150.5, 666.0], [1151.0, 666.5], [1151.5, 667.0], [1152.0, 667.5], [1152.5, 668.0], [1153.0, 668.5], [1153.5, 669.0], [1154.0, 669.5], [1154.5, 670.0], [1155.0, 670.5], [1155.5, 671.0], [1155.5, 672.0], [1156.0, 672.5], [1156.5, 673.0], [1157.0, 673.5], [1157.5, 674.0], [1158.0, 674.5], [1158.5, 675.0], [1159.0, 675.5], [1159.5, 676.0], [1160.0, 676.5], [1160.5, 677.0], [1161.0, 677.5], [1161.5, 678.0], [1162.0, 678.5], [1162.5, 679.0], [1163.0, 679.5], [1163.5, 680.0], [1164.0, 680.5], [1164.5, 681.0], [1165.0, 681.5], [1165.5, 682.0], [1166.0, 682.5], [1166.5, 683.0], [1167.0, 683.5], [1167.5, 684.0], [1168.0, 684.5], [1168.5, 685.0], [1169.0, 685.5], [1169.5, 686.0], [1170.0, 686.5], [1171.0, 686.5], [1171.5, 687.0], [1172.0, 687.5], [1172.5, 688.0], [1173.0, 688.5], [1173.5, 689.0], [1174.0, 689.5], [1174.5, 690.0], [1174.5, 691.0], [1175.0, 691.5], [1175.5, 692.0], [1176.0, 692.5], [1176.5, 693.0], [1177.0, 693.5], [1177.5, 694.0], [1178.0, 694.5], [1178.5, 695.0], [1179.0, 695.5], [1180.0, 695.5], [1180.5, 696.0], [1181.0, 696.5], [1181.5, 697.0], [1182.0, 697.5], [1182.5, 698.0], [1183.0, 698.5], [1183.5, 699.0], [1184.0, 699.5], [1184.5, 700.0], [1185.0, 700.5], [1185.5, 701.0], [1185.5, 702.0], [1186.0, 702.5], [1186.5, 703.0], [1187.0, 703.5], [1187.5, 704.0], [1187.5, 705.0], [1188.0, 705.5], [1188.5, 706.0], [1188.5, 707.0], [1189.0, 707.5], [1189.5, 708.0], [1190.0, 708.5], [1190.5, 709.0], [1190.5, 710.0], [1191.0, 710.5], [1191.5, 711.0], [1191.5, 712.0], [1192.0, 712.5], [1192.5, 713.0], [1193.0, 713.5], [1193.5, 714.0], [1194.0, 714.5], [1194.5, 715.0], [1194.5, 716.0], [1195.0, 716.5], [1195.5, 717.0], [1195.5, 718.0], [1196.0, 718.5], [1196.5, 719.0], [1197.0, 719.5], [1197.5, 720.0], [1197.5, 721.0], [1198.0, 721.5], [1198.5, 722.0], [1198.5, 723.0], [1199.0, 723.5], [1199.5, 724.0], [1199.5, 725.0], [1199.5, 726.0], [1200.0, 726.5], [1200.5, 727.0], [1200.5, 728.0], [1201.0, 728.5], [1201.5, 729.0], [1201.5, 730.0], [1202.0, 730.5], [1202.5, 731.0], [1202.5, 732.0], [1203.0, 732.5], [1203.5, 733.0], [1203.5, 734.0], [1204.0, 734.5], [1204.5, 735.0], [1205.0, 735.5], [1205.5, 736.0], [1205.5, 737.0], [1206.0, 737.5], [1206.5, 738.0], [1207.0, 738.5], [1207.5, 739.0], [1207.5, 740.0], [1208.0, 740.5], [1208.5, 741.0], [1209.0, 741.5], [1209.5, 742.0], [1210.0, 742.5], [1210.5, 743.0], [1211.0, 743.5], [1211.5, 744.0], [1212.0, 744.5], [1212.5, 745.0], [1213.0, 745.5], [1213.5, 746.0], [1213.5, 747.0], [1214.0, 747.5], [1214.5, 748.0], [1215.0, 748.5], [1215.5, 749.0], [1215.5, 750.0], [1216.0, 750.5], [1216.5, 751.0], [1217.0, 751.5], [1217.5, 752.0], [1217.5, 753.0], [1218.0, 753.5], [1218.5, 754.0], [1218.5, 755.0], [1219.0, 755.5], [1219.5, 756.0], [1219.5, 757.0], [1220.0, 757.5], [1220.5, 758.0], [1220.5, 759.0], [1221.0, 759.5], [1221.5, 760.0], [1221.5, 761.0], [1221.5, 762.0], [1222.0, 762.5], [1222.5, 763.0], [1222.5, 764.0], [1222.5, 765.0], [1223.0, 765.5], [1223.5, 766.0], [1223.5, 767.0], [1223.5, 768.0], [1224.0, 768.5], [1224.5, 769.0], [1224.5, 770.0], [1224.5, 771.0], [1225.0, 771.5], [1225.5, 772.0], [1225.5, 773.0], [1226.0, 773.5], [1226.5, 774.0], [1226.5, 775.0], [1227.0, 775.5], [1227.5, 776.0], [1228.0, 776.5], [1228.5, 777.0], [1229.0, 777.5], [1229.5, 778.0], [1230.0, 778.5], [1230.5, 779.0], [1230.5, 780.0], [1231.0, 780.5], [1231.5, 781.0], [1232.0, 781.5], [1232.5, 782.0], [1232.5, 783.0], [1233.0, 783.5], [1233.5, 784.0], [1233.5, 785.0], [1234.0, 785.5], [1234.5, 786.0], [1235.0, 786.5], [1235.5, 787.0], [1235.5, 788.0], [1236.0, 788.5], [1236.5, 789.0], [1237.0, 789.5], [1237.5, 790.0], [1237.5, 791.0], [1238.0, 791.5], [1238.5, 792.0], [1239.0, 792.5], [1239.5, 793.0], [1239.5, 794.0], [1240.0, 794.5], [1240.5, 795.0], [1241.0, 795.5], [1241.5, 796.0], [1241.5, 797.0], [1242.0, 797.5], [1242.5, 798.0], [1243.0, 798.5], [1243.5, 799.0], [1243.5, 800.0], [1244.0, 800.5], [1244.5, 801.0], [1245.0, 801.5], [1245.5, 802.0], [1245.5, 803.0], [1246.0, 803.5], [1246.5, 804.0], [1247.0, 804.5], [1247.5, 805.0], [1248.0, 805.5], [1248.5, 806.0], [1248.5, 807.0], [1249.0, 807.5], [1249.5, 808.0], [1250.0, 808.5], [1250.5, 809.0], [1250.5, 810.0], [1251.0, 810.5], [1251.5, 811.0], [1251.5, 812.0], [1252.0, 812.5], [1252.5, 813.0], [1252.5, 814.0], [1253.0, 814.5], [1253.5, 815.0], [1253.5, 816.0], [1254.0, 816.5], [1254.5, 817.0], [1254.5, 818.0], [1255.0, 818.5], [1255.5, 819.0], [1255.5, 820.0], [1256.0, 820.5], [1256.5, 821.0], [1257.0, 821.5], [1257.5, 822.0], [1258.0, 822.5], [1258.5, 823.0], [1259.0, 823.5], [1259.5, 824.0], [1260.0, 824.5], [1260.5, 825.0], [1261.0, 825.5], [1261.5, 826.0], [1261.5, 827.0], [1262.0, 827.5], [1262.5, 828.0], [1263.0, 828.5], [1263.5, 829.0], [1264.0, 829.5], [1264.5, 830.0], [1264.5, 831.0], [1265.0, 831.5], [1265.5, 832.0], [1266.0, 832.5], [1266.5, 833.0], [1266.5, 834.0], [1267.0, 834.5], [1267.5, 835.0], [1267.5, 836.0], [1268.0, 836.5], [1268.5, 837.0], [1268.5, 838.0], [1269.0, 838.5], [1269.5, 839.0], [1269.5, 840.0], [1270.0, 840.5], [1270.5, 841.0], [1271.0, 841.5], [1271.5, 842.0], [1272.0, 842.5], [1272.5, 843.0], [1273.0, 843.5], [1274.0, 843.5], [1274.5, 844.0], [1275.0, 844.5], [1275.5, 845.0], [1276.0, 845.5], [1276.5, 846.0], [1277.0, 846.5], [1277.5, 847.0], [1277.5, 848.0], [1278.0, 848.5], [1278.5, 849.0], [1278.5, 850.0], [1278.5, 851.0], [1278.5, 852.0], [1278.5, 853.0], [1278.5, 854.0], [1278.5, 855.0], [1278.5, 856.0], [1278.5, 857.0], [1278.5, 858.0], [1278.5, 859.0], [1278.5, 860.0], [1278.5, 861.0], [1278.5, 862.0], [1278.5, 863.0], [1278.5, 864.0], [1278.5, 865.0], [1278.5, 866.0], [1279.0, 866.5], [1279.5, 867.0], [1279.5, 868.0], [1279.5, 869.0], [1279.5, 870.0], [1279.5, 871.0], [1279.5, 872.0], [1280.0, 872.5], [1280.5, 873.0], [1280.5, 874.0], [1280.5, 875.0], [1281.0, 875.5], [1281.5, 876.0], [1281.5, 877.0], [1281.0, 877.5], [1280.5, 878.0], [1280.0, 878.5], [1279.5, 879.0], [1279.5, 880.0], [1279.5, 881.0], [1279.0, 881.5], [1278.5, 882.0], [1279.0, 882.5], [1279.5, 883.0], [1279.5, 884.0], [1279.5, 885.0], [1280.0, 885.5], [1280.5, 886.0], [1281.0, 886.5], [1282.0, 886.5], [1283.0, 886.5], [1283.5, 887.0], [1284.0, 887.5], [1284.5, 887.0], [1285.0, 886.5], [1286.0, 886.5], [1287.0, 886.5], [1287.5, 886.0], [1288.0, 885.5], [1288.5, 885.0], [1288.5, 884.0], [1288.5, 883.0], [1289.0, 882.5], [1289.5, 882.0], [1289.0, 881.5], [1288.5, 881.0], [1288.5, 880.0], [1288.5, 879.0], [1289.0, 878.5], [1289.5, 878.0], [1290.0, 877.5], [1290.5, 877.0], [1290.5, 876.0], [1290.5, 875.0], [1291.0, 874.5], [1291.5, 874.0], [1292.0, 873.5], [1292.5, 873.0], [1293.0, 872.5], [1293.5, 872.0], [1294.0, 871.5], [1295.0, 871.5], [1296.0, 871.5], [1297.0, 871.5], [1298.0, 871.5], [1299.0, 871.5], [1300.0, 871.5], [1301.0, 871.5], [1301.5, 872.0], [1302.0, 872.5], [1303.0, 872.5], [1303.5, 873.0], [1304.0, 873.5], [1304.5, 874.0], [1304.5, 875.0], [1305.0, 875.5], [1305.5, 876.0], [1305.0, 876.5], [1304.5, 877.0], [1304.5, 878.0], [1304.0, 878.5], [1303.5, 879.0], [1303.0, 879.5], [1302.5, 880.0], [1302.0, 880.5], [1301.5, 881.0], [1301.0, 881.5], [1300.5, 882.0], [1300.0, 882.5], [1299.5, 883.0], [1299.0, 883.5], [1298.0, 883.5], [1297.5, 884.0], [1297.0, 884.5], [1296.5, 885.0], [1296.0, 885.5], [1295.0, 885.5], [1294.5, 886.0], [1294.0, 886.5], [1293.5, 887.0], [1293.0, 887.5], [1292.5, 888.0], [1292.0, 888.5], [1291.5, 889.0], [1291.0, 889.5], [1290.5, 890.0], [1290.5, 891.0], [1290.5, 892.0], [1290.0, 892.5], [1289.5, 893.0], [1289.5, 894.0], [1289.5, 895.0], [1289.5, 896.0], [1289.0, 896.5], [1288.5, 897.0], [1288.5, 898.0], [1288.5, 899.0], [1288.0, 899.5], [1287.5, 900.0], [1287.0, 900.5], [1286.5, 901.0], [1286.0, 901.5], [1285.0, 901.5], [1284.5, 902.0], [1284.0, 902.5], [1283.5, 903.0], [1283.0, 903.5], [1282.5, 904.0], [1282.5, 905.0], [1282.5, 906.0], [1282.0, 906.5], [1281.5, 907.0], [1282.0, 907.5], [1282.5, 908.0], [1282.5, 909.0], [1282.5, 910.0], [1282.5, 911.0], [1282.5, 912.0], [1282.5, 913.0], [1282.5, 914.0], [1282.5, 915.0], [1282.5, 916.0], [1282.5, 917.0], [1282.5, 918.0], [1282.0, 918.5], [1281.5, 919.0], [1281.5, 920.0], [1281.0, 920.5], [1280.5, 921.0], [1280.0, 921.5], [1279.5, 922.0], [1279.0, 922.5]], [[1275.5, 904.0], [1276.0, 903.5], [1277.0, 903.5], [1278.0, 903.5], [1278.5, 903.0], [1279.0, 902.5], [1279.5, 902.0], [1279.5, 901.0], [1279.5, 900.0], [1280.0, 899.5], [1280.5, 899.0], [1280.0, 898.5], [1279.5, 898.0], [1279.5, 897.0], [1279.5, 896.0], [1279.0, 895.5], [1278.5, 895.0], [1278.0, 894.5], [1277.0, 894.5], [1276.0, 894.5], [1275.5, 894.0], [1275.0, 893.5], [1274.5, 894.0], [1274.0, 894.5], [1273.0, 894.5], [1272.0, 894.5], [1271.5, 895.0], [1271.0, 895.5], [1270.5, 896.0], [1270.5, 897.0], [1270.5, 898.0], [1270.0, 898.5], [1269.5, 899.0], [1270.0, 899.5], [1270.5, 900.0], [1270.5, 901.0], [1270.5, 902.0], [1271.0, 902.5], [1271.5, 903.0], [1272.0, 903.5], [1273.0, 903.5], [1274.0, 903.5], [1274.5, 904.0], [1275.0, 904.5], [1275.5, 904.0]]]}}, {"type": "Feature", "properties": {"label": 9, "area_px": 40150}, "geometry": {"type": "Polygon", "coordinates": [[[431.0, 995.5], [430.0, 995.5], [429.0, 995.5], [428.0, 995.5], [427.0, 995.5], [426.5, 995.0], [426.0, 994.5], [425.0, 994.5], [424.0, 994.5], [423.0, 994.5], [422.0, 994.5], [421.5, 994.0], [421.0, 993.5], [420.0, 993.5], [419.0, 993.5], [418.5, 993.0], [418.0, 992.5], [417.0, 992.5], [416.0, 992.5], [415.5, 992.0], [415.0, 991.5], [414.0, 991.5], [413.5, 991.0], [413.0, 990.5], [412.0, 990.5], [411.5, 990.0], [411.0, 989.5], [410.0, 989.5], [409.5, 989.0], [409.0, 988.5], [408.0, 988.5], [407.5, 988.0], [407.0, 987.5], [406.5, 987.0], [406.0, 986.5], [405.5, 986.0], [405.0, 985.5], [404.5, 985.0], [404.0, 984.5], [403.5, 984.0], [403.0, 983.5], [402.5, 983.0], [402.0, 982.5], [401.5, 982.0], [401.0, 981.5], [400.5, 981.0], [400.5, 980.0], [400.0, 979.5], [399.5, 979.0], [399.0, 978.5], [398.5, 978.0], [398.5, 977.0], [398.0, 976.5], [397.5, 976.0], [397.5, 975.0], [397.0, 974.5], [396.5, 974.0], [396.5, 973.0], [396.0, 972.5], [395.5, 972.0], [395.5, 971.0], [395.0, 970.5], [394.5, 970.0], [394.5, 969.0], [394.0, 968.5], [393.5, 968.0], [393.5, 967.0], [393.5, 966.0], [393.0, 965.5], [392.5, 965.0], [392.5, 964.0], [392.0, 963.5], [391.5, 963.0], [391.5, 962.0], [391.5, 961.0], [391.0, 960.5], [390.5, 960.0], [390.5, 959.0], [390.0, 958.5], [389.5, 958.0], [389.5, 957.0], [389.5, 956.0], [389.0, 955.5], [388.5, 955.0], [388.0, 954.5], [387.5, 954.0], [387.5, 953.0], [387.0, 952.5], [386.5, 952.0], [386.0, 951.5], [385.5, 951.0], [385.0, 950.5], [384.5, 950.0], [384.5, 949.0], [384.0, 948.5], [383.5, 948.0], [383.0, 947.5], [382.5, 947.0], [382.5, 946.0], [382.0, 945.5], [381.5, 945.0], [381.5, 944.0], [381.0, 943.5], [380.5, 943.0], [380.5, 942.0], [380.5, 941.0], [380.0, 940.5], [379.5, 940.0], [379.5, 939.0], [379.0, 938.5], [378.5, 938.0], [378.5, 937.0], [378.5, 936.0], [378.0, 935.5], [377.5, 935.0], [377.5, 934.0], [377.0, 933.5], [376.5, 933.0], [376.5, 932.0], [376.5, 931.0], [376.0, 930.5], [375.5, 930.0], [375.5, 929.0], [375.5, 928.0], [375.5, 927.0], [375.0, 926.5], [374.5, 926.0], [374.5, 925.0], [374.5, 924.0], [374.5, 923.0], [374.5, 922.0], [374.5, 921.0], [374.5, 920.0], [374.5, 919.0], [374.5, 918.0], [374.5, 917.0], [374.5, 916.0], [374.5, 915.0], [375.0, 914.5], [375.5, 914.0], [375.5, 913.0], [375.5, 912.0], [375.5, 911.0], [375.5, 910.0], [375.5, 909.0], [376.0, 908.5], [376.5, 908.0], [376.5, 907.0], [376.5, 906.0], [376.5, 905.0], [376.5, 904.0], [376.5, 903.0], [376.5, 902.0], [376.5, 901.0], [376.5, 900.0], [376.5, 899.0], [376.5, 898.0], [376.5, 897.0], [376.5, 896.0], [376.5, 895.0], [376.5, 894.0], [376.5, 893.0], [376.5, 892.0], [377.0, 891.5], [377.5, 891.0], [377.5, 890.0], [377.5, 889.0], [377.5, 888.0], [377.5, 887.0], [377.5, 886.0], [377.5, 885.0], [377.5, 884.0], [377.0, 883.5], [376.5, 883.0], [376.5, 882.0], [376.5, 881.0], [376.5, 880.0], [376.5, 879.0], [376.5, 878.0], [376.5, 877.0], [376.5, 876.0], [376.5, 875.0], [376.5, 874.0], [376.5, 873.0], [376.5, 872.0], [376.5, 871.0], [376.5, 870.0], [376.5, 869.0], [376.5, 868.0], [376.0, 867.5], [375.5, 867.0], [375.5, 866.0], [375.5, 865.0], [375.5, 864.0], [375.5, 863.0], [375.0, 862.5], [374.5, 862.0], [374.5, 861.0], [374.5, 860.0], [374.0, 859.5], [373.5, 859.0], [373.5, 858.0], [373.0, 857.5], [372.5, 857.0], [372.5, 856.0], [372.0, 855.5], [371.5, 855.0], [371.5, 854.0], [371.0, 853.5], [370.5, 853.0], [370.5, 852.0], [370.5, 851.0], [370.5, 850.0], [370.5, 849.0], [370.5, 848.0], [370.0, 847.5], [369.5, 847.0], [369.5, 846.0], [369.5, 845.0], [369.0, 844.5], [368.5, 844.0], [368.5, 843.0], [368.5, 842.0], [368.0, 841.5], [367.5, 841.0], [367.0, 840.5], [366.5, 840.0], [366.0, 839.5], [365.5, 839.0], [365.0, 838.5], [364.5, 838.0], [364.0, 837.5], [363.5, 837.0], [363.0, 836.5], [362.5, 836.0], [362.0, 835.5], [361.5, 835.0], [361.0, 834.5], [360.5, 834.0], [360.0, 833.5], [359.5, 833.0], [359.5, 832.0], [359.0, 831.5], [358.5, 831.0], [358.0, 830.5], [357.5, 830.0], [357.0, 829.5], [356.5, 829.0], [356.5, 828.0], [356.0, 827.5], [355.5, 827.0], [355.0, 826.5], [354.5, 826.0], [354.5, 825.0], [354.0, 824.5], [353.5, 824.0], [353.0, 823.5], [352.5, 823.0], [352.0, 822.5], [351.5, 822.0], [351.0, 821.5], [350.5, 821.0], [350.0, 820.5], [349.5, 820.0], [349.0, 819.5], [348.5, 819.0], [348.0, 818.5], [347.5, 818.0], [347.0, 817.5], [346.0, 817.5], [345.5, 817.0], [345.0, 816.5], [344.5, 816.0], [344.0, 815.5], [343.5, 815.0], [343.0, 814.5], [342.5, 814.0], [342.0, 813.5], [341.5, 813.0], [341.5, 812.0], [341.0, 811.5], [340.5, 811.0], [340.0, 810.5], [339.5, 810.0], [339.0, 809.5], [338.5, 809.0], [338.5, 808.0], [338.0, 807.5], [337.5, 807.0], [337.0, 806.5], [336.5, 806.0], [336.0, 805.5], [335.5, 805.0], [335.0, 804.5], [334.5, 804.0], [334.5, 803.0], [334.0, 802.5], [333.5, 802.0], [333.0, 801.5], [332.5, 801.0], [332.0, 800.5], [331.0, 800.5], [330.5, 800.0], [330.0, 799.5], [329.5, 799.0], [329.0, 798.5], [328.0, 798.5], [327.5, 798.0], [327.0, 797.5], [326.5, 797.0], [326.0, 796.5], [325.5, 796.0], [325.0, 795.5], [324.0, 795.5], [323.5, 795.0], [323.0, 794.5], [322.5, 794.0], [322.0, 793.5], [321.5, 793.0], [321.0, 792.5], [320.5, 792.0], [320.0, 791.5], [319.5, 791.0], [319.0, 790.5], [318.5, 790.0], [318.0, 789.5], [317.5, 789.0], [317.0, 788.5], [316.5, 788.0], [316.0, 787.5], [315.5, 787.0], [315.0, 786.5], [314.5, 786.0], [314.0, 785.5], [313.5, 785.0], [313.0, 784.5], [312.5, 784.0], [312.0, 783.5], [311.5, 783.0], [311.0, 782.5], [310.5, 782.0], [310.0, 781.5], [309.5, 781.0], [309.5, 780.0], [309.0, 779.5], [308.5, 779.0], [308.0, 778.5], [307.5, 778.0], [307.5, 777.0], [307.0, 776.5], [306.5, 776.0], [306.5, 775.0], [306.5, 774.0], [306.0, 773.5], [305.5, 773.0], [305.5, 772.0], [305.0, 771.5], [304.5, 771.0], [304.5, 770.0], [304.5, 769.0], [304.5, 768.0], [304.0, 767.5], [303.5, 767.0], [303.5, 766.0], [303.5, 765.0], [303.5, 764.0], [303.0, 763.5], [302.5, 763.0], [302.5, 762.0], [302.5, 761.0], [302.5, 760.0], [302.5, 759.0], [302.5, 758.0], [302.5, 757.0], [302.5, 756.0], [302.0, 755.5], [301.5, 755.0], [301.5, 754.0], [301.5, 753.0], [301.5, 752.0], [302.0, 751.5], [302.5, 751.0], [302.5, 750.0], [302.5, 749.0], [302.5, 748.0], [302.5, 747.0], [303.0, 746.5], [303.5, 746.0], [303.5, 745.0], [303.5, 744.0], [303.5, 743.0], [304.0, 742.5], [304.5, 742.0], [304.5, 741.0], [305.0, 740.5], [305.5, 740.0], [305.5, 739.0], [305.5, 738.0], [306.0, 737.5], [306.5, 737.0], [306.5, 736.0], [307.0, 735.5], [307.5, 735.0], [307.5, 734.0], [308.0, 733.5], [308.5, 733.0], [309.0, 732.5], [309.5, 732.0], [309.5, 731.0], [310.0, 730.5], [310.5, 730.0], [311.0, 729.5], [311.5, 729.0], [312.0, 728.5], [312.5, 728.0], [313.0, 727.5], [313.5, 727.0], [314.0, 726.5], [314.5, 726.0], [314.5, 725.0], [315.0, 724.5], [315.5, 724.0], [316.0, 723.5], [316.5, 723.0], [317.0, 722.5], [317.5, 722.0], [317.5, 721.0], [318.0, 720.5], [318.5, 720.0], [318.5, 719.0], [319.0, 718.5], [319.5, 718.0], [319.5, 717.0], [319.5, 716.0], [320.0, 715.5], [320.5, 715.0], [320.5, 714.0], [321.0, 713.5], [321.5, 713.0], [321.5, 712.0], [322.0, 711.5], [322.5, 711.0], [322.5, 710.0], [322.5, 709.0], [323.0, 708.5], [323.5, 708.0], [323.5, 707.0], [324.0, 706.5], [324.5, 706.0], [324.5, 705.0], [325.0, 704.5], [325.5, 704.0], [325.5, 703.0], [326.0, 702.5], [326.5, 702.0], [326.5, 701.0], [327.0, 700.5], [327.5, 700.0], [327.5, 699.0], [328.0, 698.5], [328.5, 698.0], [328.5, 697.0], [329.0, 696.5], [329.5, 696.0], [329.5, 695.0], [330.0, 694.5], [330.5, 694.0], [330.5, 693.0], [331.0, 692.5], [331.5, 692.0], [332.0, 691.5], [332.5, 691.0], [333.0, 690.5], [333.5, 690.0], [334.0, 689.5], [334.5, 689.0], [335.0, 688.5], [335.5, 688.0], [336.0, 687.5], [336.5, 687.0], [337.0, 686.5], [337.5, 686.0], [338.0, 685.5], [338.5, 685.0], [339.0, 684.5], [339.5, 684.0], [340.0, 683.5], [340.5, 683.0], [341.0, 682.5], [341.5, 682.0], [342.0, 681.5], [342.5, 681.0], [343.0, 680.5], [344.0, 680.5], [344.5, 680.0], [345.0, 679.5], [345.5, 679.0], [346.0, 678.5], [347.0, 678.5], [347.5, 678.0], [348.0, 677.5], [348.5, 677.0], [349.0, 676.5], [350.0, 676.5], [350.5, 676.0], [351.0, 675.5], [351.5, 675.0], [352.0, 674.5], [353.0, 674.5], [353.5, 674.0], [354.0, 673.5], [354.5, 673.0], [355.0, 672.5], [355.5, 672.0], [356.0, 671.5], [356.5, 671.0], [357.0, 670.5], [357.5, 670.0], [358.0, 669.5], [358.5, 669.0], [359.0, 668.5], [359.5, 668.0], [360.0, 667.5], [361.0, 667.5], [361.5, 667.0], [362.0, 666.5], [363.0, 666.5], [363.5, 666.0], [364.0, 665.5], [365.0, 665.5], [366.0, 665.5], [367.0, 665.5], [367.5, 665.0], [368.0, 664.5], [369.0, 664.5], [370.0, 664.5], [371.0, 664.5], [371.5, 664.0], [372.0, 663.5], [373.0, 663.5], [374.0, 663.5], [375.0, 663.5], [376.0, 663.5], [376.5, 663.0], [377.0, 662.5], [378.0, 662.5], [379.0, 662.5], [380.0, 662.5], [380.5, 662.0], [381.0, 661.5], [382.0, 661.5], [383.0, 661.5], [384.0, 661.5], [384.5, 661.0], [385.0, 660.5], [386.0, 660.5], [387.0, 660.5], [388.0, 660.5], [388.5, 660.0], [389.0, 659.5], [390.0, 659.5], [391.0, 659.5], [392.0, 659.5], [392.5, 659.0], [393.0, 658.5], [394.0, 658.5], [395.0, 658.5], [396.0, 658.5], [397.0, 658.5], [398.0, 658.5], [399.0, 658.5], [400.0, 658.5], [400.5, 659.0], [401.0, 659.5], [402.0, 659.5], [403.0, 659.5], [403.5, 660.0], [404.0, 660.5], [405.0, 660.5], [406.0, 660.5], [406.5, 661.0], [407.0, 661.5], [408.0, 661.5], [409.0, 661.5], [409.5, 662.0], [410.0, 662.5], [411.0, 662.5], [412.0, 662.5], [413.0, 662.5], [414.0, 662.5], [414.5, 663.0], [415.0, 663.5], [416.0, 663.5], [416.5, 664.0], [417.0, 664.5], [418.0, 664.5], [419.0, 664.5], [419.5, 665.0], [420.0, 665.5], [421.0, 665.5], [422.0, 665.5], [422.5, 666.0], [423.0, 666.5], [424.0, 666.5], [425.0, 666.5], [425.5, 667.0], [426.0, 667.5], [427.0, 667.5], [428.0, 667.5], [428.5, 668.0], [429.0, 668.5], [430.0, 668.5], [431.0, 668.5], [431.5, 669.0], [432.0, 669.5], [433.0, 669.5], [434.0, 669.5], [434.5, 670.0], [435.0, 670.5], [436.0, 670.5], [437.0, 670.5], [437.5, 671.0], [438.0, 671.5], [439.0, 671.5], [440.0, 671.5], [440.5, 672.0], [441.0, 672.5], [441.5, 673.0], [442.0, 673.5], [443.0, 673.5], [443.5, 674.0], [444.0, 674.5], [444.5, 675.0], [445.0, 675.5], [446.0, 675.5], [446.5, 676.0], [447.0, 676.5], [447.5, 677.0], [448.0, 677.5], [449.0, 677.5], [449.5, 678.0], [450.0, 678.5], [450.5, 679.0], [451.0, 679.5], [452.0, 679.5], [452.5, 680.0], [453.0, 680.5], [454.0, 680.5], [454.5, 681.0], [455.0, 681.5], [455.5, 682.0], [456.0, 682.5], [456.5, 683.0], [457.0, 683.5], [457.5, 684.0], [458.0, 684.5], [458.5, 685.0], [458.5, 686.0], [459.0, 686.5], [459.5, 687.0], [460.0, 687.5], [460.5, 688.0], [460.5, 689.0], [461.0, 689.5], [461.5, 690.0], [462.0, 690.5], [462.5, 691.0], [463.0, 691.5], [463.5, 692.0], [464.0, 692.5], [465.0, 692.5], [465.5, 693.0], [466.0, 693.5], [467.0, 693.5], [468.0, 693.5], [468.5, 694.0], [469.0, 694.5], [470.0, 694.5], [471.0, 694.5], [471.5, 695.0], [472.0, 695.5], [472.5, 696.0], [473.0, 696.5], [474.0, 696.5], [474.5, 697.0], [475.0, 697.5], [475.5, 698.0], [475.5, 699.0], [476.0, 699.5], [476.5, 700.0], [477.0, 700.5], [477.5, 701.0], [477.5, 702.0], [478.0, 702.5], [478.5, 703.0], [478.5, 704.0], [478.5, 705.0], [478.5, 706.0], [478.5, 707.0], [479.0, 707.5], [479.5, 708.0], [479.5, 709.0], [479.5, 710.0], [480.0, 710.5], [480.5, 711.0], [481.0, 711.5], [481.5, 712.0], [482.0, 712.5], [483.0, 712.5], [484.0, 712.5], [484.5, 713.0], [485.0, 713.5], [486.0, 713.5], [487.0, 713.5], [487.5, 714.0], [488.0, 714.5], [488.5, 715.0], [489.0, 715.5], [489.5, 716.0], [489.5, 717.0], [490.0, 717.5], [490.5, 718.0], [490.5, 719.0], [490.5, 720.0], [490.5, 721.0], [490.5, 722.0], [490.5, 723.0], [490.5, 724.0], [490.5, 725.0], [490.5, 726.0], [490.5, 727.0], [490.0, 727.5], [489.5, 728.0], [489.5, 729.0], [490.0, 729.5], [490.5, 730.0], [490.5, 731.0], [490.5, 732.0], [491.0, 732.5], [491.5, 733.0], [491.5, 734.0], [492.0, 734.5], [492.5, 735.0], [493.0, 735.5], [493.5, 736.0], [494.0, 736.5], [494.5, 737.0], [494.5, 738.0], [495.0, 738.5], [495.5, 739.0], [496.0, 739.5], [496.5, 740.0], [497.0, 740.5], [497.5, 741.0], [498.0, 741.5], [498.5, 742.0], [499.0, 742.5], [499.5, 743.0], [500.0, 743.5], [500.5, 744.0], [501.0, 744.5], [501.5, 745.0], [501.5, 746.0], [502.0, 746.5], [502.5, 747.0], [502.5, 748.0], [503.0, 748.5], [503.5, 749.0], [503.5, 750.0], [503.5, 751.0], [504.0, 751.5], [504.5, 752.0], [504.5, 753.0], [504.5, 754.0], [504.5, 755.0], [504.5, 756.0], [504.5, 757.0], [504.0, 757.5], [503.5, 758.0], [503.5, 759.0], [503.0, 759.5], [502.0, 759.5], [501.0, 759.5], [500.0, 759.5], [499.0, 759.5], [498.0, 759.5], [497.5, 759.0], [497.0, 758.5], [496.0, 758.5], [495.0, 758.5], [494.5, 758.0], [494.0, 757.5], [493.0, 757.5], [492.0, 757.5], [491.0, 757.5], [490.5, 757.0], [490.0, 756.5], [489.0, 756.5], [488.0, 756.5], [487.5, 756.0], [487.0, 755.5], [486.5, 756.0], [486.0, 756.5], [485.0, 756.5], [484.0, 756.5], [483.5, 757.0], [483.0, 757.5], [482.5, 758.0], [482.5, 759.0], [482.5, 760.0], [482.0, 760.5], [481.5, 761.0], [482.0, 761.5], [482.5, 762.0], [482.5, 763.0], [482.5, 764.0], [483.0, 764.5], [483.5, 765.0], [483.5, 766.0], [484.0, 766.5], [484.5, 767.0], [485.0, 767.5], [485.5, 768.0], [486.0, 768.5], [486.5, 769.0], [486.5, 770.0], [487.0, 770.5], [487.5, 771.0], [487.5, 772.0], [488.0, 772.5], [488.5, 773.0], [488.5, 774.0], [489.0, 774.5], [489.5, 775.0], [490.0, 775.5], [490.5, 776.0], [490.5, 777.0], [491.0, 777.5], [491.5, 778.0], [492.0, 778.5], [492.5, 779.0], [492.5, 780.0], [493.0, 780.5], [493.5, 781.0], [494.0, 781.5], [494.5, 782.0], [494.5, 783.0], [495.0, 783.5], [495.5, 784.0], [496.0, 784.5], [496.5, 785.0], [496.5, 786.0], [497.0, 786.5], [497.5, 787.0], [497.5, 788.0], [497.5, 789.0], [497.5, 790.0], [497.5, 791.0], [497.5, 792.0], [497.5, 793.0], [497.0, 793.5], [496.5, 794.0], [496.0, 794.5], [495.5, 795.0], [495.0, 795.5], [494.5, 796.0], [494.5, 797.0], [494.5, 798.0], [494.0, 798.5], [493.5, 799.0], [493.5, 800.0], [493.5, 801.0], [493.5, 802.0], [493.5, 803.0], [493.5, 804.0], [493.5, 805.0], [493.5, 806.0], [493.5, 807.0], [493.5, 808.0], [493.0, 808.5], [492.5, 809.0], [492.5, 810.0], [492.5, 811.0], [492.5, 812.0], [492.5, 813.0], [492.0, 813.5], [491.5, 814.0], [491.5, 815.0], [491.5, 816.0], [491.5, 817.0], [491.0, 817.5], [490.5, 818.0], [490.5, 819.0], [490.0, 819.5], [489.5, 820.0], [489.5, 821.0], [489.5, 822.0], [489.0, 822.5], [488.5, 823.0], [488.5, 824.0], [488.0, 824.5], [487.5, 825.0], [487.5, 826.0], [487.0, 826.5], [486.5, 827.0], [486.5, 828.0], [486.0, 828.5], [485.5, 829.0], [485.5, 830.0], [485.0, 830.5], [484.5, 831.0], [484.5, 832.0], [484.5, 833.0], [484.0, 833.5], [483.5, 834.0], [483.5, 835.0], [483.0, 835.5], [482.5, 836.0], [482.5, 837.0], [482.0, 837.5], [481.5, 838.0], [481.5, 839.0], [481.5, 840.0], [481.0, 840.5], [480.5, 841.0], [480.5, 842.0], [480.5, 843.0], [480.0, 843.5], [479.5, 844.0], [479.5, 845.0], [479.5, 846.0], [479.0, 846.5], [478.5, 847.0], [478.5, 848.0], [478.5, 849.0], [478.0, 849.5], [477.5, 850.0], [477.5, 851.0], [477.5, 852.0], [477.0, 852.5], [476.5, 853.0], [476.5, 854.0], [476.5, 855.0], [476.0, 855.5], [475.5, 856.0], [475.5, 857.0], [475.5, 858.0], [475.0, 858.5], [474.5, 859.0], [474.5, 860.0], [474.5, 861.0], [474.0, 861.5], [473.5, 862.0], [473.5, 863.0], [473.0, 863.5], [472.5, 864.0], [472.5, 865.0], [472.5, 866.0], [472.0, 866.5], [471.5, 867.0], [471.5, 868.0], [471.5, 869.0], [471.0, 869.5], [470.5, 870.0], [470.5, 871.0], [470.5, 872.0], [470.5, 873.0], [470.5, 874.0], [470.5, 875.0], [470.0, 875.5], [469.5, 876.0], [469.5, 877.0], [469.5, 878.0], [469.5, 879.0], [469.5, 880.0], [469.0, 880.5], [468.5, 881.0], [468.5, 882.0], [468.5, 883.0], [468.5, 884.0], [468.0, 884.5], [467.5, 885.0], [467.5, 886.0], [467.5, 887.0], [467.5, 888.0], [467.0, 888.5], [466.5, 889.0], [466.5, 890.0], [466.5, 891.0], [466.5, 892.0], [466.0, 892.5], [465.5, 893.0], [465.5, 894.0], [465.5, 895.0], [465.5, 896.0], [465.5, 897.0], [465.5, 898.0], [465.5, 899.0], [465.0, 899.5], [464.5, 900.0], [464.5, 901.0], [464.5, 902.0], [464.5, 903.0], [464.5, 904.0], [464.5, 905.0], [464.0, 905.5], [463.5, 906.0], [463.5, 907.0], [463.5, 908.0], [463.5, 909.0], [463.5, 910.0], [463.0, 910.5], [462.5, 911.0], [462.5, 912.0], [462.5, 913.0], [462.5, 914.0], [462.5, 915.0], [462.5, 916.0], [462.5, 917.0], [462.0, 917.5], [461.5, 918.0], [461.5, 919.0], [461.5, 920.0], [461.5, 921.0], [461.0, 921.5], [460.5, 922.0], [460.5, 923.0], [460.5, 924.0], [460.0, 924.5], [459.5, 925.0], [459.5, 926.0], [459.5, 927.0], [459.5, 928.0], [459.5, 929.0], [459.5, 930.0], [459.5, 931.0], [459.5, 932.0], [459.5, 933.0], [459.5, 934.0], [459.5, 935.0], [459.5, 936.0], [459.5, 937.0], [459.5, 938.0], [460.0, 938.5], [460.5, 939.0], [460.5, 940.0], [460.5, 941.0], [460.5, 942.0], [460.5, 943.0], [460.5, 944.0], [460.5, 945.0], [460.5, 946.0], [460.5, 947.0], [460.5, 948.0], [460.5, 949.0], [460.5, 950.0], [460.5, 951.0], [460.5, 952.0], [460.5, 953.0], [460.5, 954.0], [460.5, 955.0], [460.5, 956.0], [460.5, 957.0], [460.5, 958.0], [460.5, 959.0], [460.5, 960.0], [460.5, 961.0], [460.5, 962.0], [460.5, 963.0], [460.5, 964.0], [460.5, 965.0], [460.5, 966.0], [460.0, 966.5], [459.5, 967.0], [459.5, 968.0], [459.0, 968.5], [458.5, 969.0], [458.5, 970.0], [458.0, 970.5], [457.5, 971.0], [457.5, 972.0], [457.0, 972.5], [456.5, 973.0], [456.5, 974.0], [456.0, 974.5], [455.5, 975.0], [455.5, 976.0], [455.0, 976.5], [454.5, 977.0], [454.5, 978.0], [454.0, 978.5], [453.5, 979.0], [453.0, 979.5], [452.5, 980.0], [452.5, 981.0], [452.0, 981.5], [451.5, 982.0], [451.0, 982.5], [450.5, 983.0], [450.0, 983.5], [449.5, 984.0], [449.0, 984.5], [448.5, 985.0], [448.0, 985.5], [447.5, 986.0], [447.0, 986.5], [446.5, 987.0], [446.0, 987.5], [445.5, 988.0], [445.0, 988.5], [444.5, 989.0], [444.0, 989.5], [443.0, 989.5], [442.5, 990.0], [442.0, 990.5], [441.5, 991.0], [441.0, 991.5], [440.0, 991.5], [439.5, 992.0], [439.0, 992.5], [438.0, 992.5], [437.5, 993.0], [437.0, 993.5], [436.0, 993.5], [435.5, 994.0], [435.0, 994.5], [434.0, 994.5], [433.0, 994.5], [432.0, 994.5], [431.5, 995.0], [431.0, 995.5]]]}}, {"type": "Feature", "properties": {"label": 10, "area_px": 23537}, "geometry": {"type": "Polygon", "coordinates": [[[1512.0, 1120.5], [1511.0, 1120.5], [1510.0, 1120.5], [1509.0, 1120.5], [1508.0, 1120.5], [1507.0, 1120.5], [1506.0, 1120.5], [1505.0, 1120.5], [1504.0, 1120.5], [1503.0, 1120.5], [1502.5, 1120.0], [1502.0, 1119.5], [1501.0, 1119.5], [1500.0, 1119.5], [1499.0, 1119.5], [1498.0, 1119.5], [1497.0, 1119.5], [1496.0, 1119.5], [1495.0, 1119.5], [1494.0, 1119.5], [1493.0, 1119.5], [1492.0, 1119.5], [1491.0, 1119.5], [1490.0, 1119.5], [1489.0, 1119.5], [1488.0, 1119.5], [1487.0, 1119.5], [1486.0, 1119.5], [1485.5, 1119.0], [1485.0, 1118.5], [1484.0, 1118.5], [1483.0, 1118.5], [1482.0, 1118.5], [1481.5, 1118.0], [1481.0, 1117.5], [1480.0, 1117.5], [1479.0, 1117.5], [1478.5, 1117.0], [1478.0, 1116.5], [1477.0, 1116.5], [1476.5, 1116.0], [1476.0, 1115.5], [1475.0, 1115.5], [1474.5, 1115.0], [1474.0, 1114.5], [1473.0, 1114.5], [1472.5, 1114.0], [1472.0, 1113.5], [1471.0, 1113.5], [1470.0, 1113.5], [1469.5, 1113.0], [1469.0, 1112.5], [1468.0, 1112.5], [1467.5, 1112.0], [1467.0, 1111.5], [1466.5, 1111.0], [1466.0, 1110.5], [1465.0, 1110.5], [1464.5, 1110.0], [1464.0, 1109.5], [1463.0, 1109.5], [1462.5, 1109.0], [1462.0, 1108.5], [1461.0, 1108.5], [1460.5, 1108.0], [1460.0, 1107.5], [1459.5, 1107.0], [1459.0, 1106.5], [1458.0, 1106.5], [1457.5, 1106.0], [1457.0, 1105.5], [1456.0, 1105.5], [1455.5, 1105.0], [1455.0, 1104.5], [1454.0, 1104.5], [1453.5, 1104.0], [1453.0, 1103.5], [1452.0, 1103.5], [1451.5, 1103.0], [1451.0, 1102.5], [1450.5, 1102.0], [1450.0, 1101.5], [1449.0, 1101.5], [1448.5, 1101.0], [1448.0, 1100.5], [1447.5, 1100.0], [1447.0, 1099.5], [1446.5, 1099.0], [1446.0, 1098.5], [1445.0, 1098.5], [1444.5, 1098.0], [1444.0, 1097.5], [1443.5, 1097.0], [1443.0, 1096.5], [1442.5, 1096.0], [1442.0, 1095.5], [1441.5, 1095.0], [1441.0, 1094.5], [1440.5, 1094.0], [1440.0, 1093.5], [1439.5, 1093.0], [1439.0, 1092.5], [1438.5, 1092.0], [1438.0, 1091.5], [1437.5, 1091.0], [1437.0, 1090.5], [1436.5, 1090.0], [1436.0, 1089.5], [1435.5, 1089.0], [1435.0, 1088.5], [1434.5, 1088.0], [1434.0, 1087.5], [1433.5, 1087.0], [1433.0, 1086.5], [1432.0, 1086.5], [1431.5, 1086.0], [1431.0, 1085.5], [1430.5, 1085.0], [1430.0, 1084.5], [1429.5, 1084.0], [1429.0, 1083.5], [1428.0, 1083.5], [1427.5, 1083.0], [1427.0, 1082.5], [1426.5, 1082.0], [1426.0, 1081.5], [1425.5, 1081.0], [1425.0, 1080.5], [1424.5, 1080.0], [1424.0, 1079.5], [1423.5, 1079.0], [1423.0, 1078.5], [1422.5, 1078.0], [1422.0, 1077.5], [1421.5, 1077.0], [1421.0, 1076.5], [1420.5, 1076.0], [1420.0, 1075.5], [1419.5, 1075.0], [1419.0, 1074.5], [1418.5, 1074.0], [1418.0, 1073.5], [1417.5, 1073.0], [1417.5, 1072.0], [1417.0, 1071.5], [1416.5, 1071.0], [1416.0, 1070.5], [1415.5, 1070.0], [1415.0, 1069.5], [1414.5, 1069.0], [1414.0, 1068.5], [1413.5, 1068.0], [1413.5, 1067.0], [1413.0, 1066.5], [1412.5, 1066.0], [1412.0, 1065.5], [1411.5, 1065.0], [1411.5, 1064.0], [1411.0, 1063.5], [1410.5, 1063.0], [1410.5, 1062.0], [1410.5, 1061.0], [1410.0, 1060.5], [1409.5, 1060.0], [1409.5, 1059.0], [1409.0, 1058.5], [1408.5, 1058.0], [1408.5, 1057.0], [1408.0, 1056.5], [1407.5, 1056.0], [1407.5, 1055.0], [1407.0, 1054.5], [1406.5, 1054.0], [1406.0, 1053.5], [1405.5, 1053.0], [1405.5, 1052.0], [1405.0, 1051.5], [1404.5, 1051.0], [1404.0, 1050.5], [1403.0, 1050.5], [1402.5, 1050.0], [1402.0, 1049.5], [1401.0, 1049.5], [1400.5, 1049.0], [1400.0, 1048.5], [1399.0, 1048.5], [1398.5, 1048.0], [1398.0, 1047.5], [1397.0, 1047.5], [1396.5, 1047.0], [1396.0, 1046.5], [1395.5, 1046.0], [1395.0, 1045.5], [1394.5, 1045.0], [1394.0, 1044.5], [1393.5, 1044.0], [1393.0, 1043.5], [1392.5, 1043.0], [1392.5, 1042.0], [1392.0, 1041.5], [1391.5, 1041.0], [1391.0, 1040.5], [1390.5, 1040.0], [1390.0, 1039.5], [1389.5, 1039.0], [1389.0, 1038.5], [1388.5, 1038.0], [1388.0, 1037.5], [1387.5, 1037.0], [1387.0, 1036.5], [1386.5, 1036.0], [1386.0, 1035.5], [1385.5, 1035.0], [1385.0, 1034.5], [1384.5, 1034.0], [1384.0, 1033.5], [1383.5, 1033.0], [1383.0, 1032.5], [1382.5, 1032.0], [1382.0, 1031.5], [1381.5, 1031.0], [1381.0, 1030.5], [1380.5, 1030.0], [1380.0, 1029.5], [1379.5, 1029.0], [1379.0, 1028.5], [1378.5, 1028.0], [1378.0, 1027.5], [1377.5, 1027.0], [1377.0, 1026.5], [1376.5, 1026.0], [1376.5, 1025.0], [1376.0, 1024.5], [1375.5, 1024.0], [1375.0, 1023.5], [1374.5, 1023.0], [1374.0, 1022.5], [1373.5, 1022.0], [1373.0, 1021.5], [1372.5, 1021.0], [1372.0, 1020.5], [1371.5, 1020.0], [1371.0, 1019.5], [1370.5, 1019.0], [1370.0, 1018.5], [1369.5, 1018.0], [1369.0, 1017.5], [1368.5, 1017.0], [1368.0, 1016.5], [1367.5, 1016.0], [1367.0, 1015.5], [1366.5, 1015.0], [1366.0, 1014.5], [1365.5, 1014.0], [1365.0, 1013.5], [1364.5, 1013.0], [1364.0, 1012.5], [1363.5, 1012.0], [1363.0, 1011.5], [1362.5, 1011.0], [1362.0, 1010.5], [1361.5, 1010.0], [1361.0, 1009.5], [1360.5, 1009.0], [1360.0, 1008.5], [1359.5, 1008.0], [1359.0, 1007.5], [1358.5, 1007.0], [1358.0, 1006.5], [1357.5, 1006.0], [1357.0, 1005.5], [1356.5, 1005.0], [1356.0, 1004.5], [1355.5, 1004.0], [1355.0, 1003.5], [1354.5, 1003.0], [1354.0, 1002.5], [1353.5, 1002.0], [1353.0, 1001.5], [1352.5, 1001.0], [1352.0, 1000.5], [1351.5, 1000.0], [1351.0, 999.5], [1350.5, 999.0], [1350.5, 998.0], [1350.0, 997.5], [1349.5, 997.0], [1349.0, 996.5], [1348.5, 996.0], [1348.5, 995.0], [1348.0, 994.5], [1347.5, 994.0], [1347.5, 993.0], [1347.0, 992.5], [1346.5, 992.0], [1346.0, 991.5], [1345.5, 991.0], [1345.5, 990.0], [1345.0, 989.5], [1344.5, 989.0], [1344.0, 988.5], [1343.5, 988.0], [1343.0, 987.5], [1342.5, 987.0], [1342.0, 986.5], [1341.5, 986.0], [1341.0, 985.5], [1340.5, 985.0], [1340.0, 984.5], [1339.5, 984.0], [1339.0, 983.5], [1338.5, 983.0], [1338.0, 982.5], [1337.5, 982.0], [1337.0, 981.5], [1336.5, 981.0], [1336.0, 980.5], [1335.5, 980.0], [1335.0, 979.5], [1334.5, 979.0], [1334.5, 978.0], [1334.0, 977.5], [1333.5, 977.0], [1333.5, 976.0], [1333.0, 975.5], [1332.5, 975.0], [1332.5, 974.0], [1332.0, 973.5], [1331.5, 973.0], [1331.5, 972.0], [1331.0, 971.5], [1330.5, 971.0], [1330.0, 970.5], [1329.5, 970.0], [1329.5, 969.0], [1329.0, 968.5], [1328.5, 968.0], [1328.0, 967.5], [1327.5, 967.0], [1327.5, 966.0], [1327.0, 965.5], [1326.5, 965.0], [1326.5, 964.0], [1326.0, 963.5], [1325.5, 963.0], [1325.5, 962.0], [1325.5, 961.0], [1325.0, 960.5], [1324.5, 960.0], [1324.5, 959.0], [1324.5, 958.0], [1324.0, 957.5], [1323.5, 957.0], [1323.5, 956.0], [1323.0, 955.5], [1322.5, 955.0], [1322.5, 954.0], [1322.0, 953.5], [1321.5, 953.0], [1321.5, 952.0], [1321.5, 951.0], [1321.5, 950.0], [1321.0, 949.5], [1320.5, 949.0], [1320.5, 948.0], [1320.5, 947.0], [1320.5, 946.0], [1320.5, 945.0], [1320.5, 944.0], [1320.5, 943.0], [1320.5, 942.0], [1320.5, 941.0], [1320.0, 940.5], [1319.5, 940.0], [1319.5, 939.0], [1319.5, 938.0], [1319.5, 937.0], [1319.5, 936.0], [1319.0, 935.5], [1318.5, 935.0], [1318.5, 934.0], [1318.5, 933.0], [1318.5, 932.0], [1318.5, 931.0], [1318.5, 930.0], [1318.5, 929.0], [1318.5, 928.0], [1318.5, 927.0], [1318.5, 926.0], [1318.5, 925.0], [1319.0, 924.5], [1319.5, 924.0], [1319.5, 923.0], [1320.0, 922.5], [1320.5, 922.0], [1320.5, 921.0], [1321.0, 920.5], [1321.5, 920.0], [1322.0, 919.5], [1322.5, 919.0], [1322.5, 918.0], [1323.0, 917.5], [1323.5, 917.0], [1323.5, 916.0], [1324.0, 915.5], [1324.5, 915.0], [1324.5, 914.0], [1325.0, 913.5], [1325.5, 913.0], [1325.5, 912.0], [1326.0, 911.5], [1326.5, 911.0], [1327.0, 910.5], [1327.5, 910.0], [1328.0, 909.5], [1328.5, 909.0], [1329.0, 908.5], [1329.5, 908.0], [1330.0, 907.5], [1330.5, 907.0], [1330.5, 906.0], [1331.0, 905.5], [1331.5, 905.0], [1332.0, 904.5], [1332.5, 904.0], [1333.0, 903.5], [1333.5, 903.0], [1334.0, 902.5], [1334.5, 902.0], [1334.5, 901.0], [1335.0, 900.5], [1335.5, 900.0], [1336.0, 899.5], [1336.5, 899.0], [1337.0, 898.5], [1337.5, 898.0], [1338.0, 897.5], [1338.5, 897.0], [1339.0, 896.5], [1339.5, 896.0], [1340.0, 895.5], [1340.5, 895.0], [1341.0, 894.5], [1341.5, 894.0], [1342.0, 893.5], [1342.5, 893.0], [1343.0, 892.5], [1343.5, 892.0], [1344.0, 891.5], [1344.5, 891.0], [1345.0, 890.5], [1345.5, 890.0], [1346.0, 889.5], [1347.0, 889.5], [1347.5, 889.0], [1348.0, 888.5], [1348.5, 888.0], [1349.0, 887.5], [1350.0, 887.5], [1350.5, 887.0], [1351.0, 886.5], [1351.5, 886.0], [1352.0, 885.5], [1353.0, 885.5], [1353.5, 885.0], [1354.0, 884.5], [1355.0, 884.5], [1355.5, 884.0], [1356.0, 883.5], [1356.5, 883.0], [1357.0, 882.5], [1358.0, 882.5], [1358.5, 882.0], [1359.0, 881.5], [1360.0, 881.5], [1360.5, 881.0], [1361.0, 880.5], [1362.0, 880.5], [1362.5, 880.0], [1363.0, 879.5], [1364.0, 879.5], [1365.0, 879.5], [1365.5, 879.0], [1366.0, 878.5], [1367.0, 878.5], [1368.0, 878.5], [1369.0, 878.5], [1370.0, 878.5], [1371.0, 878.5], [1372.0, 878.5], [1372.5, 878.0], [1373.0, 877.5], [1374.0, 877.5], [1375.0, 877.5], [1376.0, 877.5], [1377.0, 877.5], [1378.0, 877.5], [1379.0, 877.5], [1380.0, 877.5], [1381.0, 877.5], [1382.0, 877.5], [1383.0, 877.5], [1384.0, 877.5], [1384.5, 878.0], [1385.0, 878.5], [1386.0, 878.5], [1387.0, 878.5], [1388.0, 878.5], [1388.5, 879.0], [1389.0, 879.5], [1390.0, 879.5], [1390.5, 880.0], [1391.0, 880.5], [1392.0, 880.5], [1393.0, 880.5], [1393.5, 881.0], [1394.0, 881.5], [1394.5, 882.0], [1395.0, 882.5], [1396.0, 882.5], [1396.5, 883.0], [1397.0, 883.5], [1398.0, 883.5], [1399.0, 883.5], [1399.5, 884.0], [1400.0, 884.5], [1400.5, 885.0], [1401.0, 885.5], [1402.0, 885.5], [1402.5, 886.0], [1403.0, 886.5], [1403.5, 887.0], [1404.0, 887.5], [1405.0, 887.5], [1405.5, 888.0], [1405.5, 889.0], [1406.0, 889.5], [1406.5, 890.0], [1407.0, 890.5], [1407.5, 891.0], [1407.5, 892.0], [1408.0, 892.5], [1408.5, 893.0], [1408.5, 894.0], [1408.5, 895.0], [1409.0, 895.5], [1409.5, 896.0], [1409.5, 897.0], [1409.5, 898.0], [1410.0, 898.5], [1410.5, 899.0], [1410.5, 900.0], [1410.5, 901.0], [1411.0, 901.5], [1411.5, 902.0], [1411.5, 903.0], [1411.5, 904.0], [1412.0, 904.5], [1412.5, 905.0], [1412.5, 906.0], [1412.5, 907.0], [1413.0, 907.5], [1413.5, 908.0], [1413.5, 909.0], [1413.5, 910.0], [1414.0, 910.5], [1414.5, 911.0], [1414.5, 912.0], [1415.0, 912.5], [1415.5, 913.0], [1415.5, 914.0], [1416.0, 914.5], [1416.5, 915.0], [1417.0, 915.5], [1417.5, 916.0], [1417.5, 917.0], [1418.0, 917.5], [1418.5, 918.0], [1418.5, 919.0], [1419.0, 919.5], [1419.5, 920.0], [1419.5, 921.0], [1420.0, 921.5], [1420.5, 922.0], [1420.5, 923.0], [1420.5, 924.0], [1420.5, 925.0], [1421.0, 925.5], [1421.5, 926.0], [1421.5, 927.0], [1421.5, 928.0], [1422.0, 928.5], [1422.5, 929.0], [1422.5, 930.0], [1423.0, 930.5], [1423.5, 931.0], [1423.5, 932.0], [1424.0, 932.5], [1424.5, 933.0], [1424.5, 934.0], [1425.0, 934.5], [1425.5, 935.0], [1425.5, 936.0], [1426.0, 936.5], [1426.5, 937.0], [1427.0, 937.5], [1427.5, 938.0], [1427.5, 939.0], [1428.0, 939.5], [1428.5, 940.0], [1428.5, 941.0], [1428.5, 942.0], [1428.5, 943.0], [1429.0, 943.5], [1429.5, 944.0], [1429.5, 945.0], [1429.5, 946.0], [1429.5, 947.0], [1429.5, 948.0], [1429.5, 949.0], [1429.5, 950.0], [1429.5, 951.0], [1429.5, 952.0], [1429.5, 953.0], [1429.0, 953.5], [1428.5, 954.0], [1428.5, 955.0], [1428.5, 956.0], [1428.5, 957.0], [1428.5, 958.0], [1428.5, 959.0], [1428.5, 960.0], [1428.5, 961.0], [1429.0, 961.5], [1429.5, 962.0], [1429.5, 963.0], [1429.5, 964.0], [1430.0, 964.5], [1430.5, 965.0], [1430.5, 966.0], [1431.0, 966.5], [1431.5, 967.0], [1432.0, 967.5], [1432.5, 968.0], [1433.0, 968.5], [1433.5, 969.0], [1434.0, 969.5], [1434.5, 970.0], [1435.0, 970.5], [1435.5, 971.0], [1435.5, 972.0], [1436.0, 972.5], [1436.5, 973.0], [1437.0, 973.5], [1437.5, 974.0], [1438.0, 974.5], [1438.5, 975.0], [1438.5, 976.0], [1439.0, 976.5], [1439.5, 977.0], [1439.5, 978.0], [1440.0, 978.5], [1440.5, 979.0], [1441.0, 979.5], [1441.5, 980.0], [1442.0, 980.5], [1442.5, 981.0], [1442.5, 982.0], [1443.0, 982.5], [1443.5, 983.0], [1444.0, 983.5], [1444.5, 984.0], [1445.0, 984.5], [1445.5, 985.0], [1446.0, 985.5], [1446.5, 986.0], [1447.0, 986.5], [1447.5, 987.0], [1448.0, 987.5], [1448.5, 988.0], [1448.5, 989.0], [1449.0, 989.5], [1449.5, 990.0], [1450.0, 990.5], [1450.5, 991.0], [1451.0, 991.5], [1451.5, 992.0], [1452.0, 992.5], [1452.5, 993.0], [1453.0, 993.5], [1453.5, 994.0], [1454.0, 994.5], [1454.5, 995.0], [1454.5, 996.0], [1455.0, 996.5], [1455.5, 997.0], [1456.0, 997.5], [1456.5, 998.0], [1457.0, 998.5], [1457.5, 999.0], [1457.5, 1000.0], [1458.0, 1000.5], [1458.5, 1001.0], [1459.0, 1001.5], [1459.5, 1002.0], [1460.0, 1002.5], [1460.5, 1003.0], [1460.5, 1004.0], [1461.0, 1004.5], [1461.5, 1005.0], [1462.0, 1005.5], [1462.5, 1006.0], [1463.0, 1006.5], [1463.5, 1007.0], [1464.0, 1007.5], [1464.5, 1008.0], [1465.0, 1008.5], [1465.5, 1009.0], [1466.0, 1009.5], [1467.0, 1009.5], [1467.5, 1010.0], [1468.0, 1010.5], [1468.5, 1011.0], [1469.0, 1011.5], [1470.0, 1011.5], [1470.5, 1012.0], [1471.0, 1012.5], [1471.5, 1013.0], [1472.0, 1013.5], [1472.5, 1014.0], [1473.0, 1014.5], [1473.5, 1015.0], [1474.0, 1015.5], [1474.5, 1016.0], [1475.0, 1016.5], [1475.5, 1017.0], [1475.5, 1018.0], [1476.0, 1018.5], [1476.5, 1019.0], [1477.0, 1019.5], [1477.5, 1020.0], [1478.0, 1020.5], [1478.5, 1021.0], [1479.0, 1021.5], [1479.5, 1022.0], [1480.0, 1022.5], [1480.5, 1023.0], [1481.0, 1023.5], [1481.5, 1024.0], [1482.0, 1024.5], [1482.5, 1025.0], [1483.0, 1025.5], [1483.5, 1026.0], [1484.0, 1026.5], [1485.0, 1026.5], [1485.5, 1027.0], [1486.0, 1027.5], [1486.5, 1028.0], [1487.0, 1028.5], [1488.0, 1028.5], [1488.5, 1029.0], [1489.0, 1029.5], [1489.5, 1030.0], [1490.0, 1030.5], [1490.5, 1031.0], [1491.0, 1031.5], [1491.5, 1032.0], [1491.5, 1033.0], [1492.0, 1033.5], [1492.5, 1034.0], [1492.5, 1035.0], [1493.0, 1035.5], [1493.5, 1036.0], [1493.5, 1037.0], [1494.0, 1037.5], [1494.5, 1038.0], [1495.0, 1038.5], [1495.5, 1039.0], [1496.0, 1039.5], [1496.5, 1040.0], [1497.0, 1040.5], [1497.5, 1041.0], [1498.0, 1041.5], [1498.5, 1042.0], [1499.0, 1042.5], [1500.0, 1042.5], [1500.5, 1043.0], [1501.0, 1043.5], [1501.5, 1044.0], [1502.0, 1044.5], [1502.5, 1045.0], [1503.0, 1045.5], [1504.0, 1045.5], [1504.5, 1046.0], [1505.0, 1046.5], [1505.5, 1047.0], [1506.0, 1047.5], [1506.5, 1048.0], [1507.0, 1048.5], [1507.5, 1049.0], [1508.0, 1049.5], [1508.5, 1050.0], [1509.0, 1050.5], [1509.5, 1051.0], [1510.0, 1051.5], [1510.5, 1052.0], [1511.0, 1052.5], [1511.5, 1053.0], [1512.0, 1053.5], [1513.0, 1053.5], [1513.5, 1054.0], [1514.0, 1054.5], [1514.5, 1055.0], [1515.0, 1055.5], [1515.5, 1056.0], [1516.0, 1056.5], [1516.5, 1057.0], [1517.0, 1057.5], [1517.5, 1058.0], [1518.0, 1058.5], [1518.5, 1059.0], [1519.0, 1059.5], [1519.5, 1060.0], [1520.0, 1060.5], [1520.5, 1061.0], [1521.0, 1061.5], [1521.5, 1062.0], [1522.0, 1062.5], [1522.5, 1063.0], [1523.0, 1063.5], [1523.5, 1064.0], [1524.0, 1064.5], [1524.5, 1065.0], [1525.0, 1065.5], [1525.5, 1066.0], [1526.0, 1066.5], [1527.0, 1066.5], [1527.5, 1067.0], [1528.0, 1067.5], [1528.5, 1068.0], [1529.0, 1068.5], [1529.5, 1069.0], [1530.0, 1069.5], [1531.0, 1069.5], [1531.5, 1070.0], [1532.0, 1070.5], [1532.5, 1071.0], [1533.0, 1071.5], [1533.5, 1072.0], [1534.0, 1072.5], [1534.5, 1073.0], [1535.0, 1073.5], [1535.5, 1074.0], [1536.0, 1074.5], [1536.5, 1075.0], [1537.0, 1075.5], [1537.5, 1076.0], [1538.0, 1076.5], [1538.5, 1077.0], [1538.5, 1078.0], [1539.0, 1078.5], [1539.5, 1079.0], [1539.5, 1080.0], [1540.0, 1080.5], [1540.5, 1081.0], [1541.0, 1081.5], [1541.5, 1082.0], [1541.5, 1083.0], [1541.5, 1084.0], [1542.0, 1084.5], [1542.5, 1085.0], [1542.5, 1086.0], [1542.5, 1087.0], [1543.0, 1087.5], [1543.5, 1088.0], [1543.5, 1089.0], [1543.5, 1090.0], [1543.5, 1091.0], [1543.5, 1092.0], [1543.5, 1093.0], [1543.5, 1094.0], [1543.5, 1095.0], [1543.0, 1095.5], [1542.5, 1096.0], [1542.5, 1097.0], [1542.5, 1098.0], [1542.5, 1099.0], [1542.0, 1099.5], [1541.5, 1100.0], [1541.5, 1101.0], [1541.5, 1102.0], [1541.5, 1103.0], [1541.0, 1103.5], [1540.5, 1104.0], [1540.5, 1105.0], [1540.5, 1106.0], [1540.0, 1106.5], [1539.5, 1107.0], [1539.0, 1107.5], [1538.5, 1108.0], [1538.0, 1108.5], [1537.5, 1109.0], [1537.0, 1109.5], [1536.0, 1109.5], [1535.5, 1110.0], [1535.0, 1110.5], [1534.0, 1110.5], [1533.5, 1111.0], [1533.0, 1111.5], [1532.0, 1111.5], [1531.5, 1112.0], [1531.0, 1112.5], [1530.5, 1113.0], [1530.0, 1113.5], [1529.0, 1113.5], [1528.5, 1114.0], [1528.0, 1114.5], [1527.5, 1115.0], [1527.0, 1115.5], [1526.5, 1116.0], [1526.0, 1116.5], [1525.0, 1116.5], [1524.5, 1117.0], [1524.0, 1117.5], [1523.0, 1117.5], [1522.0, 1117.5], [1521.5, 1118.0], [1521.0, 1118.5], [1520.0, 1118.5], [1519.0, 1118.5], [1518.0, 1118.5], [1517.0, 1118.5], [1516.5, 1119.0], [1516.0, 1119.5], [1515.0, 1119.5], [1514.0, 1119.5], [1513.0, 1119.5], [1512.5, 1120.0], [1512.0, 1120.5]]]}}, {"type": "Feature", "properties": {"label": 11, "area_px": 36276}, "geometry": {"type": "Polygon", "coordinates": [[[1239.0, 1220.5], [1238.0, 1220.5], [1237.0, 1220.5], [1236.0, 1220.5], [1235.0, 1220.5], [1234.0, 1220.5], [1233.0, 1220.5], [1232.0, 1220.5], [1231.0, 1220.5], [1230.0, 1220.5], [1229.5, 1220.0], [1229.0, 1219.5], [1228.0, 1219.5], [1227.0, 1219.5], [1226.5, 1219.0], [1226.0, 1218.5], [1225.0, 1218.5], [1224.0, 1218.5], [1223.5, 1218.0], [1223.0, 1217.5], [1222.0, 1217.5], [1221.0, 1217.5], [1220.5, 1217.0], [1220.0, 1216.5], [1219.0, 1216.5], [1218.0, 1216.5], [1217.5, 1216.0], [1217.0, 1215.5], [1216.0, 1215.5], [1215.0, 1215.5], [1214.0, 1215.5], [1213.0, 1215.5], [1212.5, 1216.0], [1212.0, 1216.5], [1211.0, 1216.5], [1210.0, 1216.5], [1209.0, 1216.5], [1208.0, 1216.5], [1207.0, 1216.5], [1206.0, 1216.5], [1205.0, 1216.5], [1204.0, 1216.5], [1203.0, 1216.5], [1202.5, 1216.0], [1202.0, 1215.5], [1201.0, 1215.5], [1200.0, 1215.5], [1199.0, 1215.5], [1198.5, 1215.0], [1198.0, 1214.5], [1197.0, 1214.5], [1196.0, 1214.5], [1195.5, 1214.0], [1195.0, 1213.5], [1194.0, 1213.5], [1193.0, 1213.5], [1192.5, 1213.0], [1192.0, 1212.5], [1191.0, 1212.5], [1190.0, 1212.5], [1189.5, 1212.0], [1189.0, 1211.5], [1188.0, 1211.5], [1187.5, 1211.0], [1187.0, 1210.5], [1186.0, 1210.5], [1185.5, 1210.0], [1185.0, 1209.5], [1184.5, 1209.0], [1184.0, 1208.5], [1183.5, 1208.0], [1183.0, 1207.5], [1182.5, 1207.0], [1182.0, 1206.5], [1181.5, 1206.0], [1181.0, 1205.5], [1180.5, 1205.0], [1180.0, 1204.5], [1179.0, 1204.5], [1178.5, 1204.0], [1178.0, 1203.5], [1177.5, 1203.0], [1177.0, 1202.5], [1176.5, 1202.0], [1176.0, 1201.5], [1175.5, 1201.0], [1175.0, 1200.5], [1174.5, 1200.0], [1174.5, 1199.0], [1174.0, 1198.5], [1173.5, 1198.0], [1173.0, 1197.5], [1172.5, 1197.0], [1172.5, 1196.0], [1172.0, 1195.5], [1171.5, 1195.0], [1171.5, 1194.0], [1171.0, 1193.5], [1170.5, 1193.0], [1170.5, 1192.0], [1170.0, 1191.5], [1169.5, 1191.0], [1169.0, 1190.5], [1168.5, 1190.0], [1168.0, 1189.5], [1167.5, 1189.0], [1167.0, 1188.5], [1166.0, 1188.5], [1165.0, 1188.5], [1164.5, 1188.0], [1164.0, 1187.5], [1163.0, 1187.5], [1162.0, 1187.5], [1161.0, 1187.5], [1160.0, 1187.5], [1159.0, 1187.5], [1158.5, 1188.0], [1158.0, 1188.5], [1157.0, 1188.5], [1156.0, 1188.5], [1155.0, 1188.5], [1154.0, 1188.5], [1153.0, 1188.5], [1152.0, 1188.5], [1151.0, 1188.5], [1150.0, 1188.5], [1149.5, 1188.0], [1149.0, 1187.5], [1148.0, 1187.5], [1147.0, 1187.5], [1146.5, 1187.0], [1146.0, 1186.5], [1145.0, 1186.5], [1144.5, 1186.0], [1144.0, 1185.5], [1143.0, 1185.5], [1142.5, 1185.0], [1142.0, 1184.5], [1141.5, 1184.0], [1141.0, 1183.5], [1140.0, 1183.5], [1139.5, 1183.0], [1139.0, 1182.5], [1138.5, 1182.0], [1138.0, 1181.5], [1137.5, 1181.0], [1137.0, 1180.5], [1136.0, 1180.5], [1135.5, 1180.0], [1135.0, 1179.5], [1134.5, 1179.0], [1134.0, 1178.5], [1133.0, 1178.5], [1132.5, 1178.0], [1132.0, 1177.5], [1131.0, 1177.5], [1130.5, 1177.0], [1130.0, 1176.5], [1129.0, 1176.5], [1128.5, 1176.0], [1128.0, 1175.5], [1127.0, 1175.5], [1126.5, 1175.0], [1126.0, 1174.5], [1125.5, 1174.0], [1125.0, 1173.5], [1124.5, 1173.0], [1124.0, 1172.5], [1123.5, 1172.0], [1123.0, 1171.5], [1122.5, 1171.0], [1122.0, 1170.5], [1121.5, 1170.0], [1121.0, 1169.5], [1120.5, 1169.0], [1120.0, 1168.5], [1119.5, 1168.0], [1119.0, 1167.5], [1118.5, 1167.0], [1118.0, 1166.5], [1117.0, 1166.5], [1116.5, 1166.0], [1116.0, 1165.5], [1115.5, 1165.0], [1115.0, 1164.5], [1114.0, 1164.5], [1113.5, 1164.0], [1113.0, 1163.5], [1112.0, 1163.5], [1111.5, 1163.0], [1111.0, 1162.5], [1110.5, 1162.0], [1110.0, 1161.5], [1109.0, 1161.5], [1108.5, 1161.0], [1108.0, 1160.5], [1107.0, 1160.5], [1106.5, 1160.0], [1106.0, 1159.5], [1105.0, 1159.5], [1104.5, 1159.0], [1104.0, 1158.5], [1103.0, 1158.5], [1102.0, 1158.5], [1101.5, 1158.0], [1101.0, 1157.5], [1100.5, 1157.0], [1100.0, 1156.5], [1099.5, 1156.0], [1099.0, 1155.5], [1098.5, 1155.0], [1098.0, 1154.5], [1097.5, 1154.0], [1097.0, 1153.5], [1096.5, 1153.0], [1096.5, 1152.0], [1096.0, 1151.5], [1095.5, 1151.0], [1095.5, 1150.0], [1095.0, 1149.5], [1094.5, 1149.0], [1094.5, 1148.0], [1094.0, 1147.5], [1093.5, 1147.0], [1093.0, 1146.5], [1092.5, 1146.0], [1092.0, 1145.5], [1091.5, 1145.0], [1091.0, 1144.5], [1090.5, 1144.0], [1090.0, 1143.5], [1089.0, 1143.5], [1088.5, 1143.0], [1088.0, 1142.5], [1087.5, 1142.0], [1087.0, 1141.5], [1086.5, 1141.0], [1086.0, 1140.5], [1085.5, 1140.0], [1085.0, 1139.5], [1084.5, 1139.0], [1084.5, 1138.0], [1084.0, 1137.5], [1083.5, 1137.0], [1083.0, 1136.5], [1082.5, 1136.0], [1082.0, 1135.5], [1081.5, 1135.0], [1081.0, 1134.5], [1080.0, 1134.5], [1079.5, 1134.0], [1079.0, 1133.5], [1078.5, 1133.0], [1078.0, 1132.5], [1077.5, 1132.0], [1077.0, 1131.5], [1076.5, 1131.0], [1076.0, 1130.5], [1075.5, 1130.0], [1075.0, 1129.5], [1074.5, 1129.0], [1074.0, 1128.5], [1073.5, 1128.0], [1073.5, 1127.0], [1073.0, 1126.5], [1072.5, 1126.0], [1072.0, 1125.5], [1071.5, 1125.0], [1071.0, 1124.5], [1070.5, 1124.0], [1070.0, 1123.5], [1069.5, 1123.0], [1069.0, 1122.5], [1068.5, 1122.0], [1068.0, 1121.5], [1067.0, 1121.5], [1066.5, 1121.0], [1066.0, 1120.5], [1065.0, 1120.5], [1064.5, 1120.0], [1064.0, 1119.5], [1063.0, 1119.5], [1062.5, 1119.0], [1062.0, 1118.5], [1061.0, 1118.5], [1060.5, 1118.0], [1060.0, 1117.5], [1059.0, 1117.5], [1058.5, 1117.0], [1058.0, 1116.5], [1057.0, 1116.5], [1056.5, 1116.0], [1056.0, 1115.5], [1055.0, 1115.5], [1054.5, 1115.0], [1054.0, 1114.5], [1053.0, 1114.5], [1052.5, 1114.0], [1052.0, 1113.5], [1051.0, 1113.5], [1050.5, 1113.0], [1050.0, 1112.5], [1049.0, 1112.5], [1048.5, 1112.0], [1048.0, 1111.5], [1047.0, 1111.5], [1046.5, 1111.0], [1046.0, 1110.5], [1045.0, 1110.5], [1044.5, 1110.0], [1044.0, 1109.5], [1043.5, 1109.0], [1043.0, 1108.5], [1042.0, 1108.5], [1041.5, 1108.0], [1041.0, 1107.5], [1040.5, 1107.0], [1040.0, 1106.5], [1039.5, 1106.0], [1039.0, 1105.5], [1038.5, 1105.0], [1038.0, 1104.5], [1037.0, 1104.5], [1036.5, 1104.0], [1036.0, 1103.5], [1035.5, 1103.0], [1035.0, 1102.5], [1034.5, 1102.0], [1034.0, 1101.5], [1033.5, 1101.0], [1033.0, 1100.5], [1032.5, 1100.0], [1032.0, 1099.5], [1031.5, 1099.0], [1031.0, 1098.5], [1030.5, 1098.0], [1030.0, 1097.5], [1029.5, 1097.0], [1029.5, 1096.0], [1029.0, 1095.5], [1028.5, 1095.0], [1028.0, 1094.5], [1027.5, 1094.0], [1027.0, 1093.5], [1026.5, 1093.0], [1026.0, 1092.5], [1025.5, 1092.0], [1025.0, 1091.5], [1024.5, 1091.0], [1024.0, 1090.5], [1023.5, 1090.0], [1023.0, 1089.5], [1022.5, 1089.0], [1022.5, 1088.0], [1022.0, 1087.5], [1021.5, 1087.0], [1021.0, 1086.5], [1020.5, 1086.0], [1020.5, 1085.0], [1020.0, 1084.5], [1019.5, 1084.0], [1019.0, 1083.5], [1018.5, 1083.0], [1018.5, 1082.0], [1018.0, 1081.5], [1017.5, 1081.0], [1017.5, 1080.0], [1017.5, 1079.0], [1017.0, 1078.5], [1016.5, 1078.0], [1016.5, 1077.0], [1016.5, 1076.0], [1016.5, 1075.0], [1016.5, 1074.0], [1016.5, 1073.0], [1016.5, 1072.0], [1016.5, 1071.0], [1016.5, 1070.0], [1016.5, 1069.0], [1016.5, 1068.0], [1016.5, 1067.0], [1016.5, 1066.0], [1016.5, 1065.0], [1017.0, 1064.5], [1017.5, 1064.0], [1017.5, 1063.0], [1017.5, 1062.0], [1017.5, 1061.0], [1018.0, 1060.5], [1018.5, 1060.0], [1018.5, 1059.0], [1018.5, 1058.0], [1019.0, 1057.5], [1019.5, 1057.0], [1019.5, 1056.0], [1020.0, 1055.5], [1020.5, 1055.0], [1020.5, 1054.0], [1020.5, 1053.0], [1021.0, 1052.5], [1021.5, 1052.0], [1021.5, 1051.0], [1021.5, 1050.0], [1022.0, 1049.5], [1022.5, 1049.0], [1022.5, 1048.0], [1022.5, 1047.0], [1022.5, 1046.0], [1022.5, 1045.0], [1023.0, 1044.5], [1023.5, 1044.0], [1023.5, 1043.0], [1023.5, 1042.0], [1023.5, 1041.0], [1023.5, 1040.0], [1024.0, 1039.5], [1024.5, 1039.0], [1024.5, 1038.0], [1024.5, 1037.0], [1024.5, 1036.0], [1024.5, 1035.0], [1024.5, 1034.0], [1025.0, 1033.5], [1025.5, 1033.0], [1025.5, 1032.0], [1025.5, 1031.0], [1026.0, 1030.5], [1026.5, 1030.0], [1026.5, 1029.0], [1027.0, 1028.5], [1027.5, 1028.0], [1027.5, 1027.0], [1028.0, 1026.5], [1028.5, 1026.0], [1028.5, 1025.0], [1029.0, 1024.5], [1029.5, 1024.0], [1029.5, 1023.0], [1030.0, 1022.5], [1030.5, 1022.0], [1030.5, 1021.0], [1030.5, 1020.0], [1031.0, 1019.5], [1031.5, 1019.0], [1031.5, 1018.0], [1031.5, 1017.0], [1032.0, 1016.5], [1032.5, 1016.0], [1032.5, 1015.0], [1032.5, 1014.0], [1033.0, 1013.5], [1033.5, 1013.0], [1033.5, 1012.0], [1034.0, 1011.5], [1034.5, 1011.0], [1035.0, 1010.5], [1035.5, 1010.0], [1035.5, 1009.0], [1036.0, 1008.5], [1036.5, 1008.0], [1036.5, 1007.0], [1037.0, 1006.5], [1037.5, 1006.0], [1038.0, 1005.5], [1038.5, 1005.0], [1038.5, 1004.0], [1039.0, 1003.5], [1039.5, 1003.0], [1039.5, 1002.0], [1040.0, 1001.5], [1040.5, 1001.0], [1041.0, 1000.5], [1041.5, 1000.0], [1042.0, 999.5], [1042.5, 999.0], [1043.0, 998.5], [1043.5, 998.0], [1044.0, 997.5], [1044.5, 997.0], [1045.0, 996.5], [1045.5, 996.0], [1046.0, 995.5], [1047.0, 995.5], [1047.5, 995.0], [1048.0, 994.5], [1048.5, 994.0], [1049.0, 993.5], [1049.5, 993.0], [1050.0, 992.5], [1050.5, 992.0], [1051.0, 991.5], [1051.5, 991.0], [1052.0, 990.5], [1052.5, 990.0], [1053.0, 989.5], [1053.5, 989.0], [1054.0, 988.5], [1054.5, 988.0], [1055.0, 987.5], [1055.5, 987.0], [1056.0, 986.5], [1057.0, 986.5], [1057.5, 986.0], [1058.0, 985.5], [1058.5, 985.0], [1059.0, 984.5], [1060.0, 984.5], [1060.5, 984.0], [1061.0, 983.5], [1061.5, 983.0], [1062.0, 982.5], [1063.0, 982.5], [1063.5, 982.0], [1064.0, 981.5], [1065.0, 981.5], [1065.5, 981.0], [1066.0, 980.5], [1066.5, 980.0], [1067.0, 979.5], [1068.0, 979.5], [1068.5, 979.0], [1069.0, 978.5], [1069.5, 978.0], [1070.0, 977.5], [1071.0, 977.5], [1071.5, 977.0], [1072.0, 976.5], [1072.5, 976.0], [1073.0, 975.5], [1074.0, 975.5], [1074.5, 975.0], [1075.0, 974.5], [1076.0, 974.5], [1076.5, 974.0], [1077.0, 973.5], [1078.0, 973.5], [1078.5, 973.0], [1079.0, 972.5], [1080.0, 972.5], [1081.0, 972.5], [1081.5, 972.0], [1082.0, 971.5], [1083.0, 971.5], [1083.5, 971.0], [1084.0, 970.5], [1085.0, 970.5], [1086.0, 970.5], [1086.5, 970.0], [1087.0, 969.5], [1088.0, 969.5], [1089.0, 969.5], [1090.0, 969.5], [1091.0, 969.5], [1091.5, 969.0], [1092.0, 968.5], [1093.0, 968.5], [1094.0, 968.5], [1095.0, 968.5], [1096.0, 968.5], [1097.0, 968.5], [1098.0, 968.5], [1098.5, 968.0], [1099.0, 967.5], [1100.0, 967.5], [1101.0, 967.5], [1102.0, 967.5], [1103.0, 967.5], [1104.0, 967.5], [1105.0, 967.5], [1106.0, 967.5], [1107.0, 967.5], [1108.0, 967.5], [1109.0, 967.5], [1110.0, 967.5], [1110.5, 967.0], [1111.0, 966.5], [1112.0, 966.5], [1113.0, 966.5], [1114.0, 966.5], [1115.0, 966.5], [1116.0, 966.5], [1117.0, 966.5], [1118.0, 966.5], [1119.0, 966.5], [1120.0, 966.5], [1121.0, 966.5], [1122.0, 966.5], [1123.0, 966.5], [1124.0, 966.5], [1125.0, 966.5], [1126.0, 966.5], [1127.0, 966.5], [1128.0, 966.5], [1129.0, 966.5], [1130.0, 966.5], [1131.0, 966.5], [1131.5, 967.0], [1132.0, 967.5], [1133.0, 967.5], [1134.0, 967.5], [1135.0, 967.5], [1136.0, 967.5], [1137.0, 967.5], [1138.0, 967.5], [1138.5, 968.0], [1139.0, 968.5], [1140.0, 968.5], [1141.0, 968.5], [1142.0, 968.5], [1142.5, 969.0], [1143.0, 969.5], [1144.0, 969.5], [1144.5, 970.0], [1145.0, 970.5], [1146.0, 970.5], [1147.0, 970.5], [1147.5, 971.0], [1148.0, 971.5], [1149.0, 971.5], [1149.5, 972.0], [1150.0, 972.5], [1151.0, 972.5], [1151.5, 973.0], [1152.0, 973.5], [1153.0, 973.5], [1153.5, 974.0], [1154.0, 974.5], [1155.0, 974.5], [1155.5, 975.0], [1156.0, 975.5], [1157.0, 975.5], [1157.5, 976.0], [1158.0, 976.5], [1158.5, 977.0], [1159.0, 977.5], [1160.0, 977.5], [1160.5, 978.0], [1161.0, 978.5], [1161.5, 979.0], [1162.0, 979.5], [1163.0, 979.5], [1163.5, 980.0], [1164.0, 980.5], [1165.0, 980.5], [1165.5, 981.0], [1166.0, 981.5], [1167.0, 981.5], [1167.5, 982.0], [1168.0, 982.5], [1169.0, 982.5], [1169.5, 983.0], [1170.0, 983.5], [1170.5, 984.0], [1171.0, 984.5], [1171.5, 985.0], [1172.0, 985.5], [1172.5, 986.0], [1172.5, 987.0], [1173.0, 987.5], [1173.5, 988.0], [1174.0, 988.5], [1174.5, 989.0], [1175.0, 989.5], [1175.5, 990.0], [1175.5, 991.0], [1176.0, 991.5], [1176.5, 992.0], [1177.0, 992.5], [1177.5, 993.0], [1178.0, 993.5], [1178.5, 994.0], [1178.5, 995.0], [1179.0, 995.5], [1179.5, 996.0], [1180.0, 996.5], [1180.5, 997.0], [1180.5, 998.0], [1181.0, 998.5], [1181.5, 999.0], [1182.0, 999.5], [1182.5, 1000.0], [1182.5, 1001.0], [1183.0, 1001.5], [1183.5, 1002.0], [1184.0, 1002.5], [1184.5, 1003.0], [1185.0, 1003.5], [1185.5, 1004.0], [1186.0, 1004.5], [1186.5, 1005.0], [1187.0, 1005.5], [1187.5, 1006.0], [1187.5, 1007.0], [1188.0, 1007.5], [1188.5, 1008.0], [1188.5, 1009.0], [1189.0, 1009.5], [1189.5, 1010.0], [1189.5, 1011.0], [1189.5, 1012.0], [1190.0, 1012.5], [1190.5, 1013.0], [1190.5, 1014.0], [1191.0, 1014.5], [1191.5, 1015.0], [1191.5, 1016.0], [1191.5, 1017.0], [1192.0, 1017.5], [1192.5, 1018.0], [1192.5, 1019.0], [1193.0, 1019.5], [1193.5, 1020.0], [1193.5, 1021.0], [1194.0, 1021.5], [1194.5, 1022.0], [1194.5, 1023.0], [1194.5, 1024.0], [1195.0, 1024.5], [1195.5, 1025.0], [1195.5, 1026.0], [1195.5, 1027.0], [1196.0, 1027.5], [1196.5, 1028.0], [1196.5, 1029.0], [1196.5, 1030.0], [1196.5, 1031.0], [1196.5, 1032.0], [1197.0, 1032.5], [1197.5, 1033.0], [1197.5, 1034.0], [1197.5, 1035.0], [1197.5, 1036.0], [1197.5, 1037.0], [1197.5, 1038.0], [1197.5, 1039.0], [1197.5, 1040.0], [1197.5, 1041.0], [1197.5, 1042.0], [1197.5, 1043.0], [1197.5, 1044.0], [1197.5, 1045.0], [1198.0, 1045.5], [1198.5, 1046.0], [1198.5, 1047.0], [1198.5, 1048.0], [1198.5, 1049.0], [1198.5, 1050.0], [1199.0, 1050.5], [1199.5, 1051.0], [1199.5, 1052.0], [1199.5, 1053.0], [1199.5, 1054.0], [1200.0, 1054.5], [1200.5, 1055.0], [1200.5, 1056.0], [1200.5, 1057.0], [1200.5, 1058.0], [1200.5, 1059.0], [1200.5, 1060.0], [1201.0, 1060.5], [1201.5, 1061.0], [1201.5, 1062.0], [1201.5, 1063.0], [1201.5, 1064.0], [1201.5, 1065.0], [1201.5, 1066.0], [1201.5, 1067.0], [1201.5, 1068.0], [1202.0, 1068.5], [1202.5, 1069.0], [1202.5, 1070.0], [1202.5, 1071.0], [1202.5, 1072.0], [1202.5, 1073.0], [1202.5, 1074.0], [1202.5, 1075.0], [1202.5, 1076.0], [1202.5, 1077.0], [1202.5, 1078.0], [1202.5, 1079.0], [1202.5, 1080.0], [1202.5, 1081.0], [1203.0, 1081.5], [1203.5, 1082.0], [1203.5, 1083.0], [1203.5, 1084.0], [1203.5, 1085.0], [1203.5, 1086.0], [1203.5, 1087.0], [1203.5, 1088.0], [1204.0, 1088.5], [1204.5, 1089.0], [1204.5, 1090.0], [1204.5, 1091.0], [1204.5, 1092.0], [1204.5, 1093.0], [1204.5, 1094.0], [1204.5, 1095.0], [1204.5, 1096.0], [1204.5, 1097.0], [1204.5, 1098.0], [1204.5, 1099.0], [1205.0, 1099.5], [1205.5, 1100.0], [1205.5, 1101.0], [1205.5, 1102.0], [1206.0, 1102.5], [1206.5, 1103.0], [1206.5, 1104.0], [1206.5, 1105.0], [1206.5, 1106.0], [1207.0, 1106.5], [1207.5, 1107.0], [1207.5, 1108.0], [1207.5, 1109.0], [1207.5, 1110.0], [1208.0, 1110.5], [1208.5, 1111.0], [1208.5, 1112.0], [1208.5, 1113.0], [1209.0, 1113.5], [1209.5, 1114.0], [1210.0, 1114.5], [1210.5, 1115.0], [1210.5, 1116.0], [1211.0, 1116.5], [1211.5, 1117.0], [1212.0, 1117.5], [1212.5, 1118.0], [1212.5, 1119.0], [1213.0, 1119.5], [1213.5, 1120.0], [1214.0, 1120.5], [1214.5, 1121.0], [1214.5, 1122.0], [1215.0, 1122.5], [1215.5, 1123.0], [1216.0, 1123.5], [1216.5, 1124.0], [1216.5, 1125.0], [1217.0, 1125.5], [1217.5, 1126.0], [1217.5, 1127.0], [1218.0, 1127.5], [1218.5, 1128.0], [1218.5, 1129.0], [1218.5, 1130.0], [1219.0, 1130.5], [1219.5, 1131.0], [1219.5, 1132.0], [1219.5, 1133.0], [1220.0, 1133.5], [1220.5, 1134.0], [1221.0, 1134.5], [1221.5, 1135.0], [1222.0, 1135.5], [1222.5, 1136.0], [1223.0, 1136.5], [1223.5, 1137.0], [1224.0, 1137.5], [1224.5, 1138.0], [1225.0, 1138.5], [1226.0, 1138.5], [1226.5, 1139.0], [1227.0, 1139.5], [1228.0, 1139.5], [1228.5, 1140.0], [1229.0, 1140.5], [1229.5, 1141.0], [1230.0, 1141.5], [1231.0, 1141.5], [1231.5, 1142.0], [1232.0, 1142.5], [1232.5, 1143.0], [1233.0, 1143.5], [1234.0, 1143.5], [1235.0, 1143.5], [1235.5, 1144.0], [1236.0, 1144.5], [1237.0, 1144.5], [1238.0, 1144.5], [1239.0, 1144.5], [1239.5, 1145.0], [1240.0, 1145.5], [1241.0, 1145.5], [1242.0, 1145.5], [1243.0, 1145.5], [1243.5, 1146.0], [1244.0, 1146.5], [1245.0, 1146.5], [1246.0, 1146.5], [1246.5, 1147.0], [1247.0, 1147.5], [1248.0, 1147.5], [1249.0, 1147.5], [1249.5, 1148.0], [1250.0, 1148.5], [1251.0, 1148.5], [1251.5, 1149.0], [1252.0, 1149.5], [1253.0, 1149.5], [1253.5, 1150.0], [1254.0, 1150.5], [1255.0, 1150.5], [1255.5, 1151.0], [1256.0, 1151.5], [1256.5, 1152.0], [1257.0, 1152.5], [1257.5, 1153.0], [1258.0, 1153.5], [1258.5, 1154.0], [1259.0, 1154.5], [1259.5, 1155.0], [1260.0, 1155.5], [1260.5, 1156.0], [1260.5, 1157.0], [1261.0, 1157.5], [1261.5, 1158.0], [1262.0, 1158.5], [1262.5, 1159.0], [1262.5, 1160.0], [1263.0, 1160.5], [1263.5, 1161.0], [1264.0, 1161.5], [1264.5, 1162.0], [1264.5, 1163.0], [1265.0, 1163.5], [1265.5, 1164.0], [1265.5, 1165.0], [1266.0, 1165.5], [1266.5, 1166.0], [1266.5, 1167.0], [1266.5, 1168.0], [1267.0, 1168.5], [1267.5, 1169.0], [1267.5, 1170.0], [1267.5, 1171.0], [1268.0, 1171.5], [1268.5, 1172.0], [1268.5, 1173.0], [1268.5, 1174.0], [1268.5, 1175.0], [1268.5, 1176.0], [1269.0, 1176.5], [1269.5, 1177.0], [1269.5, 1178.0], [1269.5, 1179.0], [1269.5, 1180.0], [1269.5, 1181.0], [1269.5, 1182.0], [1269.5, 1183.0], [1270.0, 1183.5], [1270.5, 1184.0], [1270.5, 1185.0], [1270.5, 1186.0], [1270.5, 1187.0], [1270.5, 1188.0], [1270.5, 1189.0], [1270.0, 1189.5], [1269.5, 1190.0], [1269.5, 1191.0], [1269.5, 1192.0], [1269.5, 1193.0], [1269.0, 1193.5], [1268.5, 1194.0], [1268.5, 1195.0], [1268.0, 1195.5], [1267.5, 1196.0], [1267.5, 1197.0], [1267.0, 1197.5], [1266.5, 1198.0], [1266.0, 1198.5], [1265.5, 1199.0], [1265.5, 1200.0], [1265.0, 1200.5], [1264.5, 1201.0], [1264.0, 1201.5], [1263.5, 1202.0], [1263.5, 1203.0], [1263.0, 1203.5], [1262.5, 1204.0], [1262.0, 1204.5], [1261.5, 1205.0], [1261.5, 1206.0], [1261.0, 1206.5], [1260.5, 1207.0], [1260.0, 1207.5], [1259.5, 1208.0], [1259.5, 1209.0], [1259.0, 1209.5], [1258.5, 1210.0], [1258.0, 1210.5], [1257.5, 1211.0], [1257.0, 1211.5], [1256.5, 1212.0], [1256.0, 1212.5], [1255.5, 1213.0], [1255.0, 1213.5], [1254.0, 1213.5], [1253.5, 1214.0], [1253.0, 1214.5], [1252.5, 1215.0], [1252.0, 1215.5], [1251.0, 1215.5], [1250.5, 1216.0], [1250.0, 1216.5], [1249.0, 1216.5], [1248.5, 1217.0], [1248.0, 1217.5], [1247.0, 1217.5], [1246.5, 1218.0], [1246.0, 1218.5], [1245.0, 1218.5], [1244.0, 1218.5], [1243.5, 1219.0], [1243.0, 1219.5], [1242.0, 1219.5], [1241.0, 1219.5], [1240.0, 1219.5], [1239.5, 1220.0], [1239.0, 1220.5]]]}}, {"type": "Feature", "properties": {"label": 12, "area_px": 13368}, "geometry": {"type": "Polygon", "coordinates": [[[693.0, 1116.5], [692.0, 1116.5], [691.0, 1116.5], [690.0, 1116.5], [689.0, 1116.5], [688.0, 1116.5], [687.0, 1116.5], [686.0, 1116.5], [685.0, 1116.5], [684.5, 1116.0], [684.0, 1115.5], [683.0, 1115.5], [682.0, 1115.5], [681.0, 1115.5], [680.5, 1115.0], [680.0, 1114.5], [679.0, 1114.5], [678.0, 1114.5], [677.0, 1114.5], [676.5, 1114.0], [676.0, 1113.5], [675.0, 1113.5], [674.0, 1113.5], [673.0, 1113.5], [672.0, 1113.5], [671.0, 1113.5], [670.0, 1113.5], [669.5, 1113.0], [669.0, 1112.5], [668.0, 1112.5], [667.5, 1112.0], [667.0, 1111.5], [666.5, 1111.0], [666.0, 1110.5], [665.0, 1110.5], [664.5, 1110.0], [664.0, 1109.5], [663.5, 1109.0], [663.0, 1108.5], [662.5, 1108.0], [662.0, 1107.5], [661.0, 1107.5], [660.5, 1107.0], [660.0, 1106.5], [659.5, 1106.0], [659.0, 1105.5], [658.5, 1105.0], [658.0, 1104.5], [657.5, 1104.0], [657.5, 1103.0], [657.0, 1102.5], [656.5, 1102.0], [656.0, 1101.5], [655.5, 1101.0], [655.5, 1100.0], [655.0, 1099.5], [654.5, 1099.0], [654.0, 1098.5], [653.5, 1098.0], [653.0, 1097.5], [652.5, 1097.0], [652.5, 1096.0], [652.0, 1095.5], [651.5, 1095.0], [651.0, 1094.5], [650.5, 1094.0], [650.5, 1093.0], [650.0, 1092.5], [649.5, 1092.0], [649.0, 1091.5], [648.5, 1091.0], [648.5, 1090.0], [648.0, 1089.5], [647.5, 1089.0], [647.5, 1088.0], [647.0, 1087.5], [646.5, 1087.0], [646.5, 1086.0], [646.0, 1085.5], [645.5, 1085.0], [645.5, 1084.0], [645.5, 1083.0], [645.0, 1082.5], [644.5, 1082.0], [644.5, 1081.0], [644.5, 1080.0], [644.0, 1079.5], [643.5, 1079.0], [643.5, 1078.0], [643.5, 1077.0], [643.5, 1076.0], [643.0, 1075.5], [642.5, 1075.0], [642.5, 1074.0], [642.5, 1073.0], [642.5, 1072.0], [642.5, 1071.0], [642.0, 1070.5], [641.5, 1070.0], [641.5, 1069.0], [641.5, 1068.0], [641.5, 1067.0], [641.5, 1066.0], [641.5, 1065.0], [641.5, 1064.0], [641.5, 1063.0], [641.5, 1062.0], [641.5, 1061.0], [641.5, 1060.0], [641.5, 1059.0], [641.5, 1058.0], [641.5, 1057.0], [641.5, 1056.0], [641.5, 1055.0], [641.0, 1054.5], [640.5, 1054.0], [640.5, 1053.0], [640.5, 1052.0], [640.5, 1051.0], [640.5, 1050.0], [640.5, 1049.0], [640.5, 1048.0], [641.0, 1047.5], [641.5, 1047.0], [641.5, 1046.0], [641.5, 1045.0], [642.0, 1044.5], [642.5, 1044.0], [642.5, 1043.0], [643.0, 1042.5], [643.5, 1042.0], [643.5, 1041.0], [644.0, 1040.5], [644.5, 1040.0], [644.5, 1039.0], [645.0, 1038.5], [645.5, 1038.0], [646.0, 1037.5], [646.5, 1037.0], [646.5, 1036.0], [647.0, 1035.5], [647.5, 1035.0], [648.0, 1034.5], [648.5, 1034.0], [648.5, 1033.0], [649.0, 1032.5], [649.5, 1032.0], [650.0, 1031.5], [650.5, 1031.0], [650.5, 1030.0], [651.0, 1029.5], [651.5, 1029.0], [652.0, 1028.5], [652.5, 1028.0], [652.5, 1027.0], [653.0, 1026.5], [653.5, 1026.0], [654.0, 1025.5], [654.5, 1025.0], [655.0, 1024.5], [655.5, 1024.0], [655.5, 1023.0], [656.0, 1022.5], [656.5, 1022.0], [657.0, 1021.5], [657.5, 1021.0], [658.0, 1020.5], [658.5, 1020.0], [659.0, 1019.5], [659.5, 1019.0], [659.5, 1018.0], [660.0, 1017.5], [660.5, 1017.0], [661.0, 1016.5], [661.5, 1016.0], [662.0, 1015.5], [662.5, 1015.0], [663.0, 1014.5], [663.5, 1014.0], [664.0, 1013.5], [664.5, 1013.0], [665.0, 1012.5], [665.5, 1012.0], [666.0, 1011.5], [667.0, 1011.5], [667.5, 1011.0], [668.0, 1010.5], [668.5, 1010.0], [669.0, 1009.5], [670.0, 1009.5], [670.5, 1009.0], [671.0, 1008.5], [671.5, 1008.0], [672.0, 1007.5], [673.0, 1007.5], [673.5, 1007.0], [674.0, 1006.5], [674.5, 1006.0], [675.0, 1005.5], [675.5, 1005.0], [676.0, 1004.5], [677.0, 1004.5], [677.5, 1004.0], [678.0, 1003.5], [679.0, 1003.5], [679.5, 1003.0], [680.0, 1002.5], [681.0, 1002.5], [681.5, 1002.0], [682.0, 1001.5], [683.0, 1001.5], [683.5, 1001.0], [684.0, 1000.5], [684.5, 1000.0], [685.0, 999.5], [686.0, 999.5], [686.5, 999.0], [687.0, 998.5], [688.0, 998.5], [688.5, 998.0], [689.0, 997.5], [689.5, 997.0], [690.0, 996.5], [691.0, 996.5], [691.5, 996.0], [692.0, 995.5], [693.0, 995.5], [693.5, 995.0], [694.0, 994.5], [695.0, 994.5], [695.5, 994.0], [696.0, 993.5], [697.0, 993.5], [697.5, 993.0], [698.0, 992.5], [699.0, 992.5], [699.5, 992.0], [700.0, 991.5], [700.5, 991.0], [701.0, 990.5], [701.5, 990.0], [702.0, 989.5], [702.5, 989.0], [703.0, 988.5], [704.0, 988.5], [704.5, 988.0], [705.0, 987.5], [706.0, 987.5], [707.0, 987.5], [708.0, 987.5], [708.5, 987.0], [709.0, 986.5], [710.0, 986.5], [711.0, 986.5], [712.0, 986.5], [712.5, 986.0], [713.0, 985.5], [714.0, 985.5], [715.0, 985.5], [715.5, 985.0], [716.0, 984.5], [717.0, 984.5], [718.0, 984.5], [718.5, 984.0], [719.0, 983.5], [720.0, 983.5], [720.5, 983.0], [721.0, 982.5], [721.5, 982.0], [722.0, 981.5], [723.0, 981.5], [723.5, 981.0], [724.0, 980.5], [725.0, 980.5], [725.5, 980.0], [726.0, 979.5], [727.0, 979.5], [727.5, 979.0], [728.0, 978.5], [729.0, 978.5], [729.5, 978.0], [730.0, 977.5], [731.0, 977.5], [731.5, 977.0], [732.0, 976.5], [733.0, 976.5], [734.0, 976.5], [734.5, 976.0], [735.0, 975.5], [736.0, 975.5], [736.5, 975.0], [737.0, 974.5], [738.0, 974.5], [739.0, 974.5], [739.5, 974.0], [740.0, 973.5], [741.0, 973.5], [742.0, 973.5], [743.0, 973.5], [744.0, 973.5], [745.0, 973.5], [746.0, 973.5], [747.0, 973.5], [748.0, 973.5], [749.0, 973.5], [750.0, 973.5], [751.0, 973.5], [752.0, 973.5], [753.0, 973.5], [754.0, 973.5], [754.5, 974.0], [755.0, 974.5], [756.0, 974.5], [757.0, 974.5], [758.0, 974.5], [759.0, 974.5], [760.0, 974.5], [760.5, 975.0], [761.0, 975.5], [762.0, 975.5], [763.0, 975.5], [763.5, 976.0], [764.0, 976.5], [765.0, 976.5], [766.0, 976.5], [766.5, 977.0], [767.0, 977.5], [768.0, 977.5], [768.5, 978.0], [769.0, 978.5], [770.0, 978.5], [770.5, 979.0], [771.0, 979.5], [772.0, 979.5], [772.5, 980.0], [773.0, 980.5], [773.5, 981.0], [774.0, 981.5], [774.5, 982.0], [775.0, 982.5], [775.5, 983.0], [776.0, 983.5], [776.5, 984.0], [776.5, 985.0], [777.0, 985.5], [777.5, 986.0], [778.0, 986.5], [778.5, 987.0], [778.5, 988.0], [779.0, 988.5], [779.5, 989.0], [780.0, 989.5], [780.5, 990.0], [781.0, 990.5], [781.5, 991.0], [781.5, 992.0], [782.0, 992.5], [782.5, 993.0], [782.5, 994.0], [783.0, 994.5], [783.5, 995.0], [783.5, 996.0], [783.5, 997.0], [783.5, 998.0], [783.5, 999.0], [783.5, 1000.0], [783.5, 1001.0], [783.0, 1001.5], [782.5, 1002.0], [782.5, 1003.0], [782.5, 1004.0], [782.5, 1005.0], [782.5, 1006.0], [782.5, 1007.0], [782.5, 1008.0], [782.5, 1009.0], [782.5, 1010.0], [782.5, 1011.0], [782.0, 1011.5], [781.5, 1012.0], [781.5, 1013.0], [781.0, 1013.5], [780.5, 1014.0], [780.5, 1015.0], [780.0, 1015.5], [779.5, 1016.0], [779.0, 1016.5], [778.5, 1017.0], [778.0, 1017.5], [777.5, 1018.0], [777.0, 1018.5], [776.5, 1019.0], [776.5, 1020.0], [776.0, 1020.5], [775.5, 1021.0], [775.5, 1022.0], [775.0, 1022.5], [774.5, 1023.0], [774.5, 1024.0], [774.5, 1025.0], [774.0, 1025.5], [773.5, 1026.0], [773.5, 1027.0], [773.5, 1028.0], [773.0, 1028.5], [772.5, 1029.0], [772.5, 1030.0], [772.5, 1031.0], [772.5, 1032.0], [772.5, 1033.0], [772.5, 1034.0], [772.0, 1034.5], [771.5, 1035.0], [771.5, 1036.0], [771.5, 1037.0], [771.0, 1037.5], [770.5, 1038.0], [770.0, 1038.5], [769.5, 1039.0], [769.5, 1040.0], [769.0, 1040.5], [768.5, 1041.0], [768.0, 1041.5], [767.5, 1042.0], [767.5, 1043.0], [767.0, 1043.5], [766.5, 1044.0], [766.0, 1044.5], [765.5, 1045.0], [765.0, 1045.5], [764.5, 1046.0], [764.0, 1046.5], [763.5, 1047.0], [763.0, 1047.5], [762.5, 1048.0], [762.0, 1048.5], [761.5, 1049.0], [761.0, 1049.5], [760.5, 1050.0], [760.0, 1050.5], [759.5, 1051.0], [759.0, 1051.5], [758.5, 1052.0], [758.0, 1052.5], [757.5, 1053.0], [757.0, 1053.5], [756.5, 1054.0], [756.5, 1055.0], [756.0, 1055.5], [755.5, 1056.0], [755.0, 1056.5], [754.5, 1057.0], [754.5, 1058.0], [754.0, 1058.5], [753.5, 1059.0], [753.5, 1060.0], [753.0, 1060.5], [752.5, 1061.0], [752.0, 1061.5], [751.5, 1062.0], [751.5, 1063.0], [751.0, 1063.5], [750.5, 1064.0], [750.5, 1065.0], [750.5, 1066.0], [750.0, 1066.5], [749.5, 1067.0], [749.5, 1068.0], [749.0, 1068.5], [748.5, 1069.0], [748.5, 1070.0], [748.5, 1071.0], [748.0, 1071.5], [747.5, 1072.0], [747.5, 1073.0], [747.0, 1073.5], [746.5, 1074.0], [746.5, 1075.0], [746.0, 1075.5], [745.5, 1076.0], [745.0, 1076.5], [744.5, 1077.0], [744.5, 1078.0], [744.0, 1078.5], [743.5, 1079.0], [743.0, 1079.5], [742.5, 1080.0], [742.5, 1081.0], [742.0, 1081.5], [741.5, 1082.0], [741.0, 1082.5], [740.5, 1083.0], [740.5, 1084.0], [740.0, 1084.5], [739.5, 1085.0], [739.0, 1085.5], [738.5, 1086.0], [738.0, 1086.5], [737.5, 1087.0], [737.0, 1087.5], [736.5, 1088.0], [736.0, 1088.5], [735.5, 1089.0], [735.0, 1089.5], [734.5, 1090.0], [734.0, 1090.5], [733.5, 1091.0], [733.0, 1091.5], [732.5, 1092.0], [732.0, 1092.5], [731.0, 1092.5], [730.5, 1093.0], [730.0, 1093.5], [729.5, 1094.0], [729.0, 1094.5], [728.0, 1094.5], [727.5, 1095.0], [727.0, 1095.5], [726.5, 1096.0], [726.0, 1096.5], [725.5, 1097.0], [725.0, 1097.5], [724.5, 1098.0], [724.0, 1098.5], [723.5, 1099.0], [723.0, 1099.5], [722.5, 1100.0], [722.0, 1100.5], [721.5, 1101.0], [721.0, 1101.5], [720.5, 1102.0], [720.0, 1102.5], [719.5, 1103.0], [719.0, 1103.5], [718.0, 1103.5], [717.5, 1104.0], [717.0, 1104.5], [716.5, 1105.0], [716.0, 1105.5], [715.0, 1105.5], [714.5, 1106.0], [714.0, 1106.5], [713.5, 1107.0], [713.0, 1107.5], [712.5, 1108.0], [712.0, 1108.5], [711.5, 1109.0], [711.0, 1109.5], [710.5, 1110.0], [710.0, 1110.5], [709.5, 1111.0], [709.0, 1111.5], [708.0, 1111.5], [707.5, 1112.0], [707.0, 1112.5], [706.0, 1112.5], [705.5, 1113.0], [705.0, 1113.5], [704.0, 1113.5], [703.0, 1113.5], [702.5, 1114.0], [702.0, 1114.5], [701.0, 1114.5], [700.0, 1114.5], [699.0, 1114.5], [698.0, 1114.5], [697.5, 1115.0], [697.0, 1115.5], [696.0, 1115.5], [695.0, 1115.5], [694.0, 1115.5], [693.5, 1116.0], [693.0, 1116.5]]]}}, {"type": "Feature", "properties": {"label": 13, "area_px": 31378}, "geometry": {"type": "Polygon", "coordinates": [[[763.0, 1278.5], [762.0, 1278.5], [761.0, 1278.5], [760.0, 1278.5], [759.0, 1278.5], [758.0, 1278.5], [757.0, 1278.5], [756.0, 1278.5], [755.0, 1278.5], [754.0, 1278.5], [753.5, 1278.0], [753.0, 1277.5], [752.0, 1277.5], [751.0, 1277.5], [750.0, 1277.5], [749.0, 1277.5], [748.5, 1277.0], [748.0, 1276.5], [747.0, 1276.5], [746.0, 1276.5], [745.0, 1276.5], [744.5, 1276.0], [744.0, 1275.5], [743.0, 1275.5], [742.0, 1275.5], [741.0, 1275.5], [740.5, 1275.0], [740.0, 1274.5], [739.0, 1274.5], [738.0, 1274.5], [737.5, 1274.0], [737.0, 1273.5], [736.0, 1273.5], [735.0, 1273.5], [734.5, 1273.0], [734.0, 1272.5], [733.0, 1272.5], [732.5, 1272.0], [732.0, 1271.5], [731.5, 1271.0], [731.0, 1270.5], [730.0, 1270.5], [729.5, 1270.0], [729.0, 1269.5], [728.5, 1269.0], [728.0, 1268.5], [727.5, 1268.0], [727.0, 1267.5], [726.5, 1267.0], [726.0, 1266.5], [725.5, 1266.0], [725.0, 1265.5], [724.5, 1265.0], [724.0, 1264.5], [723.5, 1264.0], [723.5, 1263.0], [723.0, 1262.5], [722.5, 1262.0], [722.0, 1261.5], [721.5, 1261.0], [721.0, 1260.5], [720.5, 1260.0], [720.5, 1259.0], [720.0, 1258.5], [719.5, 1258.0], [719.5, 1257.0], [719.0, 1256.5], [718.5, 1256.0], [718.5, 1255.0], [718.0, 1254.5], [717.5, 1254.0], [717.5, 1253.0], [717.0, 1252.5], [716.5, 1252.0], [716.5, 1251.0], [716.5, 1250.0], [716.0, 1249.5], [715.5, 1249.0], [715.5, 1248.0], [715.0, 1247.5], [714.5, 1247.0], [714.5, 1246.0], [714.5, 1245.0], [714.5, 1244.0], [714.0, 1243.5], [713.5, 1243.0], [713.5, 1242.0], [713.5, 1241.0], [713.5, 1240.0], [713.5, 1239.0], [713.5, 1238.0], [714.0, 1237.5], [714.5, 1237.0], [714.5, 1236.0], [714.5, 1235.0], [714.5, 1234.0], [714.5, 1233.0], [714.5, 1232.0], [714.5, 1231.0], [715.0, 1230.5], [715.5, 1230.0], [715.5, 1229.0], [715.5, 1228.0], [716.0, 1227.5], [716.5, 1227.0], [716.5, 1226.0], [717.0, 1225.5], [717.5, 1225.0], [717.5, 1224.0], [718.0, 1223.5], [718.5, 1223.0], [718.5, 1222.0], [718.5, 1221.0], [719.0, 1220.5], [719.5, 1220.0], [719.5, 1219.0], [719.5, 1218.0], [719.5, 1217.0], [719.5, 1216.0], [720.0, 1215.5], [720.5, 1215.0], [720.5, 1214.0], [720.5, 1213.0], [720.5, 1212.0], [720.5, 1211.0], [720.0, 1210.5], [719.5, 1210.0], [719.5, 1209.0], [719.5, 1208.0], [719.5, 1207.0], [719.5, 1206.0], [719.5, 1205.0], [719.5, 1204.0], [719.5, 1203.0], [719.5, 1202.0], [720.0, 1201.5], [720.5, 1201.0], [720.5, 1200.0], [720.5, 1199.0], [720.5, 1198.0], [720.5, 1197.0], [720.5, 1196.0], [720.5, 1195.0], [720.5, 1194.0], [720.5, 1193.0], [721.0, 1192.5], [721.5, 1192.0], [721.5, 1191.0], [721.5, 1190.0], [721.5, 1189.0], [721.5, 1188.0], [721.5, 1187.0], [722.0, 1186.5], [722.5, 1186.0], [722.5, 1185.0], [722.5, 1184.0], [722.5, 1183.0], [723.0, 1182.5], [723.5, 1182.0], [723.5, 1181.0], [724.0, 1180.5], [724.5, 1180.0], [724.5, 1179.0], [725.0, 1178.5], [725.5, 1178.0], [725.5, 1177.0], [726.0, 1176.5], [726.5, 1176.0], [727.0, 1175.5], [727.5, 1175.0], [728.0, 1174.5], [728.5, 1174.0], [729.0, 1173.5], [729.5, 1173.0], [730.0, 1172.5], [730.5, 1172.0], [731.0, 1171.5], [731.5, 1171.0], [732.0, 1170.5], [732.5, 1170.0], [733.0, 1169.5], [733.5, 1169.0], [734.0, 1168.5], [734.5, 1168.0], [735.0, 1167.5], [736.0, 1167.5], [736.5, 1167.0], [737.0, 1166.5], [737.5, 1166.0], [737.5, 1165.0], [738.0, 1164.5], [738.5, 1164.0], [739.0, 1163.5], [739.5, 1163.0], [739.5, 1162.0], [740.0, 1161.5], [740.5, 1161.0], [740.5, 1160.0], [741.0, 1159.5], [741.5, 1159.0], [742.0, 1158.5], [742.5, 1158.0], [742.5, 1157.0], [743.0, 1156.5], [743.5, 1156.0], [743.5, 1155.0], [744.0, 1154.5], [744.5, 1154.0], [744.5, 1153.0], [745.0, 1152.5], [745.5, 1152.0], [745.5, 1151.0], [746.0, 1150.5], [746.5, 1150.0], [746.5, 1149.0], [747.0, 1148.5], [747.5, 1148.0], [747.5, 1147.0], [747.5, 1146.0], [748.0, 1145.5], [748.5, 1145.0], [748.5, 1144.0], [748.5, 1143.0], [749.0, 1142.5], [749.5, 1142.0], [749.5, 1141.0], [749.5, 1140.0], [749.5, 1139.0], [750.0, 1138.5], [750.5, 1138.0], [750.5, 1137.0], [750.5, 1136.0], [751.0, 1135.5], [751.5, 1135.0], [751.5, 1134.0], [752.0, 1133.5], [752.5, 1133.0], [752.5, 1132.0], [753.0, 1131.5], [753.5, 1131.0], [753.5, 1130.0], [754.0, 1129.5], [754.5, 1129.0], [755.0, 1128.5], [755.5, 1128.0], [755.5, 1127.0], [756.0, 1126.5], [756.5, 1126.0], [757.0, 1125.5], [757.5, 1125.0], [757.5, 1124.0], [758.0, 1123.5], [758.5, 1123.0], [759.0, 1122.5], [759.5, 1122.0], [759.5, 1121.0], [760.0, 1120.5], [760.5, 1120.0], [761.0, 1119.5], [761.5, 1119.0], [761.5, 1118.0], [762.0, 1117.5], [762.5, 1117.0], [762.5, 1116.0], [763.0, 1115.5], [763.5, 1115.0], [763.5, 1114.0], [764.0, 1113.5], [764.5, 1113.0], [764.5, 1112.0], [765.0, 1111.5], [765.5, 1111.0], [765.5, 1110.0], [766.0, 1109.5], [766.5, 1109.0], [767.0, 1108.5], [767.5, 1108.0], [767.5, 1107.0], [768.0, 1106.5], [768.5, 1106.0], [769.0, 1105.5], [769.5, 1105.0], [770.0, 1104.5], [770.5, 1104.0], [770.5, 1103.0], [771.0, 1102.5], [771.5, 1102.0], [772.0, 1101.5], [773.0, 1101.5], [773.5, 1101.0], [774.0, 1100.5], [774.5, 1100.0], [775.0, 1099.5], [775.5, 1099.0], [776.0, 1098.5], [776.5, 1098.0], [777.0, 1097.5], [777.5, 1097.0], [777.5, 1096.0], [778.0, 1095.5], [778.5, 1095.0], [779.0, 1094.5], [779.5, 1094.0], [779.5, 1093.0], [780.0, 1092.5], [780.5, 1092.0], [781.0, 1091.5], [781.5, 1091.0], [781.5, 1090.0], [781.5, 1089.0], [782.0, 1088.5], [782.5, 1088.0], [782.5, 1087.0], [782.5, 1086.0], [783.0, 1085.5], [783.5, 1085.0], [783.5, 1084.0], [783.5, 1083.0], [783.5, 1082.0], [783.5, 1081.0], [783.5, 1080.0], [783.5, 1079.0], [783.5, 1078.0], [783.5, 1077.0], [783.5, 1076.0], [783.5, 1075.0], [783.5, 1074.0], [784.0, 1073.5], [784.5, 1073.0], [784.5, 1072.0], [784.5, 1071.0], [784.5, 1070.0], [784.5, 1069.0], [784.5, 1068.0], [784.5, 1067.0], [785.0, 1066.5], [785.5, 1066.0], [785.5, 1065.0], [785.5, 1064.0], [786.0, 1063.5], [786.5, 1063.0], [786.5, 1062.0], [786.5, 1061.0], [787.0, 1060.5], [787.5, 1060.0], [787.5, 1059.0], [787.5, 1058.0], [787.5, 1057.0], [788.0, 1056.5], [788.5, 1056.0], [788.5, 1055.0], [789.0, 1054.5], [789.5, 1054.0], [789.5, 1053.0], [790.0, 1052.5], [790.5, 1052.0], [790.5, 1051.0], [791.0, 1050.5], [791.5, 1050.0], [791.5, 1049.0], [792.0, 1048.5], [792.5, 1048.0], [792.5, 1047.0], [792.5, 1046.0], [793.0, 1045.5], [793.5, 1045.0], [793.5, 1044.0], [794.0, 1043.5], [794.5, 1043.0], [794.5, 1042.0], [795.0, 1041.5], [795.5, 1041.0], [796.0, 1040.5], [796.5, 1040.0], [796.5, 1039.0], [797.0, 1038.5], [797.5, 1038.0], [798.0, 1037.5], [798.5, 1037.0], [799.0, 1036.5], [799.5, 1036.0], [800.0, 1035.5], [800.5, 1035.0], [800.5, 1034.0], [801.0, 1033.5], [801.5, 1033.0], [801.5, 1032.0], [802.0, 1031.5], [802.5, 1031.0], [802.5, 1030.0], [803.0, 1029.5], [803.5, 1029.0], [804.0, 1028.5], [804.5, 1028.0], [805.0, 1027.5], [805.5, 1027.0], [806.0, 1026.5], [806.5, 1026.0], [807.0, 1025.5], [807.5, 1025.0], [808.0, 1024.5], [808.5, 1024.0], [809.0, 1023.5], [810.0, 1023.5], [810.5, 1023.0], [811.0, 1022.5], [811.5, 1022.0], [812.0, 1021.5], [812.5, 1021.0], [813.0, 1020.5], [814.0, 1020.5], [814.5, 1020.0], [815.0, 1019.5], [815.5, 1019.0], [816.0, 1018.5], [816.5, 1018.0], [817.0, 1017.5], [818.0, 1017.5], [818.5, 1017.0], [819.0, 1016.5], [819.5, 1016.0], [820.0, 1015.5], [820.5, 1015.0], [821.0, 1014.5], [822.0, 1014.5], [822.5, 1014.0], [823.0, 1013.5], [823.5, 1013.0], [824.0, 1012.5], [825.0, 1012.5], [825.5, 1012.0], [826.0, 1011.5], [827.0, 1011.5], [827.5, 1011.0], [828.0, 1010.5], [829.0, 1010.5], [829.5, 1010.0], [830.0, 1009.5], [831.0, 1009.5], [831.5, 1009.0], [832.0, 1008.5], [832.5, 1008.0], [833.0, 1007.5], [834.0, 1007.5], [834.5, 1007.0], [835.0, 1006.5], [836.0, 1006.5], [836.5, 1006.0], [837.0, 1005.5], [838.0, 1005.5], [838.5, 1005.0], [839.0, 1004.5], [840.0, 1004.5], [841.0, 1004.5], [842.0, 1004.5], [842.5, 1004.0], [843.0, 1003.5], [844.0, 1003.5], [845.0, 1003.5], [845.5, 1003.0], [846.0, 1002.5], [847.0, 1002.5], [847.5, 1002.0], [848.0, 1001.5], [848.5, 1001.0], [849.0, 1000.5], [849.5, 1000.0], [850.0, 999.5], [850.5, 999.0], [851.0, 998.5], [851.5, 998.0], [852.0, 997.5], [853.0, 997.5], [853.5, 997.0], [854.0, 996.5], [855.0, 996.5], [855.5, 996.0], [856.0, 995.5], [856.5, 995.0], [857.0, 994.5], [858.0, 994.5], [858.5, 994.0], [859.0, 993.5], [860.0, 993.5], [860.5, 993.0], [861.0, 992.5], [861.5, 992.0], [862.0, 991.5], [863.0, 991.5], [863.5, 991.0], [864.0, 990.5], [865.0, 990.5], [866.0, 990.5], [867.0, 990.5], [868.0, 990.5], [868.5, 991.0], [869.0, 991.5], [869.5, 992.0], [870.0, 992.5], [870.5, 993.0], [871.0, 993.5], [871.5, 994.0], [872.0, 994.5], [872.5, 995.0], [872.5, 996.0], [873.0, 996.5], [873.5, 997.0], [874.0, 997.5], [874.5, 998.0], [875.0, 998.5], [875.5, 999.0], [876.0, 999.5], [877.0, 999.5], [877.5, 1000.0], [878.0, 1000.5], [879.0, 1000.5], [880.0, 1000.5], [880.5, 1001.0], [881.0, 1001.5], [882.0, 1001.5], [883.0, 1001.5], [884.0, 1001.5], [884.5, 1002.0], [885.0, 1002.5], [886.0, 1002.5], [887.0, 1002.5], [888.0, 1002.5], [889.0, 1002.5], [889.5, 1003.0], [890.0, 1003.5], [891.0, 1003.5], [892.0, 1003.5], [892.5, 1004.0], [893.0, 1004.5], [894.0, 1004.5], [895.0, 1004.5], [895.5, 1005.0], [896.0, 1005.5], [897.0, 1005.5], [897.5, 1006.0], [898.0, 1006.5], [898.5, 1007.0], [899.0, 1007.5], [900.0, 1007.5], [900.5, 1008.0], [901.0, 1008.5], [901.5, 1009.0], [902.0, 1009.5], [902.5, 1010.0], [903.0, 1010.5], [904.0, 1010.5], [904.5, 1011.0], [905.0, 1011.5], [905.5, 1012.0], [906.0, 1012.5], [907.0, 1012.5], [907.5, 1013.0], [908.0, 1013.5], [908.5, 1014.0], [909.0, 1014.5], [910.0, 1014.5], [910.5, 1015.0], [911.0, 1015.5], [911.5, 1016.0], [912.0, 1016.5], [913.0, 1016.5], [913.5, 1017.0], [914.0, 1017.5], [914.5, 1018.0], [915.0, 1018.5], [915.5, 1019.0], [915.5, 1020.0], [916.0, 1020.5], [916.5, 1021.0], [916.5, 1022.0], [917.0, 1022.5], [917.5, 1023.0], [917.5, 1024.0], [918.0, 1024.5], [918.5, 1025.0], [918.5, 1026.0], [918.5, 1027.0], [919.0, 1027.5], [919.5, 1028.0], [919.5, 1029.0], [919.5, 1030.0], [920.0, 1030.5], [920.5, 1031.0], [920.5, 1032.0], [920.5, 1033.0], [920.5, 1034.0], [921.0, 1034.5], [921.5, 1035.0], [921.5, 1036.0], [921.5, 1037.0], [921.5, 1038.0], [922.0, 1038.5], [922.5, 1039.0], [922.5, 1040.0], [922.5, 1041.0], [922.5, 1042.0], [923.0, 1042.5], [923.5, 1043.0], [923.5, 1044.0], [923.5, 1045.0], [923.5, 1046.0], [923.5, 1047.0], [923.5, 1048.0], [923.5, 1049.0], [923.5, 1050.0], [923.5, 1051.0], [923.5, 1052.0], [923.5, 1053.0], [923.5, 1054.0], [923.5, 1055.0], [923.5, 1056.0], [923.5, 1057.0], [923.5, 1058.0], [923.5, 1059.0], [923.5, 1060.0], [923.5, 1061.0], [923.5, 1062.0], [923.5, 1063.0], [923.5, 1064.0], [923.0, 1064.5], [922.5, 1065.0], [922.5, 1066.0], [922.5, 1067.0], [922.0, 1067.5], [921.5, 1068.0], [921.5, 1069.0], [921.0, 1069.5], [920.5, 1070.0], [920.0, 1070.5], [919.5, 1071.0], [919.5, 1072.0], [919.0, 1072.5], [918.5, 1073.0], [918.5, 1074.0], [918.5, 1075.0], [918.0, 1075.5], [917.5, 1076.0], [917.5, 1077.0], [917.0, 1077.5], [916.5, 1078.0], [916.5, 1079.0], [916.0, 1079.5], [915.5, 1080.0], [915.5, 1081.0], [915.5, 1082.0], [915.0, 1082.5], [914.5, 1083.0], [914.5, 1084.0], [914.5, 1085.0], [914.5, 1086.0], [914.0, 1086.5], [913.5, 1087.0], [913.5, 1088.0], [913.5, 1089.0], [913.0, 1089.5], [912.5, 1090.0], [912.5, 1091.0], [912.5, 1092.0], [912.0, 1092.5], [911.5, 1093.0], [911.5, 1094.0], [911.5, 1095.0], [911.0, 1095.5], [910.5, 1096.0], [910.5, 1097.0], [910.5, 1098.0], [910.0, 1098.5], [909.5, 1099.0], [909.5, 1100.0], [909.0, 1100.5], [908.5, 1101.0], [908.5, 1102.0], [908.0, 1102.5], [907.5, 1103.0], [907.5, 1104.0], [907.0, 1104.5], [906.5, 1105.0], [906.5, 1106.0], [906.0, 1106.5], [905.5, 1107.0], [905.5, 1108.0], [905.5, 1109.0], [905.0, 1109.5], [904.5, 1110.0], [904.5, 1111.0], [904.5, 1112.0], [904.0, 1112.5], [903.5, 1113.0], [903.5, 1114.0], [903.0, 1114.5], [902.5, 1115.0], [902.5, 1116.0], [902.0, 1116.5], [901.5, 1117.0], [901.0, 1117.5], [900.5, 1118.0], [900.0, 1118.5], [899.5, 1119.0], [899.0, 1119.5], [898.5, 1120.0], [898.0, 1120.5], [897.5, 1121.0], [897.0, 1121.5], [896.5, 1122.0], [896.0, 1122.5], [895.5, 1123.0], [895.0, 1123.5], [894.5, 1124.0], [894.5, 1125.0], [894.0, 1125.5], [893.5, 1126.0], [893.0, 1126.5], [892.5, 1127.0], [892.5, 1128.0], [892.0, 1128.5], [891.5, 1129.0], [891.5, 1130.0], [891.5, 1131.0], [891.0, 1131.5], [890.5, 1132.0], [890.5, 1133.0], [890.0, 1133.5], [889.5, 1134.0], [889.0, 1134.5], [888.5, 1135.0], [888.0, 1135.5], [887.5, 1136.0], [887.0, 1136.5], [886.5, 1137.0], [886.0, 1137.5], [885.5, 1138.0], [885.0, 1138.5], [884.5, 1139.0], [884.0, 1139.5], [883.5, 1140.0], [883.0, 1140.5], [882.5, 1141.0], [882.0, 1141.5], [881.5, 1142.0], [881.0, 1142.5], [880.0, 1142.5], [879.5, 1143.0], [879.0, 1143.5], [878.5, 1144.0], [878.0, 1144.5], [877.5, 1145.0], [877.0, 1145.5], [876.5, 1146.0], [876.0, 1146.5], [875.5, 1147.0], [875.0, 1147.5], [874.5, 1148.0], [874.0, 1148.5], [873.5, 1149.0], [873.0, 1149.5], [872.5, 1150.0], [872.0, 1150.5], [871.0, 1150.5], [870.5, 1151.0], [870.0, 1151.5], [869.5, 1152.0], [869.0, 1152.5], [868.5, 1153.0], [868.0, 1153.5], [867.5, 1154.0], [867.0, 1154.5], [866.5, 1155.0], [866.0, 1155.5], [865.5, 1156.0], [865.0, 1156.5], [864.5, 1157.0], [864.5, 1158.0], [864.0, 1158.5], [863.5, 1159.0], [863.0, 1159.5], [862.5, 1160.0], [862.5, 1161.0], [862.0, 1161.5], [861.5, 1162.0], [861.0, 1162.5], [860.5, 1163.0], [860.5, 1164.0], [860.0, 1164.5], [859.5, 1165.0], [859.0, 1165.5], [858.5, 1166.0], [858.5, 1167.0], [858.0, 1167.5], [857.5, 1168.0], [857.0, 1168.5], [856.5, 1169.0], [856.5, 1170.0], [856.0, 1170.5], [855.5, 1171.0], [855.0, 1171.5], [854.5, 1172.0], [854.0, 1172.5], [853.5, 1173.0], [853.5, 1174.0], [853.0, 1174.5], [852.5, 1175.0], [852.0, 1175.5], [851.5, 1176.0], [851.0, 1176.5], [850.5, 1177.0], [850.5, 1178.0], [850.0, 1178.5], [849.5, 1179.0], [849.0, 1179.5], [848.5, 1180.0], [848.0, 1180.5], [847.5, 1181.0], [847.5, 1182.0], [847.0, 1182.5], [846.5, 1183.0], [846.5, 1184.0], [846.0, 1184.5], [845.5, 1185.0], [845.0, 1185.5], [844.5, 1186.0], [844.5, 1187.0], [844.0, 1187.5], [843.5, 1188.0], [843.5, 1189.0], [843.0, 1189.5], [842.5, 1190.0], [842.5, 1191.0], [842.0, 1191.5], [841.5, 1192.0], [841.5, 1193.0], [841.0, 1193.5], [840.5, 1194.0], [840.0, 1194.5], [839.5, 1195.0], [839.5, 1196.0], [839.0, 1196.5], [838.5, 1197.0], [838.0, 1197.5], [837.5, 1198.0], [837.0, 1198.5], [836.5, 1199.0], [836.0, 1199.5], [835.5, 1200.0], [835.0, 1200.5], [834.5, 1201.0], [834.0, 1201.5], [833.5, 1202.0], [833.5, 1203.0], [833.0, 1203.5], [832.5, 1204.0], [832.0, 1204.5], [831.5, 1205.0], [831.5, 1206.0], [831.0, 1206.5], [830.5, 1207.0], [830.0, 1207.5], [829.5, 1208.0], [829.5, 1209.0], [829.0, 1209.5], [828.5, 1210.0], [828.0, 1210.5], [827.5, 1211.0], [827.0, 1211.5], [826.5, 1212.0], [826.5, 1213.0], [826.0, 1213.5], [825.5, 1214.0], [825.0, 1214.5], [824.5, 1215.0], [824.0, 1215.5], [823.5, 1216.0], [823.0, 1216.5], [822.5, 1217.0], [822.5, 1218.0], [822.0, 1218.5], [821.5, 1219.0], [821.0, 1219.5], [820.5, 1220.0], [820.0, 1220.5], [819.5, 1221.0], [819.5, 1222.0], [819.0, 1222.5], [818.5, 1223.0], [818.0, 1223.5], [817.5, 1224.0], [817.0, 1224.5], [816.0, 1224.5], [815.5, 1225.0], [815.0, 1225.5], [814.5, 1226.0], [814.0, 1226.5], [813.0, 1226.5], [812.5, 1227.0], [812.0, 1227.5], [811.5, 1228.0], [811.0, 1228.5], [810.5, 1229.0], [810.0, 1229.5], [809.5, 1230.0], [809.0, 1230.5], [808.5, 1231.0], [808.5, 1232.0], [808.0, 1232.5], [807.5, 1233.0], [807.5, 1234.0], [807.0, 1234.5], [806.5, 1235.0], [806.5, 1236.0], [806.0, 1236.5], [805.5, 1237.0], [805.0, 1237.5], [804.5, 1238.0], [804.5, 1239.0], [804.0, 1239.5], [803.5, 1240.0], [803.5, 1241.0], [803.0, 1241.5], [802.5, 1242.0], [802.0, 1242.5], [801.5, 1243.0], [801.5, 1244.0], [801.0, 1244.5], [800.5, 1245.0], [800.5, 1246.0], [800.0, 1246.5], [799.5, 1247.0], [799.0, 1247.5], [798.5, 1248.0], [798.5, 1249.0], [798.0, 1249.5], [797.5, 1250.0], [797.0, 1250.5], [796.5, 1251.0], [796.5, 1252.0], [796.0, 1252.5], [795.5, 1253.0], [795.0, 1253.5], [794.5, 1254.0], [794.5, 1255.0], [794.0, 1255.5], [793.5, 1256.0], [793.0, 1256.5], [792.5, 1257.0], [792.5, 1258.0], [792.0, 1258.5], [791.5, 1259.0], [791.0, 1259.5], [790.5, 1260.0], [790.0, 1260.5], [789.5, 1261.0], [789.0, 1261.5], [788.5, 1262.0], [788.5, 1263.0], [788.0, 1263.5], [787.5, 1264.0], [787.0, 1264.5], [786.5, 1265.0], [786.0, 1265.5], [785.0, 1265.5], [784.5, 1266.0], [784.0, 1266.5], [783.5, 1267.0], [783.0, 1267.5], [782.0, 1267.5], [781.5, 1268.0], [781.0, 1268.5], [780.5, 1269.0], [780.0, 1269.5], [779.0, 1269.5], [778.5, 1270.0], [778.0, 1270.5], [777.5, 1271.0], [777.0, 1271.5], [776.5, 1272.0], [776.0, 1272.5], [775.0, 1272.5], [774.5, 1273.0], [774.0, 1273.5], [773.0, 1273.5], [772.5, 1274.0], [772.0, 1274.5], [771.5, 1275.0], [771.0, 1275.5], [770.0, 1275.5], [769.5, 1276.0], [769.0, 1276.5], [768.0, 1276.5], [767.0, 1276.5], [766.5, 1277.0], [766.0, 1277.5], [765.0, 1277.5], [764.0, 1277.5], [763.5, 1278.0], [763.0, 1278.5]]]}}, {"type": "Feature", "properties": {"label": 14, "area_px": 31046}, "geometry": {"type": "Polygon", "coordinates": [[[469.0, 1366.5], [468.0, 1366.5], [467.0, 1366.5], [466.0, 1366.5], [465.0, 1366.5], [464.0, 1366.5], [463.0, 1366.5], [462.0, 1366.5], [461.0, 1366.5], [460.0, 1366.5], [459.0, 1366.5], [458.0, 1366.5], [457.0, 1366.5], [456.5, 1366.0], [456.0, 1365.5], [455.0, 1365.5], [454.0, 1365.5], [453.0, 1365.5], [452.5, 1365.0], [452.0, 1364.5], [451.0, 1364.5], [450.0, 1364.5], [449.5, 1364.0], [449.0, 1363.5], [448.0, 1363.5], [447.0, 1363.5], [446.5, 1363.0], [446.0, 1362.5], [445.0, 1362.5], [444.0, 1362.5], [443.5, 1362.0], [443.0, 1361.5], [442.5, 1361.0], [442.0, 1360.5], [441.0, 1360.5], [440.5, 1360.0], [440.0, 1359.5], [439.0, 1359.5], [438.5, 1359.0], [438.0, 1358.5], [437.5, 1358.0], [437.0, 1357.5], [436.5, 1357.0], [436.0, 1356.5], [435.5, 1356.0], [435.0, 1355.5], [434.5, 1355.0], [434.0, 1354.5], [433.5, 1354.0], [433.0, 1353.5], [432.0, 1353.5], [431.5, 1353.0], [431.0, 1352.5], [430.5, 1352.0], [430.0, 1351.5], [429.5, 1351.0], [429.0, 1350.5], [428.0, 1350.5], [427.5, 1350.0], [427.0, 1349.5], [426.5, 1349.0], [426.0, 1348.5], [425.5, 1348.0], [425.0, 1347.5], [424.5, 1347.0], [424.0, 1346.5], [423.5, 1346.0], [423.0, 1345.5], [422.5, 1345.0], [422.0, 1344.5], [421.5, 1344.0], [421.5, 1343.0], [421.0, 1342.5], [420.5, 1342.0], [420.0, 1341.5], [419.5, 1341.0], [419.0, 1340.5], [418.5, 1340.0], [418.0, 1339.5], [417.5, 1339.0], [417.0, 1338.5], [416.0, 1338.5], [415.5, 1338.0], [415.0, 1337.5], [414.5, 1337.0], [414.0, 1336.5], [413.5, 1336.0], [413.0, 1335.5], [412.5, 1335.0], [412.0, 1334.5], [411.5, 1334.0], [411.0, 1333.5], [410.5, 1333.0], [410.0, 1332.5], [409.5, 1332.0], [409.0, 1331.5], [408.5, 1331.0], [408.5, 1330.0], [408.0, 1329.5], [407.5, 1329.0], [407.0, 1328.5], [406.5, 1328.0], [406.0, 1327.5], [405.5, 1327.0], [405.5, 1326.0], [405.0, 1325.5], [404.5, 1325.0], [404.0, 1324.5], [403.5, 1324.0], [403.5, 1323.0], [403.0, 1322.5], [402.5, 1322.0], [402.0, 1321.5], [401.5, 1321.0], [401.5, 1320.0], [401.5, 1319.0], [401.0, 1318.5], [400.5, 1318.0], [400.5, 1317.0], [400.0, 1316.5], [399.5, 1316.0], [399.5, 1315.0], [399.0, 1314.5], [398.5, 1314.0], [398.5, 1313.0], [398.0, 1312.5], [397.5, 1312.0], [397.0, 1311.5], [396.5, 1311.0], [396.5, 1310.0], [396.0, 1309.5], [395.5, 1309.0], [395.5, 1308.0], [395.0, 1307.5], [394.5, 1307.0], [394.5, 1306.0], [394.0, 1305.5], [393.5, 1305.0], [393.5, 1304.0], [393.5, 1303.0], [393.5, 1302.0], [393.5, 1301.0], [393.0, 1300.5], [392.5, 1300.0], [392.5, 1299.0], [392.5, 1298.0], [392.0, 1297.5], [391.5, 1297.0], [391.0, 1296.5], [390.5, 1296.0], [390.0, 1295.5], [389.5, 1295.0], [389.0, 1294.5], [388.5, 1294.0], [388.0, 1293.5], [387.5, 1293.0], [387.0, 1292.5], [386.5, 1292.0], [386.0, 1291.5], [385.5, 1291.0], [385.0, 1290.5], [384.5, 1290.0], [384.0, 1289.5], [383.0, 1289.5], [382.5, 1289.0], [382.0, 1288.5], [381.5, 1288.0], [381.0, 1287.5], [380.5, 1287.0], [380.0, 1286.5], [379.5, 1286.0], [379.0, 1285.5], [378.5, 1285.0], [378.5, 1284.0], [378.0, 1283.5], [377.5, 1283.0], [377.5, 1282.0], [377.0, 1281.5], [376.5, 1281.0], [376.5, 1280.0], [376.5, 1279.0], [376.0, 1278.5], [375.5, 1278.0], [375.5, 1277.0], [375.5, 1276.0], [375.0, 1275.5], [374.5, 1275.0], [374.5, 1274.0], [374.5, 1273.0], [374.0, 1272.5], [373.5, 1272.0], [373.5, 1271.0], [373.5, 1270.0], [373.0, 1269.5], [372.5, 1269.0], [372.5, 1268.0], [372.0, 1267.5], [371.5, 1267.0], [371.5, 1266.0], [371.0, 1265.5], [370.5, 1265.0], [370.5, 1264.0], [370.5, 1263.0], [370.0, 1262.5], [369.5, 1262.0], [369.5, 1261.0], [369.0, 1260.5], [368.5, 1260.0], [368.5, 1259.0], [368.5, 1258.0], [368.0, 1257.5], [367.5, 1257.0], [367.5, 1256.0], [367.5, 1255.0], [367.5, 1254.0], [367.5, 1253.0], [367.5, 1252.0], [367.5, 1251.0], [367.0, 1250.5], [366.5, 1250.0], [366.5, 1249.0], [366.5, 1248.0], [366.5, 1247.0], [366.5, 1246.0], [366.5, 1245.0], [366.0, 1244.5], [365.5, 1244.0], [365.5, 1243.0], [365.5, 1242.0], [365.5, 1241.0], [365.5, 1240.0], [365.5, 1239.0], [365.0, 1238.5], [364.5, 1238.0], [364.5, 1237.0], [364.5, 1236.0], [364.5, 1235.0], [364.5, 1234.0], [364.5, 1233.0], [364.5, 1232.0], [364.0, 1231.5], [363.5, 1231.0], [363.5, 1230.0], [363.5, 1229.0], [363.0, 1228.5], [362.5, 1228.0], [362.5, 1227.0], [362.5, 1226.0], [362.5, 1225.0], [362.0, 1224.5], [361.5, 1224.0], [361.5, 1223.0], [361.5, 1222.0], [361.0, 1221.5], [360.5, 1221.0], [360.5, 1220.0], [360.0, 1219.5], [359.5, 1219.0], [359.5, 1218.0], [359.0, 1217.5], [358.5, 1217.0], [358.5, 1216.0], [358.0, 1215.5], [357.5, 1215.0], [357.5, 1214.0], [357.5, 1213.0], [357.0, 1212.5], [356.5, 1212.0], [356.5, 1211.0], [356.5, 1210.0], [356.0, 1209.5], [355.5, 1209.0], [355.5, 1208.0], [355.0, 1207.5], [354.5, 1207.0], [354.5, 1206.0], [354.0, 1205.5], [353.5, 1205.0], [353.5, 1204.0], [353.0, 1203.5], [352.5, 1203.0], [352.5, 1202.0], [352.5, 1201.0], [352.0, 1200.5], [351.5, 1200.0], [351.5, 1199.0], [351.5, 1198.0], [351.0, 1197.5], [350.5, 1197.0], [350.5, 1196.0], [350.0, 1195.5], [349.5, 1195.0], [349.0, 1194.5], [348.5, 1194.0], [348.0, 1193.5], [347.5, 1193.0], [347.0, 1192.5], [346.5, 1192.0], [346.0, 1191.5], [345.0, 1191.5], [344.5, 1191.0], [344.0, 1190.5], [343.0, 1190.5], [342.5, 1190.0], [342.0, 1189.5], [341.5, 1189.0], [341.0, 1188.5], [340.5, 1188.0], [340.0, 1187.5], [339.5, 1187.0], [339.0, 1186.5], [338.5, 1186.0], [338.0, 1185.5], [337.5, 1185.0], [337.0, 1184.5], [336.5, 1184.0], [336.0, 1183.5], [335.0, 1183.5], [334.5, 1183.0], [334.0, 1182.5], [333.0, 1182.5], [332.0, 1182.5], [331.5, 1182.0], [331.0, 1181.5], [330.0, 1181.5], [329.0, 1181.5], [328.0, 1181.5], [327.0, 1181.5], [326.5, 1181.0], [326.0, 1180.5], [325.0, 1180.5], [324.0, 1180.5], [323.0, 1180.5], [322.0, 1180.5], [321.0, 1180.5], [320.0, 1180.5], [319.0, 1180.5], [318.0, 1180.5], [317.0, 1180.5], [316.0, 1180.5], [315.0, 1180.5], [314.0, 1180.5], [313.5, 1181.0], [313.0, 1181.5], [312.0, 1181.5], [311.0, 1181.5], [310.0, 1181.5], [309.5, 1182.0], [309.0, 1182.5], [308.0, 1182.5], [307.0, 1182.5], [306.0, 1182.5], [305.5, 1183.0], [305.0, 1183.5], [304.0, 1183.5], [303.0, 1183.5], [302.0, 1183.5], [301.0, 1183.5], [300.5, 1184.0], [300.0, 1184.5], [299.0, 1184.5], [298.0, 1184.5], [297.0, 1184.5], [296.0, 1184.5], [295.5, 1184.0], [295.0, 1183.5], [294.0, 1183.5], [293.0, 1183.5], [292.0, 1183.5], [291.0, 1183.5], [290.0, 1183.5], [289.0, 1183.5], [288.5, 1183.0], [288.0, 1182.5], [287.0, 1182.5], [286.0, 1182.5], [285.0, 1182.5], [284.0, 1182.5], [283.0, 1182.5], [282.0, 1182.5], [281.0, 1182.5], [280.0, 1182.5], [279.0, 1182.5], [278.0, 1182.5], [277.0, 1182.5], [276.0, 1182.5], [275.5, 1183.0], [275.0, 1183.5], [274.0, 1183.5], [273.0, 1183.5], [272.5, 1184.0], [272.0, 1184.5], [271.0, 1184.5], [270.0, 1184.5], [269.5, 1185.0], [269.0, 1185.5], [268.5, 1185.0], [268.0, 1184.5], [267.0, 1184.5], [266.0, 1184.5], [265.0, 1184.5], [264.5, 1184.0], [264.0, 1183.5], [263.0, 1183.5], [262.0, 1183.5], [261.0, 1183.5], [260.0, 1183.5], [259.0, 1183.5], [258.5, 1184.0], [258.0, 1184.5], [257.0, 1184.5], [256.0, 1184.5], [255.0, 1184.5], [254.0, 1184.5], [253.0, 1184.5], [252.0, 1184.5], [251.0, 1184.5], [250.5, 1184.0], [250.0, 1183.5], [249.0, 1183.5], [248.0, 1183.5], [247.0, 1183.5], [246.0, 1183.5], [245.5, 1183.0], [245.0, 1182.5], [244.0, 1182.5], [243.0, 1182.5], [242.5, 1182.0], [242.0, 1181.5], [241.0, 1181.5], [240.5, 1181.0], [240.0, 1180.5], [239.0, 1180.5], [238.5, 1180.0], [238.0, 1179.5], [237.0, 1179.5], [236.5, 1179.0], [236.0, 1178.5], [235.0, 1178.5], [234.5, 1178.0], [234.5, 1177.0], [234.5, 1176.0], [234.0, 1175.5], [233.5, 1175.0], [233.5, 1174.0], [233.5, 1173.0], [233.0, 1172.5], [232.5, 1172.0], [232.5, 1171.0], [232.5, 1170.0], [232.0, 1169.5], [231.5, 1169.0], [231.0, 1168.5], [230.5, 1168.0], [230.0, 1167.5], [229.5, 1167.0], [229.0, 1166.5], [228.5, 1166.0], [228.0, 1165.5], [227.5, 1165.0], [227.5, 1164.0], [227.0, 1163.5], [226.5, 1163.0], [226.0, 1162.5], [225.5, 1162.0], [225.5, 1161.0], [225.0, 1160.5], [224.5, 1160.0], [224.0, 1159.5], [223.5, 1159.0], [223.0, 1158.5], [222.5, 1158.0], [222.0, 1157.5], [221.0, 1157.5], [220.5, 1157.0], [220.0, 1156.5], [219.0, 1156.5], [218.5, 1156.0], [218.0, 1155.5], [217.5, 1155.0], [217.0, 1154.5], [216.5, 1154.0], [216.0, 1153.5], [215.5, 1153.0], [215.0, 1152.5], [214.5, 1152.0], [214.5, 1151.0], [214.0, 1150.5], [213.5, 1150.0], [213.5, 1149.0], [213.5, 1148.0], [213.5, 1147.0], [213.5, 1146.0], [213.5, 1145.0], [214.0, 1144.5], [214.5, 1144.0], [214.5, 1143.0], [215.0, 1142.5], [215.5, 1142.0], [215.5, 1141.0], [216.0, 1140.5], [216.5, 1140.0], [217.0, 1139.5], [217.5, 1139.0], [217.5, 1138.0], [218.0, 1137.5], [218.5, 1137.0], [218.5, 1136.0], [219.0, 1135.5], [219.5, 1135.0], [219.5, 1134.0], [220.0, 1133.5], [220.5, 1133.0], [220.5, 1132.0], [221.0, 1131.5], [221.5, 1131.0], [221.5, 1130.0], [222.0, 1129.5], [222.5, 1129.0], [223.0, 1128.5], [223.5, 1128.0], [224.0, 1127.5], [225.0, 1127.5], [225.5, 1127.0], [226.0, 1126.5], [226.5, 1126.0], [227.0, 1125.5], [227.5, 1125.0], [228.0, 1124.5], [228.5, 1124.0], [229.0, 1123.5], [230.0, 1123.5], [230.5, 1123.0], [231.0, 1122.5], [231.5, 1122.0], [232.0, 1121.5], [232.5, 1121.0], [233.0, 1120.5], [234.0, 1120.5], [234.5, 1120.0], [235.0, 1119.5], [236.0, 1119.5], [236.5, 1119.0], [237.0, 1118.5], [238.0, 1118.5], [238.5, 1118.0], [239.0, 1117.5], [240.0, 1117.5], [241.0, 1117.5], [242.0, 1117.5], [243.0, 1117.5], [243.5, 1117.0], [244.0, 1116.5], [245.0, 1116.5], [246.0, 1116.5], [247.0, 1116.5], [248.0, 1116.5], [249.0, 1116.5], [250.0, 1116.5], [251.0, 1116.5], [252.0, 1116.5], [253.0, 1116.5], [253.5, 1117.0], [254.0, 1117.5], [255.0, 1117.5], [256.0, 1117.5], [257.0, 1117.5], [258.0, 1117.5], [259.0, 1117.5], [260.0, 1117.5], [261.0, 1117.5], [262.0, 1117.5], [262.5, 1118.0], [263.0, 1118.5], [264.0, 1118.5], [265.0, 1118.5], [266.0, 1118.5], [267.0, 1118.5], [267.5, 1119.0], [268.0, 1119.5], [269.0, 1119.5], [270.0, 1119.5], [270.5, 1120.0], [271.0, 1120.5], [272.0, 1120.5], [273.0, 1120.5], [274.0, 1120.5], [274.5, 1121.0], [275.0, 1121.5], [276.0, 1121.5], [276.5, 1122.0], [277.0, 1122.5], [278.0, 1122.5], [278.5, 1123.0], [279.0, 1123.5], [280.0, 1123.5], [280.5, 1124.0], [281.0, 1124.5], [281.5, 1125.0], [282.0, 1125.5], [283.0, 1125.5], [283.5, 1126.0], [284.0, 1126.5], [284.5, 1127.0], [285.0, 1127.5], [285.5, 1128.0], [286.0, 1128.5], [286.5, 1129.0], [287.0, 1129.5], [287.5, 1130.0], [288.0, 1130.5], [289.0, 1130.5], [289.5, 1131.0], [290.0, 1131.5], [290.5, 1132.0], [291.0, 1132.5], [292.0, 1132.5], [292.5, 1133.0], [293.0, 1133.5], [294.0, 1133.5], [295.0, 1133.5], [295.5, 1134.0], [296.0, 1134.5], [297.0, 1134.5], [298.0, 1134.5], [298.5, 1135.0], [299.0, 1135.5], [300.0, 1135.5], [301.0, 1135.5], [302.0, 1135.5], [302.5, 1136.0], [303.0, 1136.5], [304.0, 1136.5], [305.0, 1136.5], [306.0, 1136.5], [307.0, 1136.5], [307.5, 1137.0], [308.0, 1137.5], [309.0, 1137.5], [310.0, 1137.5], [311.0, 1137.5], [312.0, 1137.5], [312.5, 1138.0], [313.0, 1138.5], [314.0, 1138.5], [315.0, 1138.5], [315.5, 1139.0], [316.0, 1139.5], [317.0, 1139.5], [318.0, 1139.5], [319.0, 1139.5], [320.0, 1139.5], [321.0, 1139.5], [322.0, 1139.5], [323.0, 1139.5], [324.0, 1139.5], [324.5, 1139.0], [325.0, 1138.5], [326.0, 1138.5], [327.0, 1138.5], [328.0, 1138.5], [328.5, 1138.0], [329.0, 1137.5], [330.0, 1137.5], [331.0, 1137.5], [332.0, 1137.5], [333.0, 1137.5], [333.5, 1138.0], [334.0, 1138.5], [335.0, 1138.5], [336.0, 1138.5], [337.0, 1138.5], [337.5, 1139.0], [338.0, 1139.5], [339.0, 1139.5], [340.0, 1139.5], [340.5, 1140.0], [341.0, 1140.5], [342.0, 1140.5], [343.0, 1140.5], [343.5, 1141.0], [344.0, 1141.5], [344.5, 1142.0], [345.0, 1142.5], [346.0, 1142.5], [346.5, 1143.0], [347.0, 1143.5], [347.5, 1144.0], [348.0, 1144.5], [349.0, 1144.5], [349.5, 1145.0], [350.0, 1145.5], [351.0, 1145.5], [351.5, 1146.0], [352.0, 1146.5], [352.5, 1147.0], [353.0, 1147.5], [354.0, 1147.5], [354.5, 1148.0], [355.0, 1148.5], [356.0, 1148.5], [356.5, 1149.0], [357.0, 1149.5], [357.5, 1150.0], [358.0, 1150.5], [359.0, 1150.5], [359.5, 1151.0], [360.0, 1151.5], [361.0, 1151.5], [361.5, 1152.0], [362.0, 1152.5], [363.0, 1152.5], [363.5, 1153.0], [364.0, 1153.5], [365.0, 1153.5], [365.5, 1154.0], [366.0, 1154.5], [367.0, 1154.5], [367.5, 1155.0], [368.0, 1155.5], [369.0, 1155.5], [369.5, 1156.0], [370.0, 1156.5], [371.0, 1156.5], [372.0, 1156.5], [372.5, 1157.0], [373.0, 1157.5], [374.0, 1157.5], [375.0, 1157.5], [375.5, 1158.0], [376.0, 1158.5], [377.0, 1158.5], [377.5, 1159.0], [378.0, 1159.5], [379.0, 1159.5], [380.0, 1159.5], [380.5, 1160.0], [381.0, 1160.5], [382.0, 1160.5], [383.0, 1160.5], [384.0, 1160.5], [384.5, 1161.0], [385.0, 1161.5], [386.0, 1161.5], [387.0, 1161.5], [387.5, 1162.0], [388.0, 1162.5], [389.0, 1162.5], [390.0, 1162.5], [391.0, 1162.5], [391.5, 1163.0], [392.0, 1163.5], [393.0, 1163.5], [393.5, 1164.0], [394.0, 1164.5], [395.0, 1164.5], [395.5, 1165.0], [396.0, 1165.5], [397.0, 1165.5], [397.5, 1166.0], [398.0, 1166.5], [399.0, 1166.5], [399.5, 1167.0], [400.0, 1167.5], [400.5, 1168.0], [401.0, 1168.5], [402.0, 1168.5], [402.5, 1169.0], [403.0, 1169.5], [404.0, 1169.5], [405.0, 1169.5], [405.5, 1170.0], [406.0, 1170.5], [407.0, 1170.5], [408.0, 1170.5], [408.5, 1171.0], [409.0, 1171.5], [410.0, 1171.5], [411.0, 1171.5], [411.5, 1172.0], [412.0, 1172.5], [413.0, 1172.5], [414.0, 1172.5], [414.5, 1173.0], [415.0, 1173.5], [416.0, 1173.5], [417.0, 1173.5], [418.0, 1173.5], [419.0, 1173.5], [420.0, 1173.5], [420.5, 1173.0], [421.0, 1172.5], [422.0, 1172.5], [423.0, 1172.5], [424.0, 1172.5], [425.0, 1172.5], [425.5, 1173.0], [426.0, 1173.5], [427.0, 1173.5], [427.5, 1174.0], [428.0, 1174.5], [428.5, 1175.0], [429.0, 1175.5], [429.5, 1176.0], [430.0, 1176.5], [430.5, 1177.0], [431.0, 1177.5], [431.5, 1178.0], [432.0, 1178.5], [432.5, 1179.0], [433.0, 1179.5], [434.0, 1179.5], [435.0, 1179.5], [435.5, 1180.0], [436.0, 1180.5], [437.0, 1180.5], [438.0, 1180.5], [438.5, 1181.0], [439.0, 1181.5], [440.0, 1181.5], [441.0, 1181.5], [442.0, 1181.5], [442.5, 1182.0], [443.0, 1182.5], [444.0, 1182.5], [444.5, 1183.0], [445.0, 1183.5], [446.0, 1183.5], [446.5, 1184.0], [447.0, 1184.5], [448.0, 1184.5], [448.5, 1185.0], [449.0, 1185.5], [450.0, 1185.5], [450.5, 1186.0], [451.0, 1186.5], [452.0, 1186.5], [452.5, 1187.0], [453.0, 1187.5], [454.0, 1187.5], [454.5, 1188.0], [455.0, 1188.5], [455.5, 1189.0], [456.0, 1189.5], [457.0, 1189.5], [457.5, 1190.0], [458.0, 1190.5], [459.0, 1190.5], [459.5, 1191.0], [460.0, 1191.5], [460.5, 1192.0], [461.0, 1192.5], [461.5, 1193.0], [462.0, 1193.5], [463.0, 1193.5], [463.5, 1194.0], [464.0, 1194.5], [464.5, 1195.0], [465.0, 1195.5], [465.5, 1196.0], [466.0, 1196.5], [466.5, 1197.0], [467.0, 1197.5], [467.5, 1198.0], [468.0, 1198.5], [468.5, 1199.0], [469.0, 1199.5], [469.5, 1200.0], [470.0, 1200.5], [470.5, 1201.0], [471.0, 1201.5], [471.5, 1202.0], [472.0, 1202.5], [472.5, 1203.0], [473.0, 1203.5], [473.5, 1204.0], [474.0, 1204.5], [474.5, 1205.0], [475.0, 1205.5], [475.5, 1206.0], [475.5, 1207.0], [476.0, 1207.5], [476.5, 1208.0], [477.0, 1208.5], [477.5, 1209.0], [478.0, 1209.5], [478.5, 1210.0], [478.5, 1211.0], [479.0, 1211.5], [479.5, 1212.0], [480.0, 1212.5], [480.5, 1213.0], [481.0, 1213.5], [481.5, 1214.0], [482.0, 1214.5], [482.5, 1215.0], [482.5, 1216.0], [483.0, 1216.5], [483.5, 1217.0], [484.0, 1217.5], [484.5, 1218.0], [485.0, 1218.5], [485.5, 1219.0], [486.0, 1219.5], [486.5, 1220.0], [486.5, 1221.0], [487.0, 1221.5], [487.5, 1222.0], [487.5, 1223.0], [488.0, 1223.5], [488.5, 1224.0], [488.5, 1225.0], [488.5, 1226.0], [489.0, 1226.5], [489.5, 1227.0], [489.5, 1228.0], [490.0, 1228.5], [490.5, 1229.0], [490.5, 1230.0], [491.0, 1230.5], [491.5, 1231.0], [492.0, 1231.5], [492.5, 1232.0], [493.0, 1232.5], [493.5, 1233.0], [494.0, 1233.5], [494.5, 1234.0], [495.0, 1234.5], [495.5, 1235.0], [495.5, 1236.0], [496.0, 1236.5], [496.5, 1237.0], [497.0, 1237.5], [497.5, 1238.0], [498.0, 1238.5], [498.5, 1239.0], [498.5, 1240.0], [499.0, 1240.5], [499.5, 1241.0], [500.0, 1241.5], [500.5, 1242.0], [501.0, 1242.5], [501.5, 1243.0], [501.5, 1244.0], [502.0, 1244.5], [502.5, 1245.0], [503.0, 1245.5], [503.5, 1246.0], [503.5, 1247.0], [504.0, 1247.5], [504.5, 1248.0], [505.0, 1248.5], [505.5, 1249.0], [506.0, 1249.5], [506.5, 1250.0], [507.0, 1250.5], [507.5, 1251.0], [508.0, 1251.5], [508.5, 1252.0], [509.0, 1252.5], [509.5, 1253.0], [510.0, 1253.5], [511.0, 1253.5], [511.5, 1254.0], [512.0, 1254.5], [512.5, 1255.0], [513.0, 1255.5], [513.5, 1256.0], [514.0, 1256.5], [515.0, 1256.5], [515.5, 1257.0], [516.0, 1257.5], [516.5, 1258.0], [517.0, 1258.5], [518.0, 1258.5], [518.5, 1259.0], [519.0, 1259.5], [520.0, 1259.5], [520.5, 1260.0], [521.0, 1260.5], [522.0, 1260.5], [523.0, 1260.5], [523.5, 1261.0], [524.0, 1261.5], [524.5, 1262.0], [525.0, 1262.5], [525.5, 1263.0], [526.0, 1263.5], [526.5, 1264.0], [527.0, 1264.5], [527.5, 1265.0], [527.5, 1266.0], [527.5, 1267.0], [528.0, 1267.5], [528.5, 1268.0], [528.5, 1269.0], [528.5, 1270.0], [528.5, 1271.0], [528.5, 1272.0], [528.5, 1273.0], [528.5, 1274.0], [528.5, 1275.0], [528.5, 1276.0], [528.5, 1277.0], [528.5, 1278.0], [528.5, 1279.0], [528.5, 1280.0], [528.5, 1281.0], [528.5, 1282.0], [529.0, 1282.5], [529.5, 1283.0], [529.5, 1284.0], [529.5, 1285.0], [530.0, 1285.5], [530.5, 1286.0], [530.5, 1287.0], [530.5, 1288.0], [530.5, 1289.0], [531.0, 1289.5], [531.5, 1290.0], [531.5, 1291.0], [531.5, 1292.0], [531.5, 1293.0], [531.5, 1294.0], [531.5, 1295.0], [532.0, 1295.5], [532.5, 1296.0], [532.5, 1297.0], [532.5, 1298.0], [532.5, 1299.0], [532.5, 1300.0], [532.5, 1301.0], [532.5, 1302.0], [532.5, 1303.0], [532.5, 1304.0], [532.5, 1305.0], [532.5, 1306.0], [532.5, 1307.0], [532.5, 1308.0], [532.5, 1309.0], [532.0, 1309.5], [531.5, 1310.0], [531.5, 1311.0], [531.5, 1312.0], [531.0, 1312.5], [530.5, 1313.0], [530.5, 1314.0], [530.5, 1315.0], [530.5, 1316.0], [530.0, 1316.5], [529.5, 1317.0], [529.5, 1318.0], [529.5, 1319.0], [529.5, 1320.0], [529.5, 1321.0], [529.0, 1321.5], [528.5, 1322.0], [528.5, 1323.0], [528.5, 1324.0], [528.0, 1324.5], [527.5, 1325.0], [527.5, 1326.0], [527.5, 1327.0], [527.0, 1327.5], [526.5, 1328.0], [526.5, 1329.0], [526.5, 1330.0], [526.0, 1330.5], [525.5, 1331.0], [525.5, 1332.0], [525.0, 1332.5], [524.5, 1333.0], [524.5, 1334.0], [524.0, 1334.5], [523.5, 1335.0], [523.5, 1336.0], [523.5, 1337.0], [523.0, 1337.5], [522.5, 1338.0], [522.5, 1339.0], [522.0, 1339.5], [521.5, 1340.0], [521.5, 1341.0], [521.5, 1342.0], [521.0, 1342.5], [520.5, 1343.0], [520.5, 1344.0], [520.0, 1344.5], [519.5, 1345.0], [519.0, 1345.5], [518.5, 1346.0], [518.0, 1346.5], [517.5, 1347.0], [517.0, 1347.5], [516.5, 1348.0], [516.0, 1348.5], [515.5, 1349.0], [515.0, 1349.5], [514.0, 1349.5], [513.5, 1350.0], [513.0, 1350.5], [512.0, 1350.5], [511.0, 1350.5], [510.0, 1350.5], [509.0, 1350.5], [508.5, 1351.0], [508.0, 1351.5], [507.0, 1351.5], [506.0, 1351.5], [505.0, 1351.5], [504.5, 1352.0], [504.0, 1352.5], [503.0, 1352.5], [502.0, 1352.5], [501.5, 1353.0], [501.0, 1353.5], [500.0, 1353.5], [499.0, 1353.5], [498.5, 1354.0], [498.0, 1354.5], [497.0, 1354.5], [496.0, 1354.5], [495.5, 1355.0], [495.0, 1355.5], [494.0, 1355.5], [493.0, 1355.5], [492.5, 1356.0], [492.0, 1356.5], [491.0, 1356.5], [490.0, 1356.5], [489.5, 1357.0], [489.0, 1357.5], [488.0, 1357.5], [487.0, 1357.5], [486.0, 1357.5], [485.5, 1358.0], [485.0, 1358.5], [484.0, 1358.5], [483.0, 1358.5], [482.5, 1359.0], [482.0, 1359.5], [481.0, 1359.5], [480.5, 1360.0], [480.0, 1360.5], [479.5, 1361.0], [479.0, 1361.5], [478.0, 1361.5], [477.5, 1362.0], [477.0, 1362.5], [476.5, 1363.0], [476.0, 1363.5], [475.0, 1363.5], [474.5, 1364.0], [474.0, 1364.5], [473.0, 1364.5], [472.5, 1365.0], [472.0, 1365.5], [471.0, 1365.5], [470.0, 1365.5], [469.5, 1366.0], [469.0, 1366.5]]]}}, {"type": "Feature", "properties": {"label": 15, "area_px": 31050}, "geometry": {"type": "Polygon", "coordinates": [[[951.0, 1351.5], [950.0, 1351.5], [949.0, 1351.5], [948.0, 1351.5], [947.0, 1351.5], [946.0, 1351.5], [945.0, 1351.5], [944.0, 1351.5], [943.5, 1351.0], [943.0, 1350.5], [942.0, 1350.5], [941.0, 1350.5], [940.0, 1350.5], [939.0, 1350.5], [938.0, 1350.5], [937.5, 1351.0], [937.0, 1351.5], [936.0, 1351.5], [935.0, 1351.5], [934.0, 1351.5], [933.0, 1351.5], [932.0, 1351.5], [931.0, 1351.5], [930.0, 1351.5], [929.0, 1351.5], [928.0, 1351.5], [927.0, 1351.5], [926.0, 1351.5], [925.0, 1351.5], [924.0, 1351.5], [923.0, 1351.5], [922.0, 1351.5], [921.0, 1351.5], [920.0, 1351.5], [919.0, 1351.5], [918.0, 1351.5], [917.0, 1351.5], [916.0, 1351.5], [915.5, 1351.0], [915.0, 1350.5], [914.0, 1350.5], [913.0, 1350.5], [912.0, 1350.5], [911.0, 1350.5], [910.5, 1350.0], [910.0, 1349.5], [909.0, 1349.5], [908.0, 1349.5], [907.5, 1349.0], [907.0, 1348.5], [906.0, 1348.5], [905.5, 1348.0], [905.0, 1347.5], [904.0, 1347.5], [903.5, 1347.0], [903.0, 1346.5], [902.5, 1346.0], [902.0, 1345.5], [901.0, 1345.5], [900.5, 1345.0], [900.0, 1344.5], [899.5, 1344.0], [899.0, 1343.5], [898.5, 1343.0], [898.0, 1342.5], [897.5, 1342.0], [897.0, 1341.5], [896.0, 1341.5], [895.5, 1341.0], [895.5, 1340.0], [895.0, 1339.5], [894.5, 1339.0], [894.0, 1338.5], [893.5, 1338.0], [893.5, 1337.0], [893.0, 1336.5], [892.5, 1336.0], [892.0, 1335.5], [891.5, 1335.0], [891.5, 1334.0], [891.0, 1333.5], [890.5, 1333.0], [890.5, 1332.0], [890.5, 1331.0], [890.0, 1330.5], [889.5, 1330.0], [889.5, 1329.0], [889.5, 1328.0], [889.0, 1327.5], [888.5, 1327.0], [888.5, 1326.0], [888.5, 1325.0], [888.5, 1324.0], [888.0, 1323.5], [887.5, 1323.0], [887.5, 1322.0], [887.5, 1321.0], [887.5, 1320.0], [887.0, 1319.5], [886.5, 1319.0], [886.5, 1318.0], [886.5, 1317.0], [886.5, 1316.0], [886.5, 1315.0], [886.5, 1314.0], [886.5, 1313.0], [886.5, 1312.0], [886.5, 1311.0], [886.5, 1310.0], [887.0, 1309.5], [887.5, 1309.0], [887.5, 1308.0], [887.5, 1307.0], [887.5, 1306.0], [887.5, 1305.0], [887.5, 1304.0], [887.5, 1303.0], [887.5, 1302.0], [888.0, 1301.5], [888.5, 1301.0], [888.5, 1300.0], [888.5, 1299.0], [888.5, 1298.0], [889.0, 1297.5], [889.5, 1297.0], [889.5, 1296.0], [889.5, 1295.0], [890.0, 1294.5], [890.5, 1294.0], [890.5, 1293.0], [890.5, 1292.0], [891.0, 1291.5], [891.5, 1291.0], [891.5, 1290.0], [892.0, 1289.5], [892.5, 1289.0], [893.0, 1288.5], [893.5, 1288.0], [893.5, 1287.0], [894.0, 1286.5], [894.5, 1286.0], [895.0, 1285.5], [895.5, 1285.0], [896.0, 1284.5], [896.5, 1284.0], [897.0, 1283.5], [897.5, 1283.0], [897.5, 1282.0], [898.0, 1281.5], [898.5, 1281.0], [899.0, 1280.5], [899.5, 1280.0], [900.0, 1279.5], [900.5, 1279.0], [901.0, 1278.5], [901.5, 1278.0], [902.0, 1277.5], [902.5, 1277.0], [902.5, 1276.0], [903.0, 1275.5], [903.5, 1275.0], [904.0, 1274.5], [904.5, 1274.0], [904.5, 1273.0], [905.0, 1272.5], [905.5, 1272.0], [905.5, 1271.0], [906.0, 1270.5], [906.5, 1270.0], [906.5, 1269.0], [906.5, 1268.0], [907.0, 1267.5], [907.5, 1267.0], [907.5, 1266.0], [908.0, 1265.5], [908.5, 1265.0], [908.5, 1264.0], [909.0, 1263.5], [909.5, 1263.0], [909.5, 1262.0], [909.5, 1261.0], [910.0, 1260.5], [910.5, 1260.0], [910.5, 1259.0], [911.0, 1258.5], [911.5, 1258.0], [911.5, 1257.0], [912.0, 1256.5], [912.5, 1256.0], [912.5, 1255.0], [913.0, 1254.5], [913.5, 1254.0], [913.5, 1253.0], [914.0, 1252.5], [914.5, 1252.0], [914.5, 1251.0], [915.0, 1250.5], [915.5, 1250.0], [915.5, 1249.0], [915.5, 1248.0], [916.0, 1247.5], [916.5, 1247.0], [916.5, 1246.0], [916.5, 1245.0], [916.5, 1244.0], [916.5, 1243.0], [917.0, 1242.5], [917.5, 1242.0], [917.5, 1241.0], [917.5, 1240.0], [917.5, 1239.0], [918.0, 1238.5], [918.5, 1238.0], [918.5, 1237.0], [918.5, 1236.0], [919.0, 1235.5], [919.5, 1235.0], [919.5, 1234.0], [919.5, 1233.0], [920.0, 1232.5], [920.5, 1232.0], [920.5, 1231.0], [920.5, 1230.0], [921.0, 1229.5], [921.5, 1229.0], [921.5, 1228.0], [921.5, 1227.0], [922.0, 1226.5], [922.5, 1226.0], [922.5, 1225.0], [922.5, 1224.0], [923.0, 1223.5], [923.5, 1223.0], [923.5, 1222.0], [923.5, 1221.0], [924.0, 1220.5], [924.5, 1220.0], [924.5, 1219.0], [924.5, 1218.0], [925.0, 1217.5], [925.5, 1217.0], [925.5, 1216.0], [925.5, 1215.0], [926.0, 1214.5], [926.5, 1214.0], [926.5, 1213.0], [927.0, 1212.5], [927.5, 1212.0], [927.5, 1211.0], [928.0, 1210.5], [928.5, 1210.0], [928.5, 1209.0], [928.5, 1208.0], [929.0, 1207.5], [929.5, 1207.0], [929.5, 1206.0], [930.0, 1205.5], [930.5, 1205.0], [930.5, 1204.0], [930.5, 1203.0], [931.0, 1202.5], [931.5, 1202.0], [931.5, 1201.0], [932.0, 1200.5], [932.5, 1200.0], [932.5, 1199.0], [933.0, 1198.5], [933.5, 1198.0], [933.5, 1197.0], [933.5, 1196.0], [934.0, 1195.5], [934.5, 1195.0], [934.5, 1194.0], [935.0, 1193.5], [935.5, 1193.0], [935.5, 1192.0], [936.0, 1191.5], [936.5, 1191.0], [937.0, 1190.5], [937.5, 1190.0], [937.5, 1189.0], [938.0, 1188.5], [938.5, 1188.0], [939.0, 1187.5], [939.5, 1187.0], [940.0, 1186.5], [940.5, 1186.0], [941.0, 1185.5], [941.5, 1185.0], [942.0, 1184.5], [942.5, 1184.0], [942.5, 1183.0], [943.0, 1182.5], [943.5, 1182.0], [944.0, 1181.5], [944.5, 1181.0], [945.0, 1180.5], [945.5, 1180.0], [945.5, 1179.0], [946.0, 1178.5], [946.5, 1178.0], [947.0, 1177.5], [947.5, 1177.0], [948.0, 1176.5], [948.5, 1176.0], [949.0, 1175.5], [949.5, 1175.0], [950.0, 1174.5], [950.5, 1174.0], [951.0, 1173.5], [952.0, 1173.5], [952.5, 1173.0], [953.0, 1172.5], [953.5, 1172.0], [954.0, 1171.5], [955.0, 1171.5], [955.5, 1171.0], [956.0, 1170.5], [957.0, 1170.5], [957.5, 1170.0], [958.0, 1169.5], [959.0, 1169.5], [959.5, 1169.0], [960.0, 1168.5], [960.5, 1168.0], [961.0, 1167.5], [961.5, 1167.0], [962.0, 1166.5], [963.0, 1166.5], [963.5, 1166.0], [964.0, 1165.5], [964.5, 1165.0], [965.0, 1164.5], [966.0, 1164.5], [966.5, 1164.0], [967.0, 1163.5], [967.5, 1163.0], [968.0, 1162.5], [969.0, 1162.5], [969.5, 1162.0], [970.0, 1161.5], [971.0, 1161.5], [972.0, 1161.5], [972.5, 1161.0], [973.0, 1160.5], [974.0, 1160.5], [975.0, 1160.5], [976.0, 1160.5], [976.5, 1160.0], [977.0, 1159.5], [978.0, 1159.5], [979.0, 1159.5], [979.5, 1159.0], [980.0, 1158.5], [981.0, 1158.5], [981.5, 1158.0], [982.0, 1157.5], [983.0, 1157.5], [984.0, 1157.5], [984.5, 1157.0], [985.0, 1156.5], [986.0, 1156.5], [987.0, 1156.5], [988.0, 1156.5], [989.0, 1156.5], [990.0, 1156.5], [990.5, 1157.0], [991.0, 1157.5], [992.0, 1157.5], [993.0, 1157.5], [994.0, 1157.5], [995.0, 1157.5], [996.0, 1157.5], [997.0, 1157.5], [998.0, 1157.5], [999.0, 1157.5], [1000.0, 1157.5], [1001.0, 1157.5], [1002.0, 1157.5], [1003.0, 1157.5], [1004.0, 1157.5], [1005.0, 1157.5], [1006.0, 1157.5], [1007.0, 1157.5], [1008.0, 1157.5], [1009.0, 1157.5], [1009.5, 1158.0], [1010.0, 1158.5], [1011.0, 1158.5], [1012.0, 1158.5], [1013.0, 1158.5], [1014.0, 1158.5], [1015.0, 1158.5], [1016.0, 1158.5], [1017.0, 1158.5], [1018.0, 1158.5], [1018.5, 1159.0], [1019.0, 1159.5], [1020.0, 1159.5], [1021.0, 1159.5], [1022.0, 1159.5], [1022.5, 1160.0], [1023.0, 1160.5], [1024.0, 1160.5], [1025.0, 1160.5], [1025.5, 1161.0], [1026.0, 1161.5], [1027.0, 1161.5], [1028.0, 1161.5], [1028.5, 1162.0], [1029.0, 1162.5], [1030.0, 1162.5], [1031.0, 1162.5], [1032.0, 1162.5], [1033.0, 1162.5], [1033.5, 1163.0], [1034.0, 1163.5], [1035.0, 1163.5], [1036.0, 1163.5], [1037.0, 1163.5], [1037.5, 1164.0], [1038.0, 1164.5], [1039.0, 1164.5], [1040.0, 1164.5], [1040.5, 1165.0], [1041.0, 1165.5], [1042.0, 1165.5], [1042.5, 1166.0], [1043.0, 1166.5], [1044.0, 1166.5], [1044.5, 1167.0], [1045.0, 1167.5], [1045.5, 1168.0], [1046.0, 1168.5], [1047.0, 1168.5], [1047.5, 1169.0], [1048.0, 1169.5], [1048.5, 1170.0], [1049.0, 1170.5], [1050.0, 1170.5], [1050.5, 1171.0], [1051.0, 1171.5], [1052.0, 1171.5], [1052.5, 1172.0], [1053.0, 1172.5], [1053.5, 1173.0], [1054.0, 1173.5], [1054.5, 1174.0], [1055.0, 1174.5], [1055.5, 1175.0], [1056.0, 1175.5], [1056.5, 1176.0], [1057.0, 1176.5], [1057.5, 1177.0], [1058.0, 1177.5], [1058.5, 1178.0], [1059.0, 1178.5], [1059.5, 1179.0], [1060.0, 1179.5], [1060.5, 1180.0], [1061.0, 1180.5], [1061.5, 1181.0], [1062.0, 1181.5], [1062.5, 1182.0], [1063.0, 1182.5], [1063.5, 1183.0], [1064.0, 1183.5], [1064.5, 1184.0], [1065.0, 1184.5], [1065.5, 1185.0], [1066.0, 1185.5], [1066.5, 1186.0], [1067.0, 1186.5], [1067.5, 1187.0], [1067.5, 1188.0], [1068.0, 1188.5], [1068.5, 1189.0], [1068.5, 1190.0], [1069.0, 1190.5], [1069.5, 1191.0], [1070.0, 1191.5], [1070.5, 1192.0], [1070.5, 1193.0], [1071.0, 1193.5], [1071.5, 1194.0], [1071.5, 1195.0], [1072.0, 1195.5], [1072.5, 1196.0], [1073.0, 1196.5], [1073.5, 1197.0], [1074.0, 1197.5], [1074.5, 1198.0], [1074.5, 1199.0], [1075.0, 1199.5], [1075.5, 1200.0], [1076.0, 1200.5], [1076.5, 1201.0], [1077.0, 1201.5], [1077.5, 1202.0], [1077.5, 1203.0], [1078.0, 1203.5], [1078.5, 1204.0], [1079.0, 1204.5], [1079.5, 1205.0], [1080.0, 1205.5], [1080.5, 1206.0], [1080.5, 1207.0], [1081.0, 1207.5], [1081.5, 1208.0], [1082.0, 1208.5], [1082.5, 1209.0], [1083.0, 1209.5], [1083.5, 1210.0], [1084.0, 1210.5], [1085.0, 1210.5], [1085.5, 1211.0], [1086.0, 1211.5], [1086.5, 1212.0], [1087.0, 1212.5], [1087.5, 1213.0], [1087.5, 1214.0], [1088.0, 1214.5], [1088.5, 1215.0], [1089.0, 1215.5], [1089.5, 1216.0], [1090.0, 1216.5], [1090.5, 1217.0], [1091.0, 1217.5], [1092.0, 1217.5], [1092.5, 1218.0], [1093.0, 1218.5], [1094.0, 1218.5], [1095.0, 1218.5], [1095.5, 1219.0], [1096.0, 1219.5], [1097.0, 1219.5], [1098.0, 1219.5], [1099.0, 1219.5], [1100.0, 1219.5], [1101.0, 1219.5], [1101.5, 1219.0], [1102.0, 1218.5], [1103.0, 1218.5], [1104.0, 1218.5], [1104.5, 1218.0], [1105.0, 1217.5], [1106.0, 1217.5], [1107.0, 1217.5], [1107.5, 1217.0], [1108.0, 1216.5], [1109.0, 1216.5], [1110.0, 1216.5], [1111.0, 1216.5], [1112.0, 1216.5], [1112.5, 1216.0], [1113.0, 1215.5], [1114.0, 1215.5], [1115.0, 1215.5], [1115.5, 1215.0], [1116.0, 1214.5], [1116.5, 1214.0], [1117.0, 1213.5], [1117.5, 1213.0], [1118.0, 1212.5], [1119.0, 1212.5], [1119.5, 1212.0], [1120.0, 1211.5], [1120.5, 1211.0], [1121.0, 1210.5], [1122.0, 1210.5], [1122.5, 1210.0], [1123.0, 1209.5], [1124.0, 1209.5], [1125.0, 1209.5], [1125.5, 1209.0], [1126.0, 1208.5], [1127.0, 1208.5], [1128.0, 1208.5], [1129.0, 1208.5], [1130.0, 1208.5], [1131.0, 1208.5], [1132.0, 1208.5], [1133.0, 1208.5], [1134.0, 1208.5], [1135.0, 1208.5], [1135.5, 1209.0], [1136.0, 1209.5], [1136.5, 1210.0], [1137.0, 1210.5], [1138.0, 1210.5], [1138.5, 1211.0], [1139.0, 1211.5], [1139.5, 1212.0], [1139.5, 1213.0], [1140.0, 1213.5], [1140.5, 1214.0], [1141.0, 1214.5], [1141.5, 1215.0], [1142.0, 1215.5], [1142.5, 1216.0], [1142.5, 1217.0], [1142.5, 1218.0], [1143.0, 1218.5], [1143.5, 1219.0], [1143.5, 1220.0], [1144.0, 1220.5], [1144.5, 1221.0], [1144.5, 1222.0], [1145.0, 1222.5], [1145.5, 1223.0], [1145.5, 1224.0], [1146.0, 1224.5], [1146.5, 1225.0], [1146.5, 1226.0], [1147.0, 1226.5], [1147.5, 1227.0], [1147.5, 1228.0], [1147.5, 1229.0], [1147.5, 1230.0], [1147.5, 1231.0], [1147.5, 1232.0], [1147.5, 1233.0], [1147.0, 1233.5], [1146.5, 1234.0], [1146.5, 1235.0], [1146.0, 1235.5], [1145.5, 1236.0], [1145.0, 1236.5], [1144.5, 1237.0], [1144.0, 1237.5], [1143.5, 1238.0], [1143.0, 1238.5], [1142.5, 1239.0], [1142.0, 1239.5], [1141.5, 1240.0], [1141.5, 1241.0], [1141.5, 1242.0], [1141.0, 1242.5], [1140.5, 1243.0], [1141.0, 1243.5], [1141.5, 1244.0], [1141.5, 1245.0], [1141.5, 1246.0], [1142.0, 1246.5], [1142.5, 1247.0], [1142.5, 1248.0], [1143.0, 1248.5], [1143.5, 1249.0], [1143.5, 1250.0], [1143.5, 1251.0], [1143.5, 1252.0], [1143.5, 1253.0], [1143.5, 1254.0], [1143.5, 1255.0], [1143.5, 1256.0], [1143.5, 1257.0], [1143.5, 1258.0], [1143.5, 1259.0], [1143.5, 1260.0], [1143.5, 1261.0], [1143.5, 1262.0], [1143.5, 1263.0], [1143.0, 1263.5], [1142.5, 1264.0], [1142.5, 1265.0], [1142.5, 1266.0], [1142.5, 1267.0], [1142.0, 1267.5], [1141.5, 1268.0], [1141.0, 1268.5], [1140.5, 1269.0], [1140.0, 1269.5], [1139.5, 1270.0], [1139.0, 1270.5], [1138.5, 1271.0], [1138.0, 1271.5], [1137.0, 1271.5], [1136.5, 1272.0], [1136.0, 1272.5], [1135.0, 1272.5], [1134.5, 1273.0], [1134.0, 1273.5], [1133.5, 1274.0], [1133.0, 1274.5], [1132.5, 1275.0], [1132.0, 1275.5], [1131.0, 1275.5], [1130.5, 1276.0], [1130.0, 1276.5], [1129.5, 1277.0], [1129.0, 1277.5], [1128.5, 1278.0], [1128.0, 1278.5], [1127.5, 1279.0], [1127.0, 1279.5], [1126.5, 1280.0], [1126.0, 1280.5], [1125.0, 1280.5], [1124.5, 1281.0], [1124.0, 1281.5], [1123.0, 1281.5], [1122.5, 1282.0], [1122.0, 1282.5], [1121.0, 1282.5], [1120.5, 1283.0], [1120.0, 1283.5], [1119.0, 1283.5], [1118.5, 1284.0], [1118.0, 1284.5], [1117.0, 1284.5], [1116.5, 1285.0], [1116.0, 1285.5], [1115.0, 1285.5], [1114.5, 1286.0], [1114.0, 1286.5], [1113.0, 1286.5], [1112.0, 1286.5], [1111.5, 1287.0], [1111.0, 1287.5], [1110.0, 1287.5], [1109.0, 1287.5], [1108.5, 1288.0], [1108.0, 1288.5], [1107.0, 1288.5], [1106.0, 1288.5], [1105.5, 1289.0], [1105.0, 1289.5], [1104.0, 1289.5], [1103.0, 1289.5], [1102.0, 1289.5], [1101.0, 1289.5], [1100.0, 1289.5], [1099.0, 1289.5], [1098.0, 1289.5], [1097.0, 1289.5], [1096.0, 1289.5], [1095.0, 1289.5], [1094.5, 1289.0], [1094.0, 1288.5], [1093.0, 1288.5], [1092.0, 1288.5], [1091.0, 1288.5], [1090.0, 1288.5], [1089.0, 1288.5], [1088.0, 1288.5], [1087.5, 1289.0], [1087.0, 1289.5], [1086.0, 1289.5], [1085.0, 1289.5], [1084.0, 1289.5], [1083.5, 1290.0], [1083.0, 1290.5], [1082.0, 1290.5], [1081.0, 1290.5], [1080.5, 1291.0], [1080.0, 1291.5], [1079.0, 1291.5], [1078.5, 1292.0], [1078.0, 1292.5], [1077.0, 1292.5], [1076.5, 1293.0], [1076.0, 1293.5], [1075.5, 1294.0], [1075.5, 1295.0], [1075.0, 1295.5], [1074.5, 1296.0], [1074.5, 1297.0], [1074.0, 1297.5], [1073.5, 1298.0], [1073.0, 1298.5], [1072.0, 1298.5], [1071.5, 1298.0], [1071.0, 1297.5], [1070.0, 1297.5], [1069.0, 1297.5], [1068.5, 1297.0], [1068.0, 1296.5], [1067.5, 1296.0], [1067.5, 1295.0], [1067.0, 1294.5], [1066.5, 1294.0], [1066.0, 1293.5], [1065.5, 1293.0], [1065.0, 1292.5], [1064.5, 1292.0], [1064.0, 1291.5], [1063.5, 1291.0], [1063.0, 1290.5], [1062.5, 1290.0], [1062.0, 1289.5], [1061.0, 1289.5], [1060.0, 1289.5], [1059.5, 1289.0], [1059.0, 1288.5], [1058.0, 1288.5], [1057.0, 1288.5], [1056.0, 1288.5], [1055.5, 1288.0], [1055.0, 1287.5], [1054.0, 1287.5], [1053.0, 1287.5], [1052.0, 1287.5], [1051.5, 1287.0], [1051.0, 1286.5], [1050.0, 1286.5], [1049.0, 1286.5], [1048.0, 1286.5], [1047.0, 1286.5], [1046.0, 1286.5], [1045.0, 1286.5], [1044.5, 1287.0], [1044.0, 1287.5], [1043.0, 1287.5], [1042.0, 1287.5], [1041.5, 1288.0], [1041.0, 1288.5], [1040.5, 1289.0], [1040.0, 1289.5], [1039.5, 1290.0], [1039.0, 1290.5], [1038.5, 1291.0], [1038.0, 1291.5], [1037.5, 1292.0], [1037.0, 1292.5], [1036.5, 1293.0], [1036.0, 1293.5], [1035.5, 1294.0], [1035.0, 1294.5], [1034.5, 1295.0], [1034.5, 1296.0], [1034.0, 1296.5], [1033.5, 1297.0], [1033.0, 1297.5], [1032.5, 1298.0], [1032.0, 1298.5], [1031.5, 1299.0], [1031.0, 1299.5], [1030.5, 1300.0], [1030.5, 1301.0], [1030.0, 1301.5], [1029.5, 1302.0], [1029.0, 1302.5], [1028.5, 1303.0], [1028.0, 1303.5], [1027.5, 1304.0], [1027.0, 1304.5], [1026.5, 1305.0], [1026.0, 1305.5], [1025.5, 1306.0], [1025.5, 1307.0], [1025.0, 1307.5], [1024.5, 1308.0], [1024.0, 1308.5], [1023.5, 1309.0], [1023.0, 1309.5], [1022.5, 1310.0], [1022.0, 1310.5], [1021.5, 1311.0], [1021.5, 1312.0], [1021.0, 1312.5], [1020.5, 1313.0], [1020.0, 1313.5], [1019.5, 1314.0], [1019.5, 1315.0], [1019.0, 1315.5], [1018.5, 1316.0], [1018.0, 1316.5], [1017.5, 1317.0], [1017.0, 1317.5], [1016.5, 1318.0], [1016.5, 1319.0], [1016.0, 1319.5], [1015.5, 1320.0], [1015.0, 1320.5], [1014.5, 1321.0], [1014.0, 1321.5], [1013.5, 1322.0], [1013.0, 1322.5], [1012.0, 1322.5], [1011.5, 1323.0], [1011.0, 1323.5], [1010.5, 1324.0], [1010.0, 1324.5], [1009.5, 1325.0], [1009.0, 1325.5], [1008.0, 1325.5], [1007.5, 1326.0], [1007.0, 1326.5], [1006.5, 1327.0], [1006.5, 1328.0], [1006.0, 1328.5], [1005.5, 1329.0], [1005.0, 1329.5], [1004.5, 1330.0], [1004.0, 1330.5], [1003.5, 1331.0], [1003.0, 1331.5], [1002.5, 1332.0], [1002.0, 1332.5], [1001.5, 1333.0], [1001.0, 1333.5], [1000.5, 1334.0], [1000.0, 1334.5], [999.0, 1334.5], [998.5, 1335.0], [998.0, 1335.5], [997.0, 1335.5], [996.5, 1336.0], [996.0, 1336.5], [995.0, 1336.5], [994.5, 1337.0], [994.0, 1337.5], [993.0, 1337.5], [992.5, 1338.0], [992.0, 1338.5], [991.0, 1338.5], [990.5, 1339.0], [990.0, 1339.5], [989.0, 1339.5], [988.0, 1339.5], [987.5, 1340.0], [987.0, 1340.5], [986.0, 1340.5], [985.5, 1341.0], [985.0, 1341.5], [984.0, 1341.5], [983.0, 1341.5], [982.5, 1342.0], [982.0, 1342.5], [981.0, 1342.5], [980.0, 1342.5], [979.5, 1343.0], [979.0, 1343.5], [978.0, 1343.5], [977.0, 1343.5], [976.5, 1344.0], [976.0, 1344.5], [975.0, 1344.5], [974.0, 1344.5], [973.5, 1345.0], [973.0, 1345.5], [972.0, 1345.5], [971.5, 1346.0], [971.0, 1346.5], [970.0, 1346.5], [969.0, 1346.5], [968.5, 1347.0], [968.0, 1347.5], [967.0, 1347.5], [966.0, 1347.5], [965.5, 1348.0], [965.0, 1348.5], [964.0, 1348.5], [963.0, 1348.5], [962.5, 1349.0], [962.0, 1349.5], [961.0, 1349.5], [960.0, 1349.5], [959.5, 1350.0], [959.0, 1350.5], [958.0, 1350.5], [957.0, 1350.5], [956.0, 1350.5], [955.0, 1350.5], [954.0, 1350.5], [953.0, 1350.5], [952.0, 1350.5], [951.5, 1351.0], [951.0, 1351.5]]]}}, {"type": "Feature", "properties": {"label": 16, "area_px": 34582}, "geometry": {"type": "Polygon", "coordinates": [[[1645.0, 1517.5], [1644.0, 1517.5], [1643.0, 1517.5], [1642.0, 1517.5], [1641.0, 1517.5], [1640.0, 1517.5], [1639.0, 1517.5], [1638.0, 1517.5], [1637.0, 1517.5], [1636.0, 1517.5], [1635.0, 1517.5], [1634.0, 1517.5], [1633.0, 1517.5], [1632.0, 1517.5], [1631.0, 1517.5], [1630.0, 1517.5], [1629.0, 1517.5], [1628.0, 1517.5], [1627.0, 1517.5], [1626.0, 1517.5], [1625.0, 1517.5], [1624.0, 1517.5], [1623.5, 1517.0], [1623.0, 1516.5], [1622.0, 1516.5], [1621.0, 1516.5], [1620.0, 1516.5], [1619.0, 1516.5], [1618.5, 1516.0], [1618.0, 1515.5], [1617.0, 1515.5], [1616.5, 1515.0], [1616.0, 1514.5], [1615.0, 1514.5], [1614.5, 1514.0], [1614.0, 1513.5], [1613.5, 1513.0], [1613.0, 1512.5], [1612.5, 1512.0], [1612.0, 1511.5], [1611.5, 1511.0], [1611.0, 1510.5], [1610.5, 1510.0], [1610.0, 1509.5], [1609.5, 1509.0], [1609.5, 1508.0], [1609.0, 1507.5], [1608.5, 1507.0], [1608.5, 1506.0], [1608.0, 1505.5], [1607.5, 1505.0], [1607.5, 1504.0], [1607.0, 1503.5], [1606.5, 1503.0], [1606.5, 1502.0], [1606.0, 1501.5], [1605.5, 1501.0], [1605.5, 1500.0], [1605.0, 1499.5], [1604.5, 1499.0], [1604.5, 1498.0], [1604.0, 1497.5], [1603.5, 1497.0], [1603.0, 1496.5], [1602.5, 1496.0], [1602.5, 1495.0], [1602.0, 1494.5], [1601.5, 1494.0], [1601.0, 1493.5], [1600.5, 1493.0], [1600.5, 1492.0], [1600.0, 1491.5], [1599.5, 1491.0], [1599.0, 1490.5], [1598.5, 1490.0], [1598.5, 1489.0], [1598.0, 1488.5], [1597.5, 1488.0], [1597.5, 1487.0], [1597.5, 1486.0], [1597.5, 1485.0], [1597.5, 1484.0], [1597.5, 1483.0], [1597.5, 1482.0], [1597.5, 1481.0], [1597.5, 1480.0], [1597.5, 1479.0], [1597.0, 1478.5], [1596.5, 1478.0], [1596.5, 1477.0], [1596.5, 1476.0], [1596.5, 1475.0], [1596.0, 1474.5], [1595.5, 1474.0], [1595.5, 1473.0], [1595.5, 1472.0], [1595.5, 1471.0], [1595.0, 1470.5], [1594.5, 1470.0], [1594.5, 1469.0], [1594.5, 1468.0], [1594.0, 1467.5], [1593.5, 1467.0], [1593.5, 1466.0], [1593.5, 1465.0], [1593.5, 1464.0], [1593.5, 1463.0], [1594.0, 1462.5], [1594.5, 1462.0], [1594.5, 1461.0], [1594.5, 1460.0], [1594.5, 1459.0], [1595.0, 1458.5], [1595.5, 1458.0], [1595.5, 1457.0], [1595.5, 1456.0], [1595.5, 1455.0], [1595.5, 1454.0], [1595.5, 1453.0], [1595.5, 1452.0], [1595.5, 1451.0], [1595.5, 1450.0], [1595.5, 1449.0], [1595.0, 1448.5], [1594.5, 1448.0], [1594.5, 1447.0], [1594.5, 1446.0], [1594.0, 1445.5], [1593.5, 1445.0], [1593.5, 1444.0], [1593.5, 1443.0], [1593.0, 1442.5], [1592.5, 1442.0], [1592.5, 1441.0], [1592.0, 1440.5], [1591.5, 1440.0], [1591.0, 1439.5], [1590.0, 1439.5], [1589.5, 1439.0], [1589.0, 1438.5], [1588.0, 1438.5], [1587.5, 1438.0], [1587.0, 1437.5], [1586.0, 1437.5], [1585.5, 1437.0], [1585.0, 1436.5], [1584.0, 1436.5], [1583.5, 1436.0], [1583.0, 1435.5], [1582.0, 1435.5], [1581.5, 1435.0], [1581.0, 1434.5], [1580.0, 1434.5], [1579.5, 1434.0], [1579.0, 1433.5], [1578.5, 1433.0], [1578.0, 1432.5], [1577.5, 1432.0], [1577.0, 1431.5], [1576.5, 1431.0], [1576.5, 1430.0], [1576.0, 1429.5], [1575.5, 1429.0], [1575.5, 1428.0], [1575.5, 1427.0], [1575.0, 1426.5], [1574.5, 1426.0], [1574.5, 1425.0], [1574.0, 1424.5], [1573.5, 1424.0], [1573.5, 1423.0], [1573.0, 1422.5], [1572.5, 1422.0], [1572.0, 1421.5], [1571.5, 1421.0], [1571.5, 1420.0], [1571.0, 1419.5], [1570.5, 1419.0], [1570.0, 1418.5], [1569.5, 1418.0], [1569.5, 1417.0], [1569.0, 1416.5], [1568.5, 1416.0], [1568.5, 1415.0], [1568.0, 1414.5], [1567.5, 1414.0], [1567.5, 1413.0], [1567.5, 1412.0], [1567.0, 1411.5], [1566.5, 1411.0], [1566.5, 1410.0], [1566.5, 1409.0], [1566.0, 1408.5], [1565.5, 1408.0], [1565.5, 1407.0], [1565.5, 1406.0], [1565.0, 1405.5], [1564.5, 1405.0], [1564.5, 1404.0], [1564.5, 1403.0], [1564.0, 1402.5], [1563.5, 1402.0], [1563.5, 1401.0], [1563.0, 1400.5], [1562.5, 1400.0], [1562.5, 1399.0], [1562.0, 1398.5], [1561.5, 1398.0], [1561.5, 1397.0], [1561.0, 1396.5], [1560.5, 1396.0], [1560.5, 1395.0], [1560.0, 1394.5], [1559.5, 1394.0], [1559.5, 1393.0], [1559.5, 1392.0], [1559.5, 1391.0], [1559.0, 1390.5], [1558.5, 1390.0], [1558.5, 1389.0], [1558.5, 1388.0], [1558.5, 1387.0], [1558.0, 1386.5], [1557.5, 1386.0], [1557.5, 1385.0], [1557.5, 1384.0], [1557.5, 1383.0], [1557.0, 1382.5], [1556.5, 1382.0], [1556.5, 1381.0], [1556.5, 1380.0], [1556.5, 1379.0], [1556.0, 1378.5], [1555.5, 1378.0], [1555.5, 1377.0], [1555.5, 1376.0], [1555.5, 1375.0], [1555.5, 1374.0], [1555.5, 1373.0], [1555.5, 1372.0], [1555.5, 1371.0], [1555.5, 1370.0], [1555.0, 1369.5], [1554.5, 1369.0], [1554.5, 1368.0], [1554.5, 1367.0], [1554.5, 1366.0], [1554.5, 1365.0], [1554.5, 1364.0], [1554.5, 1363.0], [1554.5, 1362.0], [1554.5, 1361.0], [1554.5, 1360.0], [1554.5, 1359.0], [1554.0, 1358.5], [1553.5, 1358.0], [1553.5, 1357.0], [1553.5, 1356.0], [1553.5, 1355.0], [1553.5, 1354.0], [1553.0, 1353.5], [1552.5, 1353.0], [1552.5, 1352.0], [1552.5, 1351.0], [1552.5, 1350.0], [1552.5, 1349.0], [1552.5, 1348.0], [1552.0, 1347.5], [1551.5, 1347.0], [1551.5, 1346.0], [1551.5, 1345.0], [1551.5, 1344.0], [1551.5, 1343.0], [1551.5, 1342.0], [1551.5, 1341.0], [1551.0, 1340.5], [1550.5, 1340.0], [1550.5, 1339.0], [1550.5, 1338.0], [1550.5, 1337.0], [1550.0, 1336.5], [1549.5, 1336.0], [1549.5, 1335.0], [1549.5, 1334.0], [1549.5, 1333.0], [1549.0, 1332.5], [1548.5, 1332.0], [1548.5, 1331.0], [1548.5, 1330.0], [1548.5, 1329.0], [1548.5, 1328.0], [1548.0, 1327.5], [1547.5, 1327.0], [1547.5, 1326.0], [1547.5, 1325.0], [1547.5, 1324.0], [1547.0, 1323.5], [1546.5, 1323.0], [1546.5, 1322.0], [1546.5, 1321.0], [1546.0, 1320.5], [1545.5, 1320.0], [1545.5, 1319.0], [1545.5, 1318.0], [1545.0, 1317.5], [1544.5, 1317.0], [1544.5, 1316.0], [1544.5, 1315.0], [1544.5, 1314.0], [1544.5, 1313.0], [1544.0, 1312.5], [1543.5, 1312.0], [1543.5, 1311.0], [1543.5, 1310.0], [1543.5, 1309.0], [1543.5, 1308.0], [1543.5, 1307.0], [1543.5, 1306.0], [1543.5, 1305.0], [1543.0, 1304.5], [1542.5, 1304.0], [1542.5, 1303.0], [1542.5, 1302.0], [1542.5, 1301.0], [1542.5, 1300.0], [1542.0, 1299.5], [1541.5, 1299.0], [1541.5, 1298.0], [1541.5, 1297.0], [1541.5, 1296.0], [1541.5, 1295.0], [1541.5, 1294.0], [1541.5, 1293.0], [1541.5, 1292.0], [1541.5, 1291.0], [1541.5, 1290.0], [1541.5, 1289.0], [1541.5, 1288.0], [1541.5, 1287.0], [1542.0, 1286.5], [1542.5, 1286.0], [1542.5, 1285.0], [1542.5, 1284.0], [1542.5, 1283.0], [1542.5, 1282.0], [1543.0, 1281.5], [1543.5, 1281.0], [1543.5, 1280.0], [1544.0, 1279.5], [1544.5, 1279.0], [1544.5, 1278.0], [1544.5, 1277.0], [1545.0, 1276.5], [1545.5, 1276.0], [1545.5, 1275.0], [1545.5, 1274.0], [1545.5, 1273.0], [1545.5, 1272.0], [1545.5, 1271.0], [1545.5, 1270.0], [1545.5, 1269.0], [1545.5, 1268.0], [1545.5, 1267.0], [1545.5, 1266.0], [1545.5, 1265.0], [1545.5, 1264.0], [1545.5, 1263.0], [1545.5, 1262.0], [1545.5, 1261.0], [1545.5, 1260.0], [1545.5, 1259.0], [1545.5, 1258.0], [1545.5, 1257.0], [1545.5, 1256.0], [1545.5, 1255.0], [1545.5, 1254.0], [1545.5, 1253.0], [1545.5, 1252.0], [1545.5, 1251.0], [1545.5, 1250.0], [1545.5, 1249.0], [1545.5, 1248.0], [1545.5, 1247.0], [1545.5, 1246.0], [1545.5, 1245.0], [1546.0, 1244.5], [1546.5, 1244.0], [1546.5, 1243.0], [1546.5, 1242.0], [1547.0, 1241.5], [1547.5, 1241.0], [1547.5, 1240.0], [1548.0, 1239.5], [1548.5, 1239.0], [1548.5, 1238.0], [1549.0, 1237.5], [1549.5, 1237.0], [1549.5, 1236.0], [1550.0, 1235.5], [1550.5, 1235.0], [1550.5, 1234.0], [1550.5, 1233.0], [1551.0, 1232.5], [1551.5, 1232.0], [1551.5, 1231.0], [1551.5, 1230.0], [1551.5, 1229.0], [1551.5, 1228.0], [1551.5, 1227.0], [1551.5, 1226.0], [1551.5, 1225.0], [1551.0, 1224.5], [1550.5, 1224.0], [1550.5, 1223.0], [1550.5, 1222.0], [1550.5, 1221.0], [1550.5, 1220.0], [1550.5, 1219.0], [1550.5, 1218.0], [1550.5, 1217.0], [1550.5, 1216.0], [1551.0, 1215.5], [1551.5, 1215.0], [1551.5, 1214.0], [1551.5, 1213.0], [1552.0, 1212.5], [1552.5, 1212.0], [1552.5, 1211.0], [1553.0, 1210.5], [1553.5, 1210.0], [1554.0, 1209.5], [1554.5, 1209.0], [1554.5, 1208.0], [1555.0, 1207.5], [1555.5, 1207.0], [1556.0, 1206.5], [1556.5, 1206.0], [1557.0, 1205.5], [1557.5, 1205.0], [1557.5, 1204.0], [1558.0, 1203.5], [1558.5, 1203.0], [1559.0, 1202.5], [1559.5, 1202.0], [1560.0, 1201.5], [1560.5, 1201.0], [1561.0, 1200.5], [1562.0, 1200.5], [1562.5, 1200.0], [1563.0, 1199.5], [1564.0, 1199.5], [1564.5, 1199.0], [1565.0, 1198.5], [1566.0, 1198.5], [1566.5, 1198.0], [1567.0, 1197.5], [1568.0, 1197.5], [1569.0, 1197.5], [1569.5, 1197.0], [1570.0, 1196.5], [1571.0, 1196.5], [1571.5, 1196.0], [1572.0, 1195.5], [1572.5, 1195.0], [1573.0, 1194.5], [1573.5, 1194.0], [1574.0, 1193.5], [1575.0, 1193.5], [1575.5, 1193.0], [1576.0, 1192.5], [1576.5, 1192.0], [1577.0, 1191.5], [1578.0, 1191.5], [1578.5, 1191.0], [1579.0, 1190.5], [1580.0, 1190.5], [1580.5, 1190.0], [1581.0, 1189.5], [1582.0, 1189.5], [1583.0, 1189.5], [1583.5, 1189.0], [1584.0, 1188.5], [1585.0, 1188.5], [1586.0, 1188.5], [1586.5, 1188.0], [1587.0, 1187.5], [1588.0, 1187.5], [1589.0, 1187.5], [1589.5, 1187.0], [1590.0, 1186.5], [1591.0, 1186.5], [1592.0, 1186.5], [1593.0, 1186.5], [1594.0, 1186.5], [1595.0, 1186.5], [1596.0, 1186.5], [1597.0, 1186.5], [1598.0, 1186.5], [1599.0, 1186.5], [1600.0, 1186.5], [1601.0, 1186.5], [1602.0, 1186.5], [1603.0, 1186.5], [1604.0, 1186.5], [1605.0, 1186.5], [1606.0, 1186.5], [1607.0, 1186.5], [1608.0, 1186.5], [1609.0, 1186.5], [1609.5, 1186.0], [1610.0, 1185.5], [1611.0, 1185.5], [1612.0, 1185.5], [1612.5, 1185.0], [1613.0, 1184.5], [1614.0, 1184.5], [1614.5, 1184.0], [1615.0, 1183.5], [1616.0, 1183.5], [1617.0, 1183.5], [1618.0, 1183.5], [1619.0, 1183.5], [1620.0, 1183.5], [1621.0, 1183.5], [1622.0, 1183.5], [1623.0, 1183.5], [1624.0, 1183.5], [1625.0, 1183.5], [1626.0, 1183.5], [1626.5, 1183.0], [1627.0, 1182.5], [1628.0, 1182.5], [1629.0, 1182.5], [1629.5, 1182.0], [1630.0, 1181.5], [1631.0, 1181.5], [1631.5, 1181.0], [1632.0, 1180.5], [1632.5, 1180.0], [1633.0, 1179.5], [1634.0, 1179.5], [1634.5, 1179.0], [1635.0, 1178.5], [1635.5, 1178.0], [1636.0, 1177.5], [1636.5, 1177.0], [1637.0, 1176.5], [1638.0, 1176.5], [1638.5, 1176.0], [1639.0, 1175.5], [1640.0, 1175.5], [1641.0, 1175.5], [1641.5, 1175.0], [1642.0, 1174.5], [1643.0, 1174.5], [1644.0, 1174.5], [1645.0, 1174.5], [1646.0, 1174.5], [1647.0, 1174.5], [1648.0, 1174.5], [1649.0, 1174.5], [1650.0, 1174.5], [1651.0, 1174.5], [1652.0, 1174.5], [1653.0, 1174.5], [1654.0, 1174.5], [1655.0, 1174.5], [1656.0, 1174.5], [1657.0, 1174.5], [1658.0, 1174.5], [1658.5, 1174.0], [1659.0, 1173.5], [1660.0, 1173.5], [1661.0, 1173.5], [1662.0, 1173.5], [1663.0, 1173.5], [1664.0, 1173.5], [1665.0, 1173.5], [1666.0, 1173.5], [1667.0, 1173.5], [1668.0, 1173.5], [1669.0, 1173.5], [1670.0, 1173.5], [1671.0, 1173.5], [1672.0, 1173.5], [1673.0, 1173.5], [1673.5, 1174.0], [1674.0, 1174.5], [1675.0, 1174.5], [1676.0, 1174.5], [1677.0, 1174.5], [1678.0, 1174.5], [1679.0, 1174.5], [1680.0, 1174.5], [1681.0, 1174.5], [1682.0, 1174.5], [1683.0, 1174.5], [1684.0, 1174.5], [1685.0, 1174.5], [1686.0, 1174.5], [1686.5, 1175.0], [1687.0, 1175.5], [1688.0, 1175.5], [1689.0, 1175.5], [1689.5, 1176.0], [1690.0, 1176.5], [1691.0, 1176.5], [1692.0, 1176.5], [1693.0, 1176.5], [1693.5, 1177.0], [1694.0, 1177.5], [1695.0, 1177.5], [1696.0, 1177.5], [1696.5, 1178.0], [1697.0, 1178.5], [1698.0, 1178.5], [1698.5, 1179.0], [1699.0, 1179.5], [1699.5, 1180.0], [1700.0, 1180.5], [1700.5, 1181.0], [1700.5, 1182.0], [1701.0, 1182.5], [1701.5, 1183.0], [1701.5, 1184.0], [1701.5, 1185.0], [1702.0, 1185.5], [1702.5, 1186.0], [1702.5, 1187.0], [1702.5, 1188.0], [1703.0, 1188.5], [1703.5, 1189.0], [1703.5, 1190.0], [1703.5, 1191.0], [1704.0, 1191.5], [1704.5, 1192.0], [1704.5, 1193.0], [1704.5, 1194.0], [1705.0, 1194.5], [1705.5, 1195.0], [1705.5, 1196.0], [1705.5, 1197.0], [1705.5, 1198.0], [1705.5, 1199.0], [1705.5, 1200.0], [1705.0, 1200.5], [1704.5, 1201.0], [1704.5, 1202.0], [1704.5, 1203.0], [1704.5, 1204.0], [1704.5, 1205.0], [1704.0, 1205.5], [1703.5, 1206.0], [1703.5, 1207.0], [1703.5, 1208.0], [1703.5, 1209.0], [1703.5, 1210.0], [1703.0, 1210.5], [1702.5, 1211.0], [1702.5, 1212.0], [1702.5, 1213.0], [1702.5, 1214.0], [1702.0, 1214.5], [1701.5, 1215.0], [1701.5, 1216.0], [1701.5, 1217.0], [1701.0, 1217.5], [1700.5, 1218.0], [1700.5, 1219.0], [1700.5, 1220.0], [1700.0, 1220.5], [1699.5, 1221.0], [1699.5, 1222.0], [1699.0, 1222.5], [1698.5, 1223.0], [1698.5, 1224.0], [1698.0, 1224.5], [1697.5, 1225.0], [1697.0, 1225.5], [1696.5, 1226.0], [1696.0, 1226.5], [1695.5, 1227.0], [1695.5, 1228.0], [1695.0, 1228.5], [1694.5, 1229.0], [1694.0, 1229.5], [1693.5, 1230.0], [1693.0, 1230.5], [1692.5, 1231.0], [1692.5, 1232.0], [1692.0, 1232.5], [1691.5, 1233.0], [1691.0, 1233.5], [1690.5, 1234.0], [1690.5, 1235.0], [1690.0, 1235.5], [1689.5, 1236.0], [1689.5, 1237.0], [1689.5, 1238.0], [1689.0, 1238.5], [1688.5, 1239.0], [1688.5, 1240.0], [1688.0, 1240.5], [1687.5, 1241.0], [1687.5, 1242.0], [1687.0, 1242.5], [1686.5, 1243.0], [1686.5, 1244.0], [1686.0, 1244.5], [1685.5, 1245.0], [1685.0, 1245.5], [1684.5, 1246.0], [1684.5, 1247.0], [1684.0, 1247.5], [1683.5, 1248.0], [1683.0, 1248.5], [1682.5, 1249.0], [1682.5, 1250.0], [1682.0, 1250.5], [1681.5, 1251.0], [1681.0, 1251.5], [1680.5, 1252.0], [1680.0, 1252.5], [1679.5, 1253.0], [1679.5, 1254.0], [1679.0, 1254.5], [1678.5, 1255.0], [1678.5, 1256.0], [1678.0, 1256.5], [1677.5, 1257.0], [1677.5, 1258.0], [1677.0, 1258.5], [1676.5, 1259.0], [1676.5, 1260.0], [1676.5, 1261.0], [1676.0, 1261.5], [1675.5, 1262.0], [1675.5, 1263.0], [1675.5, 1264.0], [1675.5, 1265.0], [1675.5, 1266.0], [1675.5, 1267.0], [1675.5, 1268.0], [1675.0, 1268.5], [1674.5, 1269.0], [1674.5, 1270.0], [1674.5, 1271.0], [1674.5, 1272.0], [1674.5, 1273.0], [1674.5, 1274.0], [1674.5, 1275.0], [1675.0, 1275.5], [1675.5, 1276.0], [1675.5, 1277.0], [1675.0, 1277.5], [1674.5, 1278.0], [1674.5, 1279.0], [1674.5, 1280.0], [1674.5, 1281.0], [1674.5, 1282.0], [1674.0, 1282.5], [1673.5, 1283.0], [1673.5, 1284.0], [1673.5, 1285.0], [1673.0, 1285.5], [1672.5, 1286.0], [1672.5, 1287.0], [1672.5, 1288.0], [1672.5, 1289.0], [1672.0, 1289.5], [1671.5, 1290.0], [1671.5, 1291.0], [1671.0, 1291.5], [1670.5, 1292.0], [1670.5, 1293.0], [1670.5, 1294.0], [1670.0, 1294.5], [1669.5, 1295.0], [1669.5, 1296.0], [1669.0, 1296.5], [1668.5, 1297.0], [1668.5, 1298.0], [1668.0, 1298.5], [1667.5, 1299.0], [1667.5, 1300.0], [1667.0, 1300.5], [1666.5, 1301.0], [1666.5, 1302.0], [1666.5, 1303.0], [1666.0, 1303.5], [1665.5, 1304.0], [1665.5, 1305.0], [1665.5, 1306.0], [1665.5, 1307.0], [1665.0, 1307.5], [1664.5, 1308.0], [1664.5, 1309.0], [1664.5, 1310.0], [1664.0, 1310.5], [1663.5, 1311.0], [1663.5, 1312.0], [1663.5, 1313.0], [1663.0, 1313.5], [1662.5, 1314.0], [1662.5, 1315.0], [1662.0, 1315.5], [1661.5, 1316.0], [1661.5, 1317.0], [1661.0, 1317.5], [1660.5, 1318.0], [1660.5, 1319.0], [1660.0, 1319.5], [1659.5, 1320.0], [1659.5, 1321.0], [1659.5, 1322.0], [1659.0, 1322.5], [1658.5, 1323.0], [1658.5, 1324.0], [1658.5, 1325.0], [1658.5, 1326.0], [1658.0, 1326.5], [1657.5, 1327.0], [1657.5, 1328.0], [1657.5, 1329.0], [1657.5, 1330.0], [1657.5, 1331.0], [1657.0, 1331.5], [1656.5, 1332.0], [1656.5, 1333.0], [1656.5, 1334.0], [1656.5, 1335.0], [1656.0, 1335.5], [1655.5, 1336.0], [1655.5, 1337.0], [1655.5, 1338.0], [1655.5, 1339.0], [1655.5, 1340.0], [1655.0, 1340.5], [1654.5, 1341.0], [1654.5, 1342.0], [1654.5, 1343.0], [1654.0, 1343.5], [1653.5, 1344.0], [1653.5, 1345.0], [1653.0, 1345.5], [1652.5, 1346.0], [1652.5, 1347.0], [1652.0, 1347.5], [1651.5, 1348.0], [1651.0, 1348.5], [1650.5, 1349.0], [1650.5, 1350.0], [1650.0, 1350.5], [1649.5, 1351.0], [1649.5, 1352.0], [1649.0, 1352.5], [1648.5, 1353.0], [1648.5, 1354.0], [1648.0, 1354.5], [1647.5, 1355.0], [1647.0, 1355.5], [1646.5, 1356.0], [1646.5, 1357.0], [1646.0, 1357.5], [1645.5, 1358.0], [1645.5, 1359.0], [1645.5, 1360.0], [1645.0, 1360.5], [1644.5, 1361.0], [1644.5, 1362.0], [1644.5, 1363.0], [1644.5, 1364.0], [1644.5, 1365.0], [1644.5, 1366.0], [1644.5, 1367.0], [1644.5, 1368.0], [1644.5, 1369.0], [1644.5, 1370.0], [1644.5, 1371.0], [1644.5, 1372.0], [1644.5, 1373.0], [1644.5, 1374.0], [1644.5, 1375.0], [1645.0, 1375.5], [1645.5, 1376.0], [1645.5, 1377.0], [1645.5, 1378.0], [1646.0, 1378.5], [1646.5, 1379.0], [1646.5, 1380.0], [1647.0, 1380.5], [1647.5, 1381.0], [1647.5, 1382.0], [1648.0, 1382.5], [1648.5, 1383.0], [1648.5, 1384.0], [1648.5, 1385.0], [1648.5, 1386.0], [1649.0, 1386.5], [1649.5, 1387.0], [1649.5, 1388.0], [1649.5, 1389.0], [1649.5, 1390.0], [1650.0, 1390.5], [1650.5, 1391.0], [1650.5, 1392.0], [1650.5, 1393.0], [1651.0, 1393.5], [1651.5, 1394.0], [1651.5, 1395.0], [1652.0, 1395.5], [1652.5, 1396.0], [1652.5, 1397.0], [1652.5, 1398.0], [1653.0, 1398.5], [1653.5, 1399.0], [1653.5, 1400.0], [1653.5, 1401.0], [1653.5, 1402.0], [1654.0, 1402.5], [1654.5, 1403.0], [1654.5, 1404.0], [1654.5, 1405.0], [1654.5, 1406.0], [1654.5, 1407.0], [1654.5, 1408.0], [1654.5, 1409.0], [1654.5, 1410.0], [1654.5, 1411.0], [1654.5, 1412.0], [1654.5, 1413.0], [1655.0, 1413.5], [1655.5, 1414.0], [1655.5, 1415.0], [1655.5, 1416.0], [1655.5, 1417.0], [1656.0, 1417.5], [1656.5, 1418.0], [1656.5, 1419.0], [1656.5, 1420.0], [1657.0, 1420.5], [1657.5, 1421.0], [1657.5, 1422.0], [1658.0, 1422.5], [1658.5, 1423.0], [1658.5, 1424.0], [1659.0, 1424.5], [1659.5, 1425.0], [1659.5, 1426.0], [1660.0, 1426.5], [1660.5, 1427.0], [1660.5, 1428.0], [1661.0, 1428.5], [1661.5, 1429.0], [1661.5, 1430.0], [1661.5, 1431.0], [1661.5, 1432.0], [1661.5, 1433.0], [1661.5, 1434.0], [1661.5, 1435.0], [1661.5, 1436.0], [1661.5, 1437.0], [1661.5, 1438.0], [1661.5, 1439.0], [1661.5, 1440.0], [1661.5, 1441.0], [1661.5, 1442.0], [1661.5, 1443.0], [1661.5, 1444.0], [1661.5, 1445.0], [1661.5, 1446.0], [1661.5, 1447.0], [1662.0, 1447.5], [1662.5, 1448.0], [1662.5, 1449.0], [1662.5, 1450.0], [1662.5, 1451.0], [1662.5, 1452.0], [1662.5, 1453.0], [1663.0, 1453.5], [1663.5, 1454.0], [1663.5, 1455.0], [1663.5, 1456.0], [1663.5, 1457.0], [1663.5, 1458.0], [1663.5, 1459.0], [1663.5, 1460.0], [1663.5, 1461.0], [1663.0, 1461.5], [1662.5, 1462.0], [1662.5, 1463.0], [1662.5, 1464.0], [1662.5, 1465.0], [1662.5, 1466.0], [1662.5, 1467.0], [1662.5, 1468.0], [1662.5, 1469.0], [1662.5, 1470.0], [1662.5, 1471.0], [1662.5, 1472.0], [1662.5, 1473.0], [1662.5, 1474.0], [1662.5, 1475.0], [1662.5, 1476.0], [1662.5, 1477.0], [1662.5, 1478.0], [1662.0, 1478.5], [1661.5, 1479.0], [1661.5, 1480.0], [1661.5, 1481.0], [1661.5, 1482.0], [1661.5, 1483.0], [1661.5, 1484.0], [1661.5, 1485.0], [1661.5, 1486.0], [1661.5, 1487.0], [1661.5, 1488.0], [1661.5, 1489.0], [1661.5, 1490.0], [1661.0, 1490.5], [1660.5, 1491.0], [1660.5, 1492.0], [1660.5, 1493.0], [1660.5, 1494.0], [1660.5, 1495.0], [1660.5, 1496.0], [1660.5, 1497.0], [1660.5, 1498.0], [1660.0, 1498.5], [1659.5, 1499.0], [1659.5, 1500.0], [1659.5, 1501.0], [1659.5, 1502.0], [1659.0, 1502.5], [1658.5, 1503.0], [1658.5, 1504.0], [1658.0, 1504.5], [1657.5, 1505.0], [1657.5, 1506.0], [1657.0, 1506.5], [1656.5, 1507.0], [1656.0, 1507.5], [1655.5, 1508.0], [1655.5, 1509.0], [1655.0, 1509.5], [1654.5, 1510.0], [1654.0, 1510.5], [1653.5, 1511.0], [1653.0, 1511.5], [1652.5, 1512.0], [1652.0, 1512.5], [1651.5, 1513.0], [1651.0, 1513.5], [1650.5, 1514.0], [1650.0, 1514.5], [1649.5, 1515.0], [1649.0, 1515.5], [1648.0, 1515.5], [1647.5, 1516.0], [1647.0, 1516.5], [1646.0, 1516.5], [1645.5, 1517.0], [1645.0, 1517.5]]]}}, {"type": "Feature", "properties": {"label": 17, "area_px": 19568}, "geometry": {"type": "Polygon", "coordinates": [[[1452.0, 1406.5], [1451.0, 1406.5], [1450.0, 1406.5], [1449.0, 1406.5], [1448.0, 1406.5], [1447.0, 1406.5], [1446.5, 1406.0], [1446.0, 1405.5], [1445.0, 1405.5], [1444.5, 1405.0], [1444.0, 1404.5], [1443.0, 1404.5], [1442.5, 1404.0], [1442.0, 1403.5], [1441.5, 1403.0], [1441.0, 1402.5], [1440.0, 1402.5], [1439.5, 1402.0], [1439.0, 1401.5], [1438.0, 1401.5], [1437.0, 1401.5], [1436.5, 1401.0], [1436.0, 1400.5], [1435.0, 1400.5], [1434.0, 1400.5], [1433.0, 1400.5], [1432.5, 1400.0], [1432.0, 1399.5], [1431.0, 1399.5], [1430.0, 1399.5], [1429.0, 1399.5], [1428.5, 1399.0], [1428.0, 1398.5], [1427.0, 1398.5], [1426.0, 1398.5], [1425.0, 1398.5], [1424.0, 1398.5], [1423.0, 1398.5], [1422.0, 1398.5], [1421.0, 1398.5], [1420.0, 1398.5], [1419.0, 1398.5], [1418.0, 1398.5], [1417.0, 1398.5], [1416.0, 1398.5], [1415.0, 1398.5], [1414.5, 1398.0], [1414.0, 1397.5], [1413.0, 1397.5], [1412.5, 1397.0], [1412.0, 1396.5], [1411.0, 1396.5], [1410.5, 1396.0], [1410.0, 1395.5], [1409.5, 1395.0], [1409.0, 1394.5], [1408.0, 1394.5], [1407.5, 1394.0], [1407.0, 1393.5], [1406.0, 1393.5], [1405.5, 1393.0], [1405.0, 1392.5], [1404.0, 1392.5], [1403.5, 1392.0], [1403.0, 1391.5], [1402.0, 1391.5], [1401.5, 1391.0], [1401.0, 1390.5], [1400.5, 1390.0], [1400.0, 1389.5], [1399.0, 1389.5], [1398.5, 1389.0], [1398.0, 1388.5], [1397.0, 1388.5], [1396.0, 1388.5], [1395.5, 1388.0], [1395.0, 1387.5], [1394.0, 1387.5], [1393.0, 1387.5], [1392.0, 1387.5], [1391.0, 1387.5], [1390.0, 1387.5], [1389.0, 1387.5], [1388.0, 1387.5], [1387.0, 1387.5], [1386.0, 1387.5], [1385.0, 1387.5], [1384.5, 1387.0], [1384.0, 1386.5], [1383.0, 1386.5], [1382.0, 1386.5], [1381.5, 1386.0], [1381.0, 1385.5], [1380.0, 1385.5], [1379.0, 1385.5], [1378.5, 1385.0], [1378.0, 1384.5], [1377.5, 1384.0], [1377.0, 1383.5], [1376.0, 1383.5], [1375.5, 1383.0], [1375.0, 1382.5], [1374.5, 1382.0], [1374.0, 1381.5], [1373.5, 1381.0], [1373.5, 1380.0], [1373.0, 1379.5], [1372.5, 1379.0], [1372.5, 1378.0], [1372.0, 1377.5], [1371.5, 1377.0], [1371.5, 1376.0], [1371.5, 1375.0], [1371.0, 1374.5], [1370.5, 1374.0], [1370.5, 1373.0], [1370.5, 1372.0], [1370.0, 1371.5], [1369.5, 1371.0], [1369.0, 1370.5], [1368.5, 1370.0], [1368.0, 1369.5], [1367.5, 1369.0], [1367.0, 1368.5], [1366.5, 1368.0], [1366.0, 1367.5], [1365.5, 1367.0], [1365.0, 1366.5], [1364.5, 1366.0], [1364.0, 1365.5], [1363.5, 1365.0], [1363.0, 1364.5], [1362.5, 1364.0], [1362.0, 1363.5], [1361.5, 1363.0], [1361.0, 1362.5], [1360.5, 1362.0], [1360.5, 1361.0], [1360.0, 1360.5], [1359.5, 1360.0], [1359.5, 1359.0], [1359.5, 1358.0], [1359.0, 1357.5], [1358.5, 1357.0], [1358.5, 1356.0], [1358.5, 1355.0], [1358.5, 1354.0], [1358.5, 1353.0], [1358.0, 1352.5], [1357.5, 1352.0], [1357.5, 1351.0], [1357.5, 1350.0], [1357.0, 1349.5], [1356.5, 1349.0], [1356.5, 1348.0], [1356.0, 1347.5], [1355.5, 1347.0], [1355.0, 1346.5], [1354.5, 1346.0], [1354.0, 1345.5], [1353.5, 1345.0], [1353.5, 1344.0], [1353.0, 1343.5], [1352.5, 1343.0], [1352.5, 1342.0], [1352.0, 1341.5], [1351.5, 1341.0], [1351.5, 1340.0], [1351.0, 1339.5], [1350.5, 1339.0], [1350.5, 1338.0], [1350.0, 1337.5], [1349.5, 1337.0], [1349.5, 1336.0], [1349.5, 1335.0], [1349.0, 1334.5], [1348.5, 1334.0], [1348.5, 1333.0], [1348.5, 1332.0], [1348.0, 1331.5], [1347.5, 1331.0], [1347.5, 1330.0], [1347.5, 1329.0], [1347.5, 1328.0], [1347.0, 1327.5], [1346.5, 1327.0], [1346.5, 1326.0], [1346.5, 1325.0], [1346.5, 1324.0], [1346.0, 1323.5], [1345.5, 1323.0], [1345.5, 1322.0], [1345.5, 1321.0], [1345.5, 1320.0], [1345.5, 1319.0], [1345.5, 1318.0], [1345.0, 1317.5], [1344.5, 1317.0], [1344.5, 1316.0], [1344.5, 1315.0], [1344.5, 1314.0], [1344.5, 1313.0], [1344.5, 1312.0], [1344.5, 1311.0], [1344.5, 1310.0], [1344.5, 1309.0], [1345.0, 1308.5], [1345.5, 1308.0], [1345.5, 1307.0], [1345.5, 1306.0], [1345.5, 1305.0], [1345.5, 1304.0], [1346.0, 1303.5], [1346.5, 1303.0], [1346.5, 1302.0], [1346.5, 1301.0], [1347.0, 1300.5], [1347.5, 1300.0], [1347.5, 1299.0], [1347.5, 1298.0], [1348.0, 1297.5], [1348.5, 1297.0], [1348.5, 1296.0], [1348.5, 1295.0], [1349.0, 1294.5], [1349.5, 1294.0], [1349.5, 1293.0], [1350.0, 1292.5], [1350.5, 1292.0], [1350.5, 1291.0], [1351.0, 1290.5], [1351.5, 1290.0], [1351.5, 1289.0], [1352.0, 1288.5], [1352.5, 1288.0], [1353.0, 1287.5], [1353.5, 1287.0], [1354.0, 1286.5], [1354.5, 1286.0], [1355.0, 1285.5], [1355.5, 1285.0], [1356.0, 1284.5], [1356.5, 1284.0], [1357.0, 1283.5], [1357.5, 1283.0], [1358.0, 1282.5], [1358.5, 1282.0], [1359.0, 1281.5], [1359.5, 1281.0], [1360.0, 1280.5], [1360.5, 1280.0], [1360.5, 1279.0], [1361.0, 1278.5], [1361.5, 1278.0], [1362.0, 1277.5], [1362.5, 1277.0], [1363.0, 1276.5], [1363.5, 1276.0], [1363.5, 1275.0], [1364.0, 1274.5], [1364.5, 1274.0], [1365.0, 1273.5], [1365.5, 1273.0], [1365.5, 1272.0], [1366.0, 1271.5], [1366.5, 1271.0], [1366.5, 1270.0], [1367.0, 1269.5], [1367.5, 1269.0], [1367.5, 1268.0], [1367.5, 1267.0], [1368.0, 1266.5], [1368.5, 1266.0], [1368.5, 1265.0], [1368.5, 1264.0], [1368.5, 1263.0], [1369.0, 1262.5], [1369.5, 1262.0], [1369.5, 1261.0], [1369.5, 1260.0], [1370.0, 1259.5], [1370.5, 1259.0], [1370.5, 1258.0], [1370.5, 1257.0], [1371.0, 1256.5], [1371.5, 1256.0], [1371.5, 1255.0], [1371.5, 1254.0], [1372.0, 1253.5], [1372.5, 1253.0], [1372.5, 1252.0], [1373.0, 1251.5], [1373.5, 1251.0], [1374.0, 1250.5], [1374.5, 1250.0], [1374.5, 1249.0], [1375.0, 1248.5], [1376.0, 1248.5], [1376.5, 1248.0], [1377.0, 1247.5], [1377.5, 1247.0], [1378.0, 1246.5], [1379.0, 1246.5], [1379.5, 1246.0], [1380.0, 1245.5], [1381.0, 1245.5], [1381.5, 1245.0], [1382.0, 1244.5], [1383.0, 1244.5], [1383.5, 1244.0], [1384.0, 1243.5], [1385.0, 1243.5], [1385.5, 1243.0], [1386.0, 1242.5], [1387.0, 1242.5], [1387.5, 1242.0], [1388.0, 1241.5], [1389.0, 1241.5], [1389.5, 1241.0], [1390.0, 1240.5], [1391.0, 1240.5], [1391.5, 1240.0], [1392.0, 1239.5], [1393.0, 1239.5], [1393.5, 1239.0], [1394.0, 1238.5], [1395.0, 1238.5], [1396.0, 1238.5], [1396.5, 1238.0], [1397.0, 1237.5], [1398.0, 1237.5], [1399.0, 1237.5], [1400.0, 1237.5], [1401.0, 1237.5], [1402.0, 1237.5], [1403.0, 1237.5], [1404.0, 1237.5], [1405.0, 1237.5], [1405.5, 1237.0], [1406.0, 1236.5], [1407.0, 1236.5], [1408.0, 1236.5], [1409.0, 1236.5], [1410.0, 1236.5], [1411.0, 1236.5], [1411.5, 1237.0], [1412.0, 1237.5], [1413.0, 1237.5], [1414.0, 1237.5], [1415.0, 1237.5], [1416.0, 1237.5], [1417.0, 1237.5], [1417.5, 1238.0], [1418.0, 1238.5], [1419.0, 1238.5], [1419.5, 1238.0], [1420.0, 1237.5], [1421.0, 1237.5], [1422.0, 1237.5], [1422.5, 1237.0], [1423.0, 1236.5], [1423.5, 1236.0], [1423.5, 1235.0], [1423.5, 1234.0], [1424.0, 1233.5], [1424.5, 1233.0], [1424.0, 1232.5], [1423.5, 1232.0], [1424.0, 1231.5], [1424.5, 1231.0], [1425.0, 1230.5], [1425.5, 1230.0], [1426.0, 1229.5], [1427.0, 1229.5], [1428.0, 1229.5], [1429.0, 1229.5], [1429.5, 1230.0], [1430.0, 1230.5], [1431.0, 1230.5], [1432.0, 1230.5], [1433.0, 1230.5], [1434.0, 1230.5], [1435.0, 1230.5], [1435.5, 1231.0], [1436.0, 1231.5], [1437.0, 1231.5], [1438.0, 1231.5], [1438.5, 1232.0], [1439.0, 1232.5], [1439.5, 1233.0], [1440.0, 1233.5], [1440.5, 1234.0], [1441.0, 1234.5], [1441.5, 1235.0], [1441.5, 1236.0], [1442.0, 1236.5], [1442.5, 1237.0], [1442.5, 1238.0], [1442.5, 1239.0], [1442.5, 1240.0], [1442.5, 1241.0], [1443.0, 1241.5], [1443.5, 1242.0], [1443.5, 1243.0], [1443.5, 1244.0], [1444.0, 1244.5], [1444.5, 1245.0], [1444.5, 1246.0], [1445.0, 1246.5], [1445.5, 1247.0], [1446.0, 1247.5], [1446.5, 1248.0], [1447.0, 1248.5], [1447.5, 1249.0], [1448.0, 1249.5], [1449.0, 1249.5], [1450.0, 1249.5], [1450.5, 1250.0], [1451.0, 1250.5], [1451.5, 1250.0], [1452.0, 1249.5], [1453.0, 1249.5], [1454.0, 1249.5], [1454.5, 1249.0], [1455.0, 1248.5], [1455.5, 1248.0], [1456.0, 1247.5], [1456.5, 1247.0], [1457.0, 1246.5], [1458.0, 1246.5], [1459.0, 1246.5], [1460.0, 1246.5], [1461.0, 1246.5], [1462.0, 1246.5], [1462.5, 1247.0], [1463.0, 1247.5], [1464.0, 1247.5], [1464.5, 1248.0], [1465.0, 1248.5], [1466.0, 1248.5], [1466.5, 1249.0], [1467.0, 1249.5], [1467.5, 1250.0], [1468.0, 1250.5], [1468.5, 1251.0], [1469.0, 1251.5], [1469.5, 1252.0], [1470.0, 1252.5], [1470.5, 1253.0], [1471.0, 1253.5], [1471.5, 1254.0], [1472.0, 1254.5], [1472.5, 1255.0], [1473.0, 1255.5], [1474.0, 1255.5], [1474.5, 1256.0], [1475.0, 1256.5], [1476.0, 1256.5], [1477.0, 1256.5], [1477.5, 1257.0], [1478.0, 1257.5], [1479.0, 1257.5], [1480.0, 1257.5], [1480.5, 1258.0], [1481.0, 1258.5], [1481.5, 1259.0], [1482.0, 1259.5], [1482.5, 1260.0], [1483.0, 1260.5], [1483.5, 1261.0], [1483.5, 1262.0], [1483.5, 1263.0], [1483.5, 1264.0], [1483.5, 1265.0], [1483.5, 1266.0], [1484.0, 1266.5], [1484.5, 1267.0], [1484.5, 1268.0], [1484.5, 1269.0], [1484.5, 1270.0], [1484.5, 1271.0], [1485.0, 1271.5], [1485.5, 1272.0], [1485.5, 1273.0], [1485.5, 1274.0], [1485.5, 1275.0], [1485.5, 1276.0], [1486.0, 1276.5], [1486.5, 1277.0], [1486.5, 1278.0], [1486.5, 1279.0], [1487.0, 1279.5], [1487.5, 1280.0], [1488.0, 1280.5], [1488.5, 1281.0], [1488.5, 1282.0], [1489.0, 1282.5], [1489.5, 1283.0], [1489.5, 1284.0], [1490.0, 1284.5], [1490.5, 1285.0], [1490.5, 1286.0], [1490.5, 1287.0], [1490.5, 1288.0], [1490.5, 1289.0], [1490.5, 1290.0], [1490.0, 1290.5], [1489.5, 1291.0], [1489.0, 1291.5], [1488.5, 1292.0], [1488.0, 1292.5], [1487.5, 1293.0], [1487.5, 1294.0], [1487.5, 1295.0], [1487.0, 1295.5], [1486.5, 1296.0], [1486.5, 1297.0], [1486.5, 1298.0], [1486.5, 1299.0], [1486.5, 1300.0], [1487.0, 1300.5], [1487.5, 1301.0], [1487.5, 1302.0], [1487.5, 1303.0], [1487.5, 1304.0], [1487.5, 1305.0], [1487.5, 1306.0], [1487.0, 1306.5], [1486.5, 1307.0], [1486.0, 1307.5], [1485.5, 1308.0], [1485.0, 1308.5], [1484.5, 1309.0], [1484.0, 1309.5], [1483.5, 1310.0], [1483.0, 1310.5], [1482.5, 1311.0], [1482.0, 1311.5], [1481.5, 1312.0], [1481.0, 1312.5], [1480.5, 1313.0], [1480.0, 1313.5], [1479.5, 1314.0], [1479.5, 1315.0], [1479.5, 1316.0], [1479.0, 1316.5], [1478.5, 1317.0], [1478.5, 1318.0], [1478.5, 1319.0], [1478.5, 1320.0], [1478.5, 1321.0], [1478.5, 1322.0], [1479.0, 1322.5], [1479.5, 1323.0], [1479.5, 1324.0], [1479.5, 1325.0], [1480.0, 1325.5], [1480.5, 1326.0], [1480.5, 1327.0], [1481.0, 1327.5], [1481.5, 1328.0], [1482.0, 1328.5], [1482.5, 1329.0], [1483.0, 1329.5], [1483.5, 1330.0], [1483.5, 1331.0], [1484.0, 1331.5], [1484.5, 1332.0], [1485.0, 1332.5], [1485.5, 1333.0], [1486.0, 1333.5], [1486.5, 1334.0], [1486.5, 1335.0], [1487.0, 1335.5], [1487.5, 1336.0], [1487.5, 1337.0], [1487.5, 1338.0], [1487.5, 1339.0], [1487.5, 1340.0], [1487.5, 1341.0], [1488.0, 1341.5], [1488.5, 1342.0], [1488.5, 1343.0], [1488.5, 1344.0], [1489.0, 1344.5], [1489.5, 1345.0], [1489.5, 1346.0], [1490.0, 1346.5], [1490.5, 1347.0], [1491.0, 1347.5], [1491.5, 1348.0], [1491.5, 1349.0], [1492.0, 1349.5], [1492.5, 1350.0], [1493.0, 1350.5], [1493.5, 1351.0], [1493.5, 1352.0], [1494.0, 1352.5], [1494.5, 1353.0], [1494.5, 1354.0], [1494.5, 1355.0], [1494.5, 1356.0], [1494.5, 1357.0], [1494.5, 1358.0], [1494.5, 1359.0], [1494.5, 1360.0], [1495.0, 1360.5], [1495.5, 1361.0], [1495.5, 1362.0], [1495.5, 1363.0], [1495.5, 1364.0], [1495.5, 1365.0], [1495.0, 1365.5], [1494.5, 1366.0], [1494.5, 1367.0], [1494.5, 1368.0], [1494.5, 1369.0], [1494.5, 1370.0], [1494.0, 1370.5], [1493.5, 1371.0], [1493.5, 1372.0], [1493.5, 1373.0], [1493.5, 1374.0], [1493.5, 1375.0], [1493.0, 1375.5], [1492.5, 1376.0], [1492.5, 1377.0], [1492.5, 1378.0], [1492.5, 1379.0], [1492.0, 1379.5], [1491.5, 1380.0], [1491.5, 1381.0], [1491.5, 1382.0], [1491.0, 1382.5], [1490.5, 1383.0], [1490.5, 1384.0], [1490.0, 1384.5], [1489.5, 1385.0], [1489.0, 1385.5], [1488.5, 1386.0], [1488.0, 1386.5], [1487.5, 1387.0], [1487.5, 1388.0], [1487.0, 1388.5], [1486.5, 1389.0], [1486.0, 1389.5], [1485.0, 1389.5], [1484.5, 1390.0], [1484.0, 1390.5], [1483.5, 1391.0], [1483.0, 1391.5], [1482.5, 1392.0], [1482.0, 1392.5], [1481.0, 1392.5], [1480.5, 1393.0], [1480.0, 1393.5], [1479.0, 1393.5], [1478.5, 1394.0], [1478.0, 1394.5], [1477.0, 1394.5], [1476.5, 1395.0], [1476.0, 1395.5], [1475.0, 1395.5], [1474.5, 1396.0], [1474.0, 1396.5], [1473.0, 1396.5], [1472.0, 1396.5], [1471.5, 1397.0], [1471.0, 1397.5], [1470.0, 1397.5], [1469.0, 1397.5], [1468.5, 1398.0], [1468.0, 1398.5], [1467.0, 1398.5], [1466.5, 1399.0], [1466.0, 1399.5], [1465.0, 1399.5], [1464.5, 1400.0], [1464.0, 1400.5], [1463.0, 1400.5], [1462.5, 1401.0], [1462.0, 1401.5], [1461.0, 1401.5], [1460.5, 1402.0], [1460.0, 1402.5], [1459.0, 1402.5], [1458.5, 1403.0], [1458.0, 1403.5], [1457.0, 1403.5], [1456.5, 1404.0], [1456.0, 1404.5], [1455.0, 1404.5], [1454.5, 1405.0], [1454.0, 1405.5], [1453.0, 1405.5], [1452.5, 1406.0], [1452.0, 1406.5]]]}}, {"type": "Feature", "properties": {"label": 18, "area_px": 25611}, "geometry": {"type": "Polygon", "coordinates": [[[1273.0, 1471.5], [1272.0, 1471.5], [1271.0, 1471.5], [1270.0, 1471.5], [1269.0, 1471.5], [1268.0, 1471.5], [1267.0, 1471.5], [1266.0, 1471.5], [1265.0, 1471.5], [1264.0, 1471.5], [1263.0, 1471.5], [1262.0, 1471.5], [1261.0, 1471.5], [1260.0, 1471.5], [1259.0, 1471.5], [1258.0, 1471.5], [1257.0, 1471.5], [1256.0, 1471.5], [1255.0, 1471.5], [1254.0, 1471.5], [1253.0, 1471.5], [1252.5, 1471.0], [1252.0, 1470.5], [1251.0, 1470.5], [1250.0, 1470.5], [1249.0, 1470.5], [1248.5, 1470.0], [1248.0, 1469.5], [1247.0, 1469.5], [1246.0, 1469.5], [1245.5, 1469.0], [1245.0, 1468.5], [1244.0, 1468.5], [1243.5, 1468.0], [1243.0, 1467.5], [1242.0, 1467.5], [1241.0, 1467.5], [1240.5, 1467.0], [1240.0, 1466.5], [1239.0, 1466.5], [1238.5, 1466.0], [1238.0, 1465.5], [1237.0, 1465.5], [1236.5, 1465.0], [1236.0, 1464.5], [1235.5, 1464.0], [1235.0, 1463.5], [1234.5, 1463.0], [1234.0, 1462.5], [1233.5, 1462.0], [1233.0, 1461.5], [1232.5, 1461.0], [1232.0, 1460.5], [1231.5, 1460.0], [1231.0, 1459.5], [1230.5, 1459.0], [1230.0, 1458.5], [1229.0, 1458.5], [1228.5, 1458.0], [1228.0, 1457.5], [1227.5, 1457.0], [1227.0, 1456.5], [1226.0, 1456.5], [1225.0, 1456.5], [1224.5, 1456.0], [1224.0, 1455.5], [1223.0, 1455.5], [1222.0, 1455.5], [1221.0, 1455.5], [1220.5, 1455.0], [1220.0, 1454.5], [1219.0, 1454.5], [1218.0, 1454.5], [1217.0, 1454.5], [1216.0, 1454.5], [1215.5, 1454.0], [1215.0, 1453.5], [1214.0, 1453.5], [1213.0, 1453.5], [1212.5, 1453.0], [1212.0, 1452.5], [1211.0, 1452.5], [1210.5, 1452.0], [1210.0, 1451.5], [1209.0, 1451.5], [1208.5, 1451.0], [1208.0, 1450.5], [1207.5, 1450.0], [1207.0, 1449.5], [1206.0, 1449.5], [1205.5, 1449.0], [1205.0, 1448.5], [1204.0, 1448.5], [1203.5, 1448.0], [1203.0, 1447.5], [1202.0, 1447.5], [1201.5, 1447.0], [1201.0, 1446.5], [1200.5, 1446.0], [1200.0, 1445.5], [1199.0, 1445.5], [1198.0, 1445.5], [1197.5, 1445.0], [1197.0, 1444.5], [1196.0, 1444.5], [1195.0, 1444.5], [1194.5, 1444.0], [1194.0, 1443.5], [1193.0, 1443.5], [1192.0, 1443.5], [1191.0, 1443.5], [1190.0, 1443.5], [1189.5, 1443.0], [1189.0, 1442.5], [1188.0, 1442.5], [1187.0, 1442.5], [1186.0, 1442.5], [1185.5, 1442.0], [1185.0, 1441.5], [1184.0, 1441.5], [1183.5, 1441.0], [1183.0, 1440.5], [1182.0, 1440.5], [1181.5, 1440.0], [1181.0, 1439.5], [1180.0, 1439.5], [1179.5, 1439.0], [1179.0, 1438.5], [1178.0, 1438.5], [1177.5, 1438.0], [1177.0, 1437.5], [1176.0, 1437.5], [1175.5, 1437.0], [1175.0, 1436.5], [1174.5, 1436.0], [1174.0, 1435.5], [1173.0, 1435.5], [1172.5, 1435.0], [1172.0, 1434.5], [1171.5, 1434.0], [1171.0, 1433.5], [1170.0, 1433.5], [1169.5, 1433.0], [1169.0, 1432.5], [1168.5, 1432.0], [1168.0, 1431.5], [1167.5, 1431.0], [1167.0, 1430.5], [1166.5, 1430.0], [1166.0, 1429.5], [1165.5, 1429.0], [1165.0, 1428.5], [1164.5, 1428.0], [1164.5, 1427.0], [1164.0, 1426.5], [1163.5, 1426.0], [1163.0, 1425.5], [1162.5, 1425.0], [1162.0, 1424.5], [1161.5, 1424.0], [1161.0, 1423.5], [1160.5, 1423.0], [1160.0, 1422.5], [1159.5, 1422.0], [1159.0, 1421.5], [1158.5, 1421.0], [1158.0, 1420.5], [1157.5, 1420.0], [1157.0, 1419.5], [1156.5, 1419.0], [1156.5, 1418.0], [1156.0, 1417.5], [1155.5, 1417.0], [1155.0, 1416.5], [1154.5, 1416.0], [1154.0, 1415.5], [1153.5, 1415.0], [1153.0, 1414.5], [1152.0, 1414.5], [1151.5, 1414.0], [1151.0, 1413.5], [1150.0, 1413.5], [1149.5, 1413.0], [1149.0, 1412.5], [1148.0, 1412.5], [1147.5, 1412.0], [1147.0, 1411.5], [1146.5, 1411.0], [1146.0, 1410.5], [1145.5, 1410.0], [1145.0, 1409.5], [1144.5, 1409.0], [1144.0, 1408.5], [1143.5, 1408.0], [1143.0, 1407.5], [1142.5, 1407.0], [1142.0, 1406.5], [1141.5, 1406.0], [1141.0, 1405.5], [1140.5, 1405.0], [1140.5, 1404.0], [1140.0, 1403.5], [1139.5, 1403.0], [1139.0, 1402.5], [1138.5, 1402.0], [1138.5, 1401.0], [1138.0, 1400.5], [1137.5, 1400.0], [1137.5, 1399.0], [1137.0, 1398.5], [1136.5, 1398.0], [1136.5, 1397.0], [1136.0, 1396.5], [1135.5, 1396.0], [1135.5, 1395.0], [1135.5, 1394.0], [1135.5, 1393.0], [1135.5, 1392.0], [1135.5, 1391.0], [1135.5, 1390.0], [1135.5, 1389.0], [1135.5, 1388.0], [1135.5, 1387.0], [1135.5, 1386.0], [1135.5, 1385.0], [1135.5, 1384.0], [1135.5, 1383.0], [1135.5, 1382.0], [1135.5, 1381.0], [1135.0, 1380.5], [1134.5, 1380.0], [1134.5, 1379.0], [1134.5, 1378.0], [1134.5, 1377.0], [1134.5, 1376.0], [1134.5, 1375.0], [1134.0, 1374.5], [1133.5, 1374.0], [1133.5, 1373.0], [1133.5, 1372.0], [1133.5, 1371.0], [1133.5, 1370.0], [1133.5, 1369.0], [1133.5, 1368.0], [1133.5, 1367.0], [1133.0, 1366.5], [1132.5, 1366.0], [1132.5, 1365.0], [1132.5, 1364.0], [1132.0, 1363.5], [1131.5, 1363.0], [1131.5, 1362.0], [1131.5, 1361.0], [1131.0, 1360.5], [1130.5, 1360.0], [1130.0, 1359.5], [1129.5, 1359.0], [1129.5, 1358.0], [1129.0, 1357.5], [1128.5, 1357.0], [1128.5, 1356.0], [1128.5, 1355.0], [1128.0, 1354.5], [1127.5, 1354.0], [1127.5, 1353.0], [1127.5, 1352.0], [1127.5, 1351.0], [1127.5, 1350.0], [1127.5, 1349.0], [1127.5, 1348.0], [1127.5, 1347.0], [1127.5, 1346.0], [1127.5, 1345.0], [1127.0, 1344.5], [1126.5, 1344.0], [1126.5, 1343.0], [1126.5, 1342.0], [1126.5, 1341.0], [1126.5, 1340.0], [1126.5, 1339.0], [1126.5, 1338.0], [1126.5, 1337.0], [1127.0, 1336.5], [1127.5, 1336.0], [1127.5, 1335.0], [1127.5, 1334.0], [1128.0, 1333.5], [1128.5, 1333.0], [1129.0, 1332.5], [1129.5, 1332.0], [1129.5, 1331.0], [1129.5, 1330.0], [1130.0, 1329.5], [1130.5, 1329.0], [1130.5, 1328.0], [1130.5, 1327.0], [1130.5, 1326.0], [1130.5, 1325.0], [1130.5, 1324.0], [1130.5, 1323.0], [1130.5, 1322.0], [1130.5, 1321.0], [1130.5, 1320.0], [1130.5, 1319.0], [1130.5, 1318.0], [1130.5, 1317.0], [1130.5, 1316.0], [1130.5, 1315.0], [1131.0, 1314.5], [1131.5, 1314.0], [1131.5, 1313.0], [1131.5, 1312.0], [1131.5, 1311.0], [1132.0, 1310.5], [1132.5, 1310.0], [1132.5, 1309.0], [1133.0, 1308.5], [1133.5, 1308.0], [1133.5, 1307.0], [1134.0, 1306.5], [1134.5, 1306.0], [1135.0, 1305.5], [1135.5, 1305.0], [1136.0, 1304.5], [1136.5, 1304.0], [1136.5, 1303.0], [1137.0, 1302.5], [1137.5, 1302.0], [1138.0, 1301.5], [1138.5, 1301.0], [1138.5, 1300.0], [1139.0, 1299.5], [1139.5, 1299.0], [1139.5, 1298.0], [1140.0, 1297.5], [1140.5, 1297.0], [1140.5, 1296.0], [1140.5, 1295.0], [1141.0, 1294.5], [1141.5, 1294.0], [1141.5, 1293.0], [1141.5, 1292.0], [1142.0, 1291.5], [1142.5, 1291.0], [1142.5, 1290.0], [1143.0, 1289.5], [1143.5, 1289.0], [1144.0, 1288.5], [1144.5, 1288.0], [1145.0, 1287.5], [1145.5, 1287.0], [1146.0, 1286.5], [1146.5, 1286.0], [1147.0, 1285.5], [1148.0, 1285.5], [1148.5, 1285.0], [1149.0, 1284.5], [1150.0, 1284.5], [1150.5, 1284.0], [1151.0, 1283.5], [1151.5, 1283.0], [1152.0, 1282.5], [1153.0, 1282.5], [1153.5, 1282.0], [1154.0, 1281.5], [1155.0, 1281.5], [1155.5, 1281.0], [1156.0, 1280.5], [1157.0, 1280.5], [1157.5, 1280.0], [1158.0, 1279.5], [1159.0, 1279.5], [1160.0, 1279.5], [1160.5, 1279.0], [1161.0, 1278.5], [1162.0, 1278.5], [1163.0, 1278.5], [1163.5, 1278.0], [1164.0, 1277.5], [1165.0, 1277.5], [1166.0, 1277.5], [1166.5, 1277.0], [1167.0, 1276.5], [1168.0, 1276.5], [1169.0, 1276.5], [1169.5, 1276.0], [1170.0, 1275.5], [1171.0, 1275.5], [1172.0, 1275.5], [1173.0, 1275.5], [1173.5, 1275.0], [1174.0, 1274.5], [1175.0, 1274.5], [1176.0, 1274.5], [1177.0, 1274.5], [1178.0, 1274.5], [1179.0, 1274.5], [1179.5, 1274.0], [1180.0, 1273.5], [1181.0, 1273.5], [1182.0, 1273.5], [1183.0, 1273.5], [1183.5, 1273.0], [1184.0, 1272.5], [1185.0, 1272.5], [1186.0, 1272.5], [1187.0, 1272.5], [1188.0, 1272.5], [1188.5, 1272.0], [1189.0, 1271.5], [1190.0, 1271.5], [1191.0, 1271.5], [1192.0, 1271.5], [1193.0, 1271.5], [1194.0, 1271.5], [1195.0, 1271.5], [1196.0, 1271.5], [1197.0, 1271.5], [1197.5, 1271.0], [1198.0, 1270.5], [1199.0, 1270.5], [1200.0, 1270.5], [1201.0, 1270.5], [1202.0, 1270.5], [1203.0, 1270.5], [1203.5, 1271.0], [1204.0, 1271.5], [1205.0, 1271.5], [1206.0, 1271.5], [1207.0, 1271.5], [1208.0, 1271.5], [1209.0, 1271.5], [1210.0, 1271.5], [1211.0, 1271.5], [1212.0, 1271.5], [1213.0, 1271.5], [1214.0, 1271.5], [1215.0, 1271.5], [1216.0, 1271.5], [1216.5, 1272.0], [1217.0, 1272.5], [1218.0, 1272.5], [1219.0, 1272.5], [1220.0, 1272.5], [1221.0, 1272.5], [1222.0, 1272.5], [1223.0, 1272.5], [1224.0, 1272.5], [1225.0, 1272.5], [1225.5, 1273.0], [1226.0, 1273.5], [1227.0, 1273.5], [1228.0, 1273.5], [1228.5, 1274.0], [1229.0, 1274.5], [1230.0, 1274.5], [1231.0, 1274.5], [1231.5, 1275.0], [1232.0, 1275.5], [1233.0, 1275.5], [1233.5, 1276.0], [1234.0, 1276.5], [1235.0, 1276.5], [1235.5, 1277.0], [1236.0, 1277.5], [1237.0, 1277.5], [1237.5, 1278.0], [1238.0, 1278.5], [1239.0, 1278.5], [1239.5, 1279.0], [1240.0, 1279.5], [1241.0, 1279.5], [1241.5, 1280.0], [1242.0, 1280.5], [1242.5, 1281.0], [1243.0, 1281.5], [1244.0, 1281.5], [1244.5, 1282.0], [1245.0, 1282.5], [1245.5, 1283.0], [1246.0, 1283.5], [1246.5, 1284.0], [1247.0, 1284.5], [1247.5, 1285.0], [1248.0, 1285.5], [1248.5, 1286.0], [1249.0, 1286.5], [1249.5, 1287.0], [1250.0, 1287.5], [1251.0, 1287.5], [1251.5, 1288.0], [1252.0, 1288.5], [1253.0, 1288.5], [1253.5, 1289.0], [1254.0, 1289.5], [1255.0, 1289.5], [1255.5, 1290.0], [1256.0, 1290.5], [1256.5, 1291.0], [1257.0, 1291.5], [1257.5, 1292.0], [1258.0, 1292.5], [1258.5, 1293.0], [1259.0, 1293.5], [1259.5, 1294.0], [1260.0, 1294.5], [1260.5, 1295.0], [1261.0, 1295.5], [1261.5, 1296.0], [1262.0, 1296.5], [1262.5, 1297.0], [1263.0, 1297.5], [1263.5, 1298.0], [1264.0, 1298.5], [1264.5, 1299.0], [1265.0, 1299.5], [1265.5, 1300.0], [1266.0, 1300.5], [1267.0, 1300.5], [1267.5, 1301.0], [1268.0, 1301.5], [1268.5, 1302.0], [1269.0, 1302.5], [1269.5, 1303.0], [1270.0, 1303.5], [1270.5, 1304.0], [1271.0, 1304.5], [1271.5, 1305.0], [1272.0, 1305.5], [1273.0, 1305.5], [1273.5, 1306.0], [1274.0, 1306.5], [1274.5, 1307.0], [1275.0, 1307.5], [1275.5, 1308.0], [1276.0, 1308.5], [1276.5, 1309.0], [1277.0, 1309.5], [1277.5, 1310.0], [1277.5, 1311.0], [1278.0, 1311.5], [1278.5, 1312.0], [1279.0, 1312.5], [1279.5, 1313.0], [1280.0, 1313.5], [1280.5, 1314.0], [1280.5, 1315.0], [1281.0, 1315.5], [1281.5, 1316.0], [1282.0, 1316.5], [1282.5, 1317.0], [1282.5, 1318.0], [1282.5, 1319.0], [1283.0, 1319.5], [1283.5, 1320.0], [1283.5, 1321.0], [1283.5, 1322.0], [1283.5, 1323.0], [1283.5, 1324.0], [1283.5, 1325.0], [1283.5, 1326.0], [1283.5, 1327.0], [1283.5, 1328.0], [1283.5, 1329.0], [1283.0, 1329.5], [1282.5, 1330.0], [1282.5, 1331.0], [1282.5, 1332.0], [1282.5, 1333.0], [1282.5, 1334.0], [1282.5, 1335.0], [1282.5, 1336.0], [1282.5, 1337.0], [1282.5, 1338.0], [1282.5, 1339.0], [1282.5, 1340.0], [1282.5, 1341.0], [1282.5, 1342.0], [1282.0, 1342.5], [1281.5, 1343.0], [1281.5, 1344.0], [1281.5, 1345.0], [1281.5, 1346.0], [1281.5, 1347.0], [1281.5, 1348.0], [1281.5, 1349.0], [1281.5, 1350.0], [1281.5, 1351.0], [1281.5, 1352.0], [1281.5, 1353.0], [1281.5, 1354.0], [1281.5, 1355.0], [1281.5, 1356.0], [1281.0, 1356.5], [1280.5, 1357.0], [1280.5, 1358.0], [1280.5, 1359.0], [1280.5, 1360.0], [1280.5, 1361.0], [1280.5, 1362.0], [1280.5, 1363.0], [1280.5, 1364.0], [1280.5, 1365.0], [1280.5, 1366.0], [1280.5, 1367.0], [1280.5, 1368.0], [1280.5, 1369.0], [1280.5, 1370.0], [1280.5, 1371.0], [1280.5, 1372.0], [1280.5, 1373.0], [1280.5, 1374.0], [1280.5, 1375.0], [1280.5, 1376.0], [1280.5, 1377.0], [1280.5, 1378.0], [1280.0, 1378.5], [1279.5, 1379.0], [1279.5, 1380.0], [1279.5, 1381.0], [1279.5, 1382.0], [1279.5, 1383.0], [1279.5, 1384.0], [1279.5, 1385.0], [1279.0, 1385.5], [1278.5, 1386.0], [1278.5, 1387.0], [1278.5, 1388.0], [1278.5, 1389.0], [1278.5, 1390.0], [1278.5, 1391.0], [1279.0, 1391.5], [1279.5, 1392.0], [1279.5, 1393.0], [1279.5, 1394.0], [1280.0, 1394.5], [1280.5, 1395.0], [1281.0, 1395.5], [1281.5, 1396.0], [1281.5, 1397.0], [1282.0, 1397.5], [1282.5, 1398.0], [1283.0, 1398.5], [1283.5, 1399.0], [1283.5, 1400.0], [1284.0, 1400.5], [1284.5, 1401.0], [1284.5, 1402.0], [1285.0, 1402.5], [1285.5, 1403.0], [1286.0, 1403.5], [1286.5, 1404.0], [1287.0, 1404.5], [1287.5, 1405.0], [1288.0, 1405.5], [1289.0, 1405.5], [1289.5, 1406.0], [1290.0, 1406.5], [1290.5, 1407.0], [1291.0, 1407.5], [1291.5, 1408.0], [1292.0, 1408.5], [1293.0, 1408.5], [1293.5, 1409.0], [1294.0, 1409.5], [1294.5, 1410.0], [1295.0, 1410.5], [1295.5, 1411.0], [1296.0, 1411.5], [1297.0, 1411.5], [1297.5, 1412.0], [1298.0, 1412.5], [1298.5, 1413.0], [1299.0, 1413.5], [1299.5, 1414.0], [1300.0, 1414.5], [1300.5, 1415.0], [1300.5, 1416.0], [1301.0, 1416.5], [1301.5, 1417.0], [1302.0, 1417.5], [1302.5, 1418.0], [1303.0, 1418.5], [1303.5, 1419.0], [1303.5, 1420.0], [1304.0, 1420.5], [1304.5, 1421.0], [1304.5, 1422.0], [1305.0, 1422.5], [1305.5, 1423.0], [1305.5, 1424.0], [1305.5, 1425.0], [1305.5, 1426.0], [1305.5, 1427.0], [1306.0, 1427.5], [1306.5, 1428.0], [1306.5, 1429.0], [1306.5, 1430.0], [1306.5, 1431.0], [1306.0, 1431.5], [1305.5, 1432.0], [1305.5, 1433.0], [1305.5, 1434.0], [1305.5, 1435.0], [1305.5, 1436.0], [1305.0, 1436.5], [1304.5, 1437.0], [1304.5, 1438.0], [1304.0, 1438.5], [1303.5, 1439.0], [1303.5, 1440.0], [1303.5, 1441.0], [1303.0, 1441.5], [1302.5, 1442.0], [1302.5, 1443.0], [1302.5, 1444.0], [1302.5, 1445.0], [1302.5, 1446.0], [1302.0, 1446.5], [1301.5, 1447.0], [1301.5, 1448.0], [1301.5, 1449.0], [1301.0, 1449.5], [1300.5, 1450.0], [1300.5, 1451.0], [1300.0, 1451.5], [1299.5, 1452.0], [1299.5, 1453.0], [1299.0, 1453.5], [1298.5, 1454.0], [1298.0, 1454.5], [1297.5, 1455.0], [1297.0, 1455.5], [1296.5, 1456.0], [1296.0, 1456.5], [1295.5, 1457.0], [1295.0, 1457.5], [1294.5, 1458.0], [1294.5, 1459.0], [1294.0, 1459.5], [1293.5, 1460.0], [1293.0, 1460.5], [1292.5, 1461.0], [1292.0, 1461.5], [1291.5, 1462.0], [1291.0, 1462.5], [1290.5, 1463.0], [1290.0, 1463.5], [1289.5, 1464.0], [1289.0, 1464.5], [1288.5, 1465.0], [1288.0, 1465.5], [1287.5, 1466.0], [1287.0, 1466.5], [1286.0, 1466.5], [1285.5, 1467.0], [1285.0, 1467.5], [1284.0, 1467.5], [1283.5, 1468.0], [1283.0, 1468.5], [1282.0, 1468.5], [1281.5, 1469.0], [1281.0, 1469.5], [1280.0, 1469.5], [1279.0, 1469.5], [1278.5, 1470.0], [1278.0, 1470.5], [1277.0, 1470.5], [1276.0, 1470.5], [1275.0, 1470.5], [1274.0, 1470.5], [1273.5, 1471.0], [1273.0, 1471.5]]]}}, {"type": "Feature", "properties": {"label": 19, "area_px": 44895}, "geometry": {"type": "Polygon", "coordinates": [[[944.0, 1534.5], [943.0, 1534.5], [942.0, 1534.5], [941.0, 1534.5], [940.5, 1534.0], [940.0, 1533.5], [939.0, 1533.5], [938.0, 1533.5], [937.0, 1533.5], [936.0, 1533.5], [935.0, 1533.5], [934.0, 1533.5], [933.0, 1533.5], [932.0, 1533.5], [931.0, 1533.5], [930.5, 1533.0], [930.0, 1532.5], [929.0, 1532.5], [928.0, 1532.5], [927.0, 1532.5], [926.5, 1533.0], [926.0, 1533.5], [925.0, 1533.5], [924.0, 1533.5], [923.0, 1533.5], [922.0, 1533.5], [921.0, 1533.5], [920.0, 1533.5], [919.0, 1533.5], [918.0, 1533.5], [917.0, 1533.5], [916.0, 1533.5], [915.0, 1533.5], [914.0, 1533.5], [913.0, 1533.5], [912.0, 1533.5], [911.0, 1533.5], [910.0, 1533.5], [909.0, 1533.5], [908.0, 1533.5], [907.0, 1533.5], [906.0, 1533.5], [905.0, 1533.5], [904.0, 1533.5], [903.0, 1533.5], [902.0, 1533.5], [901.0, 1533.5], [900.0, 1533.5], [899.0, 1533.5], [898.0, 1533.5], [897.0, 1533.5], [896.5, 1533.0], [896.0, 1532.5], [895.0, 1532.5], [894.0, 1532.5], [893.0, 1532.5], [892.5, 1532.0], [892.0, 1531.5], [891.0, 1531.5], [890.0, 1531.5], [889.0, 1531.5], [888.0, 1531.5], [887.5, 1531.0], [887.0, 1530.5], [886.0, 1530.5], [885.0, 1530.5], [884.5, 1530.0], [884.0, 1529.5], [883.0, 1529.5], [882.0, 1529.5], [881.5, 1529.0], [881.0, 1528.5], [880.0, 1528.5], [879.0, 1528.5], [878.5, 1528.0], [878.0, 1527.5], [877.0, 1527.5], [876.0, 1527.5], [875.5, 1527.0], [875.0, 1526.5], [874.0, 1526.5], [873.0, 1526.5], [872.0, 1526.5], [871.5, 1526.0], [871.0, 1525.5], [870.0, 1525.5], [869.0, 1525.5], [868.5, 1525.0], [868.0, 1524.5], [867.0, 1524.5], [866.0, 1524.5], [865.5, 1524.0], [865.0, 1523.5], [864.0, 1523.5], [863.0, 1523.5], [862.5, 1523.0], [862.0, 1522.5], [861.0, 1522.5], [860.0, 1522.5], [859.0, 1522.5], [858.5, 1522.0], [858.0, 1521.5], [857.0, 1521.5], [856.0, 1521.5], [855.0, 1521.5], [854.5, 1521.0], [854.0, 1520.5], [853.0, 1520.5], [852.0, 1520.5], [851.0, 1520.5], [850.5, 1520.0], [850.0, 1519.5], [849.0, 1519.5], [848.0, 1519.5], [847.5, 1519.0], [847.0, 1518.5], [846.0, 1518.5], [845.5, 1518.0], [845.0, 1517.5], [844.0, 1517.5], [843.0, 1517.5], [842.5, 1517.0], [842.0, 1516.5], [841.0, 1516.5], [840.0, 1516.5], [839.5, 1516.0], [839.0, 1515.5], [838.0, 1515.5], [837.0, 1515.5], [836.5, 1515.0], [836.0, 1514.5], [835.0, 1514.5], [834.0, 1514.5], [833.5, 1514.0], [833.0, 1513.5], [832.0, 1513.5], [831.0, 1513.5], [830.0, 1513.5], [829.5, 1513.0], [829.0, 1512.5], [828.0, 1512.5], [827.0, 1512.5], [826.5, 1512.0], [826.0, 1511.5], [825.0, 1511.5], [824.0, 1511.5], [823.5, 1511.0], [823.0, 1510.5], [822.0, 1510.5], [821.0, 1510.5], [820.5, 1510.0], [820.0, 1509.5], [819.0, 1509.5], [818.0, 1509.5], [817.5, 1509.0], [817.0, 1508.5], [816.0, 1508.5], [815.0, 1508.5], [814.0, 1508.5], [813.5, 1508.0], [813.0, 1507.5], [812.0, 1507.5], [811.0, 1507.5], [810.0, 1507.5], [809.5, 1507.0], [809.0, 1506.5], [808.0, 1506.5], [807.0, 1506.5], [806.5, 1506.0], [806.0, 1505.5], [805.0, 1505.5], [804.0, 1505.5], [803.5, 1505.0], [803.0, 1504.5], [802.0, 1504.5], [801.5, 1504.0], [801.0, 1503.5], [800.5, 1503.0], [800.0, 1502.5], [799.5, 1502.0], [799.0, 1501.5], [798.5, 1501.0], [798.5, 1500.0], [798.0, 1499.5], [797.5, 1499.0], [797.0, 1498.5], [796.5, 1498.0], [796.0, 1497.5], [795.5, 1497.0], [795.0, 1496.5], [794.5, 1496.0], [794.0, 1495.5], [793.5, 1495.0], [793.5, 1494.0], [793.0, 1493.5], [792.5, 1493.0], [792.5, 1492.0], [792.0, 1491.5], [791.5, 1491.0], [791.5, 1490.0], [791.0, 1489.5], [790.5, 1489.0], [790.0, 1488.5], [789.0, 1488.5], [788.0, 1488.5], [787.5, 1488.0], [787.0, 1487.5], [786.5, 1488.0], [786.0, 1488.5], [785.0, 1488.5], [784.0, 1488.5], [783.5, 1489.0], [783.0, 1489.5], [782.0, 1489.5], [781.0, 1489.5], [780.5, 1490.0], [780.0, 1490.5], [779.0, 1490.5], [778.0, 1490.5], [777.5, 1491.0], [777.0, 1491.5], [776.0, 1491.5], [775.0, 1491.5], [774.0, 1491.5], [773.0, 1491.5], [772.5, 1492.0], [772.0, 1492.5], [771.0, 1492.5], [770.0, 1492.5], [769.0, 1492.5], [768.0, 1492.5], [767.0, 1492.5], [766.5, 1493.0], [766.0, 1493.5], [765.0, 1493.5], [764.0, 1493.5], [763.0, 1493.5], [762.5, 1493.0], [762.0, 1492.5], [761.0, 1492.5], [760.0, 1492.5], [759.0, 1492.5], [758.0, 1492.5], [757.0, 1492.5], [756.0, 1492.5], [755.0, 1492.5], [754.0, 1492.5], [753.0, 1492.5], [752.0, 1492.5], [751.0, 1492.5], [750.5, 1493.0], [750.0, 1493.5], [749.0, 1493.5], [748.0, 1493.5], [747.0, 1493.5], [746.0, 1493.5], [745.0, 1493.5], [744.0, 1493.5], [743.0, 1493.5], [742.0, 1493.5], [741.0, 1493.5], [740.0, 1493.5], [739.0, 1493.5], [738.0, 1493.5], [737.5, 1493.0], [737.0, 1492.5], [736.5, 1492.0], [736.0, 1491.5], [735.5, 1491.0], [735.0, 1490.5], [734.5, 1490.0], [734.0, 1489.5], [733.5, 1489.0], [733.5, 1488.0], [733.0, 1487.5], [732.5, 1487.0], [732.0, 1486.5], [731.5, 1486.0], [731.0, 1485.5], [730.0, 1485.5], [729.5, 1485.0], [729.0, 1484.5], [728.0, 1484.5], [727.5, 1484.0], [727.0, 1483.5], [726.0, 1483.5], [725.0, 1483.5], [724.5, 1483.0], [724.0, 1482.5], [723.0, 1482.5], [722.5, 1482.0], [722.0, 1481.5], [721.0, 1481.5], [720.5, 1481.0], [720.0, 1480.5], [719.0, 1480.5], [718.5, 1480.0], [718.0, 1479.5], [717.5, 1479.0], [717.0, 1478.5], [716.5, 1478.0], [716.0, 1477.5], [715.0, 1477.5], [714.5, 1477.0], [714.0, 1476.5], [713.5, 1476.0], [713.0, 1475.5], [712.5, 1475.0], [712.0, 1474.5], [711.5, 1474.0], [711.0, 1473.5], [710.5, 1473.0], [710.0, 1472.5], [709.5, 1472.0], [709.0, 1471.5], [708.5, 1471.0], [708.0, 1470.5], [707.0, 1470.5], [706.5, 1470.0], [706.0, 1469.5], [705.5, 1469.0], [705.0, 1468.5], [704.5, 1468.0], [704.0, 1467.5], [703.5, 1467.0], [703.0, 1466.5], [702.5, 1466.0], [702.0, 1465.5], [701.5, 1465.0], [701.0, 1464.5], [700.5, 1464.0], [700.0, 1463.5], [699.5, 1463.0], [699.0, 1462.5], [698.5, 1462.0], [698.0, 1461.5], [697.5, 1461.0], [697.5, 1460.0], [697.0, 1459.5], [696.5, 1459.0], [696.5, 1458.0], [696.0, 1457.5], [695.5, 1457.0], [695.0, 1456.5], [694.5, 1456.0], [694.5, 1455.0], [694.0, 1454.5], [693.5, 1454.0], [693.5, 1453.0], [693.0, 1452.5], [692.5, 1452.0], [692.5, 1451.0], [692.0, 1450.5], [691.5, 1450.0], [691.5, 1449.0], [691.5, 1448.0], [691.0, 1447.5], [690.5, 1447.0], [690.5, 1446.0], [690.0, 1445.5], [689.5, 1445.0], [689.5, 1444.0], [689.5, 1443.0], [689.0, 1442.5], [688.5, 1442.0], [688.5, 1441.0], [688.5, 1440.0], [688.5, 1439.0], [688.0, 1438.5], [687.5, 1438.0], [687.5, 1437.0], [687.5, 1436.0], [687.5, 1435.0], [688.0, 1434.5], [688.5, 1434.0], [688.5, 1433.0], [688.5, 1432.0], [689.0, 1431.5], [689.5, 1431.0], [689.5, 1430.0], [690.0, 1429.5], [690.5, 1429.0], [690.5, 1428.0], [691.0, 1427.5], [691.5, 1427.0], [692.0, 1426.5], [693.0, 1426.5], [693.5, 1426.0], [694.0, 1425.5], [694.5, 1425.0], [695.0, 1424.5], [695.5, 1424.0], [696.0, 1423.5], [697.0, 1423.5], [697.5, 1423.0], [698.0, 1422.5], [698.5, 1422.0], [699.0, 1421.5], [700.0, 1421.5], [700.5, 1421.0], [701.0, 1420.5], [702.0, 1420.5], [702.5, 1420.0], [703.0, 1419.5], [704.0, 1419.5], [705.0, 1419.5], [705.5, 1419.0], [706.0, 1418.5], [707.0, 1418.5], [708.0, 1418.5], [709.0, 1418.5], [710.0, 1418.5], [710.5, 1418.0], [711.0, 1417.5], [712.0, 1417.5], [713.0, 1417.5], [714.0, 1417.5], [715.0, 1417.5], [716.0, 1417.5], [717.0, 1417.5], [718.0, 1417.5], [719.0, 1417.5], [719.5, 1418.0], [720.0, 1418.5], [721.0, 1418.5], [722.0, 1418.5], [722.5, 1419.0], [723.0, 1419.5], [724.0, 1419.5], [725.0, 1419.5], [725.5, 1420.0], [726.0, 1420.5], [727.0, 1420.5], [728.0, 1420.5], [729.0, 1420.5], [729.5, 1421.0], [730.0, 1421.5], [731.0, 1421.5], [732.0, 1421.5], [733.0, 1421.5], [734.0, 1421.5], [735.0, 1421.5], [736.0, 1421.5], [737.0, 1421.5], [738.0, 1421.5], [739.0, 1421.5], [740.0, 1421.5], [741.0, 1421.5], [742.0, 1421.5], [743.0, 1421.5], [744.0, 1421.5], [745.0, 1421.5], [746.0, 1421.5], [747.0, 1421.5], [748.0, 1421.5], [749.0, 1421.5], [749.5, 1422.0], [750.0, 1422.5], [751.0, 1422.5], [752.0, 1422.5], [753.0, 1422.5], [754.0, 1422.5], [755.0, 1422.5], [755.5, 1423.0], [756.0, 1423.5], [757.0, 1423.5], [758.0, 1423.5], [759.0, 1423.5], [759.5, 1424.0], [760.0, 1424.5], [761.0, 1424.5], [762.0, 1424.5], [762.5, 1425.0], [763.0, 1425.5], [764.0, 1425.5], [765.0, 1425.5], [765.5, 1426.0], [766.0, 1426.5], [766.5, 1427.0], [767.0, 1427.5], [768.0, 1427.5], [768.5, 1428.0], [769.0, 1428.5], [770.0, 1428.5], [770.5, 1429.0], [771.0, 1429.5], [772.0, 1429.5], [773.0, 1429.5], [773.5, 1430.0], [774.0, 1430.5], [775.0, 1430.5], [776.0, 1430.5], [777.0, 1430.5], [777.5, 1431.0], [778.0, 1431.5], [779.0, 1431.5], [780.0, 1431.5], [780.5, 1432.0], [781.0, 1432.5], [782.0, 1432.5], [783.0, 1432.5], [784.0, 1432.5], [784.5, 1433.0], [785.0, 1433.5], [786.0, 1433.5], [787.0, 1433.5], [787.5, 1434.0], [788.0, 1434.5], [789.0, 1434.5], [790.0, 1434.5], [790.5, 1435.0], [791.0, 1435.5], [792.0, 1435.5], [793.0, 1435.5], [794.0, 1435.5], [794.5, 1436.0], [795.0, 1436.5], [796.0, 1436.5], [796.5, 1436.0], [797.0, 1435.5], [798.0, 1435.5], [799.0, 1435.5], [800.0, 1435.5], [801.0, 1435.5], [801.5, 1435.0], [802.0, 1434.5], [803.0, 1434.5], [804.0, 1434.5], [805.0, 1434.5], [805.5, 1434.0], [806.0, 1433.5], [807.0, 1433.5], [808.0, 1433.5], [809.0, 1433.5], [809.5, 1434.0], [810.0, 1434.5], [811.0, 1434.5], [812.0, 1434.5], [813.0, 1434.5], [814.0, 1434.5], [815.0, 1434.5], [816.0, 1434.5], [817.0, 1434.5], [817.5, 1434.0], [818.0, 1433.5], [819.0, 1433.5], [820.0, 1433.5], [820.5, 1433.0], [821.0, 1432.5], [822.0, 1432.5], [822.5, 1432.0], [823.0, 1431.5], [824.0, 1431.5], [824.5, 1431.0], [825.0, 1430.5], [826.0, 1430.5], [826.5, 1430.0], [827.0, 1429.5], [828.0, 1429.5], [828.5, 1429.0], [829.0, 1428.5], [830.0, 1428.5], [830.5, 1428.0], [831.0, 1427.5], [831.5, 1427.0], [832.0, 1426.5], [833.0, 1426.5], [833.5, 1426.0], [834.0, 1425.5], [834.5, 1425.0], [835.0, 1424.5], [835.5, 1424.0], [836.0, 1423.5], [836.5, 1423.0], [837.0, 1422.5], [837.5, 1422.0], [838.0, 1421.5], [838.5, 1421.0], [839.0, 1420.5], [840.0, 1420.5], [840.5, 1420.0], [841.0, 1419.5], [841.5, 1419.0], [842.0, 1418.5], [842.5, 1418.0], [843.0, 1417.5], [844.0, 1417.5], [844.5, 1417.0], [845.0, 1416.5], [845.5, 1416.0], [846.0, 1415.5], [846.5, 1415.0], [847.0, 1414.5], [848.0, 1414.5], [848.5, 1414.0], [849.0, 1413.5], [849.5, 1413.0], [850.0, 1412.5], [851.0, 1412.5], [851.5, 1412.0], [852.0, 1411.5], [853.0, 1411.5], [853.5, 1411.0], [854.0, 1410.5], [855.0, 1410.5], [856.0, 1410.5], [856.5, 1410.0], [857.0, 1409.5], [858.0, 1409.5], [859.0, 1409.5], [859.5, 1409.0], [860.0, 1408.5], [861.0, 1408.5], [862.0, 1408.5], [862.5, 1408.0], [863.0, 1407.5], [864.0, 1407.5], [864.5, 1407.0], [865.0, 1406.5], [866.0, 1406.5], [867.0, 1406.5], [867.5, 1406.0], [868.0, 1405.5], [869.0, 1405.5], [869.5, 1405.0], [870.0, 1404.5], [871.0, 1404.5], [871.5, 1404.0], [872.0, 1403.5], [872.5, 1403.0], [873.0, 1402.5], [873.5, 1402.0], [874.0, 1401.5], [874.5, 1401.0], [875.0, 1400.5], [875.5, 1400.0], [876.0, 1399.5], [876.5, 1399.0], [877.0, 1398.5], [877.5, 1398.0], [878.0, 1397.5], [878.5, 1397.0], [879.0, 1396.5], [879.5, 1396.0], [880.0, 1395.5], [880.5, 1395.0], [881.0, 1394.5], [881.5, 1394.0], [882.0, 1393.5], [882.5, 1393.0], [883.0, 1392.5], [883.5, 1392.0], [884.0, 1391.5], [884.5, 1391.0], [885.0, 1390.5], [885.5, 1390.0], [886.0, 1389.5], [886.5, 1389.0], [887.0, 1388.5], [887.5, 1388.0], [888.0, 1387.5], [889.0, 1387.5], [889.5, 1387.0], [890.0, 1386.5], [890.5, 1386.0], [891.0, 1385.5], [892.0, 1385.5], [892.5, 1385.0], [893.0, 1384.5], [893.5, 1384.0], [894.0, 1383.5], [894.5, 1383.0], [895.0, 1382.5], [896.0, 1382.5], [896.5, 1382.0], [897.0, 1381.5], [897.5, 1381.0], [898.0, 1380.5], [898.5, 1380.0], [899.0, 1379.5], [899.5, 1379.0], [900.0, 1378.5], [901.0, 1378.5], [901.5, 1378.0], [902.0, 1377.5], [902.5, 1377.0], [903.0, 1376.5], [904.0, 1376.5], [904.5, 1376.0], [905.0, 1375.5], [906.0, 1375.5], [906.5, 1375.0], [907.0, 1374.5], [908.0, 1374.5], [908.5, 1374.0], [909.0, 1373.5], [910.0, 1373.5], [910.5, 1373.0], [911.0, 1372.5], [912.0, 1372.5], [913.0, 1372.5], [913.5, 1372.0], [914.0, 1371.5], [915.0, 1371.5], [915.5, 1371.0], [916.0, 1370.5], [917.0, 1370.5], [917.5, 1370.0], [918.0, 1369.5], [919.0, 1369.5], [920.0, 1369.5], [920.5, 1369.0], [921.0, 1368.5], [922.0, 1368.5], [922.5, 1368.0], [923.0, 1367.5], [924.0, 1367.5], [924.5, 1367.0], [925.0, 1366.5], [926.0, 1366.5], [926.5, 1366.0], [927.0, 1365.5], [928.0, 1365.5], [928.5, 1365.0], [929.0, 1364.5], [930.0, 1364.5], [931.0, 1364.5], [931.5, 1364.0], [932.0, 1363.5], [933.0, 1363.5], [934.0, 1363.5], [934.5, 1363.0], [935.0, 1362.5], [936.0, 1362.5], [937.0, 1362.5], [938.0, 1362.5], [939.0, 1362.5], [940.0, 1362.5], [941.0, 1362.5], [941.5, 1363.0], [942.0, 1363.5], [942.5, 1364.0], [943.0, 1364.5], [943.5, 1365.0], [944.0, 1365.5], [945.0, 1365.5], [946.0, 1365.5], [946.5, 1366.0], [947.0, 1366.5], [947.5, 1366.0], [948.0, 1365.5], [949.0, 1365.5], [950.0, 1365.5], [950.5, 1365.0], [951.0, 1364.5], [952.0, 1364.5], [953.0, 1364.5], [953.5, 1364.0], [954.0, 1363.5], [955.0, 1363.5], [956.0, 1363.5], [957.0, 1363.5], [958.0, 1363.5], [958.5, 1364.0], [959.0, 1364.5], [960.0, 1364.5], [961.0, 1364.5], [962.0, 1364.5], [963.0, 1364.5], [964.0, 1364.5], [964.5, 1365.0], [965.0, 1365.5], [966.0, 1365.5], [966.5, 1365.0], [967.0, 1364.5], [968.0, 1364.5], [969.0, 1364.5], [970.0, 1364.5], [971.0, 1364.5], [971.5, 1364.0], [972.0, 1363.5], [973.0, 1363.5], [974.0, 1363.5], [974.5, 1363.0], [975.0, 1362.5], [976.0, 1362.5], [977.0, 1362.5], [978.0, 1362.5], [978.5, 1362.0], [979.0, 1361.5], [980.0, 1361.5], [981.0, 1361.5], [982.0, 1361.5], [983.0, 1361.5], [984.0, 1361.5], [985.0, 1361.5], [986.0, 1361.5], [987.0, 1361.5], [988.0, 1361.5], [989.0, 1361.5], [990.0, 1361.5], [991.0, 1361.5], [992.0, 1361.5], [993.0, 1361.5], [994.0, 1361.5], [995.0, 1361.5], [996.0, 1361.5], [997.0, 1361.5], [998.0, 1361.5], [999.0, 1361.5], [1000.0, 1361.5], [1000.5, 1361.0], [1001.0, 1360.5], [1002.0, 1360.5], [1003.0, 1360.5], [1004.0, 1360.5], [1005.0, 1360.5], [1005.5, 1360.0], [1006.0, 1359.5], [1007.0, 1359.5], [1008.0, 1359.5], [1009.0, 1359.5], [1009.5, 1359.0], [1010.0, 1358.5], [1011.0, 1358.5], [1012.0, 1358.5], [1012.5, 1358.0], [1013.0, 1357.5], [1014.0, 1357.5], [1015.0, 1357.5], [1015.5, 1357.0], [1016.0, 1356.5], [1017.0, 1356.5], [1018.0, 1356.5], [1018.5, 1356.0], [1019.0, 1355.5], [1020.0, 1355.5], [1021.0, 1355.5], [1022.0, 1355.5], [1022.5, 1355.0], [1023.0, 1354.5], [1024.0, 1354.5], [1025.0, 1354.5], [1026.0, 1354.5], [1027.0, 1354.5], [1028.0, 1354.5], [1029.0, 1354.5], [1030.0, 1354.5], [1031.0, 1354.5], [1032.0, 1354.5], [1033.0, 1354.5], [1034.0, 1354.5], [1035.0, 1354.5], [1036.0, 1354.5], [1037.0, 1354.5], [1038.0, 1354.5], [1039.0, 1354.5], [1039.5, 1355.0], [1040.0, 1355.5], [1041.0, 1355.5], [1042.0, 1355.5], [1042.5, 1356.0], [1043.0, 1356.5], [1044.0, 1356.5], [1045.0, 1356.5], [1045.5, 1357.0], [1046.0, 1357.5], [1047.0, 1357.5], [1047.5, 1358.0], [1048.0, 1358.5], [1049.0, 1358.5], [1049.5, 1359.0], [1050.0, 1359.5], [1051.0, 1359.5], [1051.5, 1360.0], [1052.0, 1360.5], [1052.5, 1361.0], [1053.0, 1361.5], [1054.0, 1361.5], [1054.5, 1362.0], [1055.0, 1362.5], [1055.5, 1363.0], [1056.0, 1363.5], [1057.0, 1363.5], [1057.5, 1364.0], [1058.0, 1364.5], [1058.5, 1365.0], [1059.0, 1365.5], [1059.5, 1366.0], [1060.0, 1366.5], [1060.5, 1367.0], [1061.0, 1367.5], [1061.5, 1368.0], [1062.0, 1368.5], [1062.5, 1369.0], [1063.0, 1369.5], [1063.5, 1370.0], [1063.5, 1371.0], [1064.0, 1371.5], [1064.5, 1372.0], [1065.0, 1372.5], [1065.5, 1373.0], [1066.0, 1373.5], [1066.5, 1374.0], [1067.0, 1374.5], [1067.5, 1375.0], [1067.5, 1376.0], [1068.0, 1376.5], [1068.5, 1377.0], [1069.0, 1377.5], [1069.5, 1378.0], [1070.0, 1378.5], [1070.5, 1379.0], [1071.0, 1379.5], [1071.5, 1380.0], [1072.0, 1380.5], [1072.5, 1381.0], [1073.0, 1381.5], [1073.5, 1382.0], [1074.0, 1382.5], [1075.0, 1382.5], [1075.5, 1383.0], [1076.0, 1383.5], [1076.5, 1384.0], [1076.5, 1385.0], [1077.0, 1385.5], [1077.5, 1386.0], [1078.0, 1386.5], [1078.5, 1387.0], [1079.0, 1387.5], [1079.5, 1388.0], [1079.5, 1389.0], [1080.0, 1389.5], [1080.5, 1390.0], [1080.5, 1391.0], [1081.0, 1391.5], [1081.5, 1392.0], [1082.0, 1392.5], [1082.5, 1393.0], [1082.5, 1394.0], [1083.0, 1394.5], [1083.5, 1395.0], [1084.0, 1395.5], [1084.5, 1396.0], [1085.0, 1396.5], [1085.5, 1397.0], [1086.0, 1397.5], [1086.5, 1398.0], [1087.0, 1398.5], [1087.5, 1399.0], [1087.5, 1400.0], [1088.0, 1400.5], [1088.5, 1401.0], [1089.0, 1401.5], [1089.5, 1402.0], [1089.5, 1403.0], [1090.0, 1403.5], [1090.5, 1404.0], [1090.5, 1405.0], [1090.5, 1406.0], [1090.5, 1407.0], [1091.0, 1407.5], [1091.5, 1408.0], [1091.5, 1409.0], [1091.5, 1410.0], [1091.5, 1411.0], [1091.5, 1412.0], [1091.0, 1412.5], [1090.5, 1413.0], [1090.5, 1414.0], [1090.5, 1415.0], [1090.5, 1416.0], [1090.5, 1417.0], [1090.5, 1418.0], [1090.0, 1418.5], [1089.5, 1419.0], [1089.5, 1420.0], [1089.5, 1421.0], [1089.0, 1421.5], [1088.5, 1422.0], [1088.5, 1423.0], [1088.5, 1424.0], [1088.0, 1424.5], [1087.5, 1425.0], [1087.5, 1426.0], [1087.0, 1426.5], [1086.5, 1427.0], [1086.5, 1428.0], [1086.5, 1429.0], [1086.0, 1429.5], [1085.5, 1430.0], [1085.0, 1430.5], [1084.5, 1431.0], [1084.5, 1432.0], [1084.0, 1432.5], [1083.5, 1433.0], [1083.0, 1433.5], [1082.0, 1433.5], [1081.5, 1434.0], [1081.0, 1434.5], [1080.0, 1434.5], [1079.5, 1435.0], [1079.0, 1435.5], [1078.0, 1435.5], [1077.0, 1435.5], [1076.5, 1436.0], [1076.0, 1436.5], [1075.5, 1437.0], [1075.0, 1437.5], [1074.5, 1438.0], [1074.5, 1439.0], [1074.5, 1440.0], [1074.0, 1440.5], [1073.5, 1441.0], [1074.0, 1441.5], [1074.5, 1442.0], [1074.5, 1443.0], [1074.5, 1444.0], [1075.0, 1444.5], [1075.5, 1445.0], [1075.5, 1446.0], [1076.0, 1446.5], [1076.5, 1447.0], [1077.0, 1447.5], [1077.5, 1448.0], [1078.0, 1448.5], [1079.0, 1448.5], [1080.0, 1448.5], [1080.5, 1449.0], [1081.0, 1449.5], [1082.0, 1449.5], [1083.0, 1449.5], [1084.0, 1449.5], [1084.5, 1450.0], [1085.0, 1450.5], [1086.0, 1450.5], [1086.5, 1451.0], [1087.0, 1451.5], [1087.5, 1452.0], [1088.0, 1452.5], [1088.5, 1453.0], [1088.5, 1454.0], [1088.5, 1455.0], [1088.5, 1456.0], [1088.5, 1457.0], [1088.0, 1457.5], [1087.5, 1458.0], [1087.0, 1458.5], [1086.5, 1459.0], [1086.0, 1459.5], [1085.5, 1460.0], [1085.0, 1460.5], [1084.0, 1460.5], [1083.0, 1460.5], [1082.0, 1460.5], [1081.5, 1461.0], [1081.0, 1461.5], [1080.0, 1461.5], [1079.0, 1461.5], [1078.5, 1462.0], [1078.0, 1462.5], [1077.5, 1463.0], [1077.0, 1463.5], [1076.5, 1464.0], [1076.0, 1464.5], [1075.5, 1465.0], [1075.0, 1465.5], [1074.5, 1466.0], [1074.0, 1466.5], [1073.5, 1467.0], [1073.5, 1468.0], [1073.0, 1468.5], [1072.5, 1469.0], [1072.0, 1469.5], [1071.5, 1470.0], [1071.0, 1470.5], [1070.5, 1471.0], [1070.0, 1471.5], [1069.5, 1472.0], [1069.0, 1472.5], [1068.5, 1473.0], [1068.0, 1473.5], [1067.5, 1474.0], [1067.0, 1474.5], [1066.0, 1474.5], [1065.5, 1475.0], [1065.0, 1475.5], [1064.5, 1476.0], [1064.0, 1476.5], [1063.5, 1477.0], [1063.0, 1477.5], [1062.5, 1478.0], [1062.0, 1478.5], [1061.5, 1479.0], [1061.0, 1479.5], [1060.5, 1480.0], [1060.0, 1480.5], [1059.5, 1481.0], [1059.0, 1481.5], [1058.5, 1482.0], [1058.0, 1482.5], [1057.5, 1483.0], [1057.5, 1484.0], [1057.0, 1484.5], [1056.5, 1485.0], [1056.0, 1485.5], [1055.5, 1486.0], [1055.0, 1486.5], [1054.5, 1487.0], [1054.0, 1487.5], [1053.5, 1488.0], [1053.0, 1488.5], [1052.5, 1489.0], [1052.0, 1489.5], [1051.5, 1490.0], [1051.0, 1490.5], [1050.5, 1491.0], [1050.0, 1491.5], [1049.5, 1492.0], [1049.0, 1492.5], [1048.5, 1493.0], [1048.0, 1493.5], [1047.5, 1494.0], [1047.0, 1494.5], [1046.5, 1495.0], [1046.0, 1495.5], [1045.5, 1496.0], [1045.0, 1496.5], [1044.5, 1497.0], [1044.0, 1497.5], [1043.5, 1498.0], [1043.5, 1499.0], [1043.0, 1499.5], [1042.5, 1500.0], [1042.0, 1500.5], [1041.5, 1501.0], [1041.0, 1501.5], [1040.5, 1502.0], [1040.0, 1502.5], [1039.5, 1503.0], [1039.5, 1504.0], [1039.0, 1504.5], [1038.5, 1505.0], [1038.0, 1505.5], [1037.5, 1506.0], [1037.0, 1506.5], [1036.5, 1507.0], [1036.0, 1507.5], [1035.5, 1508.0], [1035.0, 1508.5], [1034.5, 1509.0], [1034.0, 1509.5], [1033.5, 1510.0], [1033.5, 1511.0], [1033.0, 1511.5], [1032.5, 1512.0], [1032.0, 1512.5], [1031.5, 1513.0], [1031.5, 1514.0], [1031.0, 1514.5], [1030.5, 1515.0], [1030.0, 1515.5], [1029.5, 1516.0], [1029.0, 1516.5], [1028.5, 1517.0], [1028.0, 1517.5], [1027.5, 1518.0], [1027.0, 1518.5], [1026.0, 1518.5], [1025.5, 1519.0], [1025.0, 1519.5], [1024.0, 1519.5], [1023.0, 1519.5], [1022.0, 1519.5], [1021.0, 1519.5], [1020.5, 1520.0], [1020.0, 1520.5], [1019.0, 1520.5], [1018.0, 1520.5], [1017.0, 1520.5], [1016.0, 1520.5], [1015.5, 1520.0], [1015.0, 1519.5], [1014.0, 1519.5], [1013.0, 1519.5], [1012.5, 1519.0], [1012.0, 1518.5], [1011.0, 1518.5], [1010.0, 1518.5], [1009.5, 1518.0], [1009.0, 1517.5], [1008.0, 1517.5], [1007.0, 1517.5], [1006.5, 1517.0], [1006.0, 1516.5], [1005.0, 1516.5], [1004.5, 1517.0], [1004.0, 1517.5], [1003.0, 1517.5], [1002.0, 1517.5], [1001.5, 1518.0], [1001.0, 1518.5], [1000.0, 1518.5], [999.5, 1519.0], [999.0, 1519.5], [998.0, 1519.5], [997.0, 1519.5], [996.5, 1520.0], [996.0, 1520.5], [995.0, 1520.5], [994.0, 1520.5], [993.0, 1520.5], [992.5, 1521.0], [992.0, 1521.5], [991.0, 1521.5], [990.0, 1521.5], [989.0, 1521.5], [988.5, 1522.0], [988.0, 1522.5], [987.0, 1522.5], [986.0, 1522.5], [985.5, 1523.0], [985.0, 1523.5], [984.0, 1523.5], [983.0, 1523.5], [982.5, 1524.0], [982.0, 1524.5], [981.0, 1524.5], [980.5, 1525.0], [980.0, 1525.5], [979.0, 1525.5], [978.5, 1526.0], [978.0, 1526.5], [977.0, 1526.5], [976.5, 1527.0], [976.0, 1527.5], [975.0, 1527.5], [974.5, 1528.0], [974.0, 1528.5], [973.0, 1528.5], [972.0, 1528.5], [971.5, 1529.0], [971.0, 1529.5], [970.0, 1529.5], [969.5, 1530.0], [969.0, 1530.5], [968.0, 1530.5], [967.0, 1530.5], [966.5, 1531.0], [966.0, 1531.5], [965.0, 1531.5], [964.0, 1531.5], [963.0, 1531.5], [962.0, 1531.5], [961.5, 1532.0], [961.0, 1532.5], [960.0, 1532.5], [959.0, 1532.5], [958.0, 1532.5], [957.0, 1532.5], [956.0, 1532.5], [955.0, 1532.5], [954.0, 1532.5], [953.0, 1532.5], [952.0, 1532.5], [951.0, 1532.5], [950.5, 1533.0], [950.0, 1533.5], [949.0, 1533.5], [948.0, 1533.5], [947.0, 1533.5], [946.0, 1533.5], [945.0, 1533.5], [944.5, 1534.0], [944.0, 1534.5]]]}}, {"type": "Feature", "properties": {"label": 20, "area_px": 29615}, "geometry": {"type": "Polygon", "coordinates": [[[1213.0, 1748.5], [1212.0, 1748.5], [1211.0, 1748.5], [1210.0, 1748.5], [1209.0, 1748.5], [1208.0, 1748.5], [1207.0, 1748.5], [1206.5, 1748.0], [1206.0, 1747.5], [1205.0, 1747.5], [1204.0, 1747.5], [1203.0, 1747.5], [1202.0, 1747.5], [1201.5, 1747.0], [1201.0, 1746.5], [1200.0, 1746.5], [1199.5, 1746.0], [1199.0, 1745.5], [1198.0, 1745.5], [1197.5, 1745.0], [1197.0, 1744.5], [1196.0, 1744.5], [1195.5, 1744.0], [1195.0, 1743.5], [1194.5, 1743.0], [1194.0, 1742.5], [1193.5, 1742.0], [1193.0, 1741.5], [1192.0, 1741.5], [1191.5, 1741.0], [1191.0, 1740.5], [1190.5, 1740.0], [1190.0, 1739.5], [1189.0, 1739.5], [1188.5, 1739.0], [1188.0, 1738.5], [1187.5, 1738.0], [1187.0, 1737.5], [1186.0, 1737.5], [1185.5, 1737.0], [1185.0, 1736.5], [1184.0, 1736.5], [1183.5, 1736.0], [1183.0, 1735.5], [1182.0, 1735.5], [1181.5, 1735.0], [1181.0, 1734.5], [1180.0, 1734.5], [1179.0, 1734.5], [1178.5, 1734.0], [1178.0, 1733.5], [1177.0, 1733.5], [1176.0, 1733.5], [1175.0, 1733.5], [1174.0, 1733.5], [1173.5, 1733.0], [1173.0, 1732.5], [1172.0, 1732.5], [1171.0, 1732.5], [1170.5, 1732.0], [1170.0, 1731.5], [1169.5, 1731.0], [1169.0, 1730.5], [1168.0, 1730.5], [1167.5, 1730.0], [1167.0, 1729.5], [1166.5, 1729.0], [1166.0, 1728.5], [1165.5, 1728.0], [1165.0, 1727.5], [1164.5, 1727.0], [1164.0, 1726.5], [1163.5, 1726.0], [1163.0, 1725.5], [1162.5, 1725.0], [1162.0, 1724.5], [1161.5, 1724.0], [1161.0, 1723.5], [1160.5, 1723.0], [1160.0, 1722.5], [1159.5, 1722.0], [1159.0, 1721.5], [1158.5, 1721.0], [1158.0, 1720.5], [1157.5, 1720.0], [1157.0, 1719.5], [1156.5, 1719.0], [1156.0, 1718.5], [1155.5, 1718.0], [1155.0, 1717.5], [1154.0, 1717.5], [1153.0, 1717.5], [1152.5, 1717.0], [1152.0, 1716.5], [1151.0, 1716.5], [1150.0, 1716.5], [1149.0, 1716.5], [1148.0, 1716.5], [1147.0, 1716.5], [1146.0, 1716.5], [1145.5, 1716.0], [1145.0, 1715.5], [1144.0, 1715.5], [1143.5, 1715.0], [1143.0, 1714.5], [1142.0, 1714.5], [1141.5, 1714.0], [1141.0, 1713.5], [1140.0, 1713.5], [1139.5, 1713.0], [1139.0, 1712.5], [1138.0, 1712.5], [1137.5, 1712.0], [1137.0, 1711.5], [1136.5, 1711.0], [1136.0, 1710.5], [1135.5, 1710.0], [1135.5, 1709.0], [1135.0, 1708.5], [1134.5, 1708.0], [1134.0, 1707.5], [1133.5, 1707.0], [1133.0, 1706.5], [1132.0, 1706.5], [1131.5, 1706.0], [1131.0, 1705.5], [1130.5, 1705.0], [1130.0, 1704.5], [1129.5, 1704.0], [1129.0, 1703.5], [1128.5, 1703.0], [1128.0, 1702.5], [1127.5, 1702.0], [1127.0, 1701.5], [1126.5, 1701.0], [1126.0, 1700.5], [1125.5, 1700.0], [1125.0, 1699.5], [1124.5, 1699.0], [1124.0, 1698.5], [1123.5, 1698.0], [1123.0, 1697.5], [1122.5, 1697.0], [1122.0, 1696.5], [1121.5, 1696.0], [1121.0, 1695.5], [1120.5, 1695.0], [1120.0, 1694.5], [1119.5, 1694.0], [1119.0, 1693.5], [1118.5, 1693.0], [1118.5, 1692.0], [1118.0, 1691.5], [1117.5, 1691.0], [1117.5, 1690.0], [1117.0, 1689.5], [1116.5, 1689.0], [1116.0, 1688.5], [1115.5, 1688.0], [1115.5, 1687.0], [1115.0, 1686.5], [1114.5, 1686.0], [1114.5, 1685.0], [1114.0, 1684.5], [1113.5, 1684.0], [1113.0, 1683.5], [1112.5, 1683.0], [1112.0, 1682.5], [1111.0, 1682.5], [1110.0, 1682.5], [1109.5, 1682.0], [1109.0, 1681.5], [1108.0, 1681.5], [1107.0, 1681.5], [1106.0, 1681.5], [1105.0, 1681.5], [1104.5, 1681.0], [1104.5, 1680.0], [1104.5, 1679.0], [1105.0, 1678.5], [1106.0, 1678.5], [1107.0, 1678.5], [1107.5, 1678.0], [1108.0, 1677.5], [1108.5, 1677.0], [1108.5, 1676.0], [1108.5, 1675.0], [1109.0, 1674.5], [1109.5, 1674.0], [1109.5, 1673.0], [1109.5, 1672.0], [1109.0, 1671.5], [1108.5, 1671.0], [1108.5, 1670.0], [1108.5, 1669.0], [1108.0, 1668.5], [1107.5, 1668.0], [1107.0, 1667.5], [1106.5, 1667.0], [1106.0, 1666.5], [1105.5, 1666.0], [1105.5, 1665.0], [1105.0, 1664.5], [1104.5, 1664.0], [1104.5, 1663.0], [1104.5, 1662.0], [1104.0, 1661.5], [1103.5, 1661.0], [1103.5, 1660.0], [1103.5, 1659.0], [1103.0, 1658.5], [1102.5, 1658.0], [1102.0, 1657.5], [1101.5, 1657.0], [1101.5, 1656.0], [1101.0, 1655.5], [1100.5, 1655.0], [1100.0, 1654.5], [1099.5, 1654.0], [1099.0, 1653.5], [1098.5, 1653.0], [1098.0, 1652.5], [1097.5, 1652.0], [1097.5, 1651.0], [1097.0, 1650.5], [1096.5, 1650.0], [1096.0, 1649.5], [1095.5, 1649.0], [1095.5, 1648.0], [1095.0, 1647.5], [1094.5, 1647.0], [1094.5, 1646.0], [1094.0, 1645.5], [1093.5, 1645.0], [1093.5, 1644.0], [1093.5, 1643.0], [1093.0, 1642.5], [1092.5, 1642.0], [1092.5, 1641.0], [1092.5, 1640.0], [1092.0, 1639.5], [1091.5, 1639.0], [1091.5, 1638.0], [1091.5, 1637.0], [1091.5, 1636.0], [1091.0, 1635.5], [1090.5, 1635.0], [1090.5, 1634.0], [1090.5, 1633.0], [1090.0, 1632.5], [1089.5, 1632.0], [1089.5, 1631.0], [1089.5, 1630.0], [1089.5, 1629.0], [1089.0, 1628.5], [1088.5, 1628.0], [1088.5, 1627.0], [1088.5, 1626.0], [1088.5, 1625.0], [1088.0, 1624.5], [1087.5, 1624.0], [1087.5, 1623.0], [1087.5, 1622.0], [1087.5, 1621.0], [1087.5, 1620.0], [1087.5, 1619.0], [1087.5, 1618.0], [1087.5, 1617.0], [1087.5, 1616.0], [1087.5, 1615.0], [1087.5, 1614.0], [1087.5, 1613.0], [1087.5, 1612.0], [1087.5, 1611.0], [1087.5, 1610.0], [1087.5, 1609.0], [1087.5, 1608.0], [1087.5, 1607.0], [1087.5, 1606.0], [1087.5, 1605.0], [1087.5, 1604.0], [1087.5, 1603.0], [1087.5, 1602.0], [1088.0, 1601.5], [1088.5, 1601.0], [1088.5, 1600.0], [1088.5, 1599.0], [1088.5, 1598.0], [1089.0, 1597.5], [1089.5, 1597.0], [1089.5, 1596.0], [1089.5, 1595.0], [1090.0, 1594.5], [1090.5, 1594.0], [1090.5, 1593.0], [1090.5, 1592.0], [1091.0, 1591.5], [1091.5, 1591.0], [1091.5, 1590.0], [1092.0, 1589.5], [1092.5, 1589.0], [1092.5, 1588.0], [1093.0, 1587.5], [1093.5, 1587.0], [1093.5, 1586.0], [1094.0, 1585.5], [1094.5, 1585.0], [1095.0, 1584.5], [1095.5, 1584.0], [1095.5, 1583.0], [1096.0, 1582.5], [1096.5, 1582.0], [1096.5, 1581.0], [1096.5, 1580.0], [1097.0, 1579.5], [1097.5, 1579.0], [1097.5, 1578.0], [1097.5, 1577.0], [1098.0, 1576.5], [1098.5, 1576.0], [1098.5, 1575.0], [1098.5, 1574.0], [1099.0, 1573.5], [1099.5, 1573.0], [1099.5, 1572.0], [1099.5, 1571.0], [1100.0, 1570.5], [1100.5, 1570.0], [1100.5, 1569.0], [1100.5, 1568.0], [1100.5, 1567.0], [1100.5, 1566.0], [1100.5, 1565.0], [1100.5, 1564.0], [1100.5, 1563.0], [1100.5, 1562.0], [1100.5, 1561.0], [1100.5, 1560.0], [1100.5, 1559.0], [1101.0, 1558.5], [1101.5, 1558.0], [1101.5, 1557.0], [1101.5, 1556.0], [1101.5, 1555.0], [1102.0, 1554.5], [1102.5, 1554.0], [1102.5, 1553.0], [1103.0, 1552.5], [1103.5, 1552.0], [1104.0, 1551.5], [1104.5, 1551.0], [1105.0, 1550.5], [1105.5, 1550.0], [1105.5, 1549.0], [1106.0, 1548.5], [1106.5, 1548.0], [1107.0, 1547.5], [1107.5, 1547.0], [1108.0, 1546.5], [1108.5, 1546.0], [1109.0, 1545.5], [1109.5, 1545.0], [1110.0, 1544.5], [1110.5, 1544.0], [1111.0, 1543.5], [1111.5, 1543.0], [1112.0, 1542.5], [1112.5, 1542.0], [1113.0, 1541.5], [1113.5, 1541.0], [1114.0, 1540.5], [1114.5, 1540.0], [1115.0, 1539.5], [1115.5, 1539.0], [1116.0, 1538.5], [1117.0, 1538.5], [1117.5, 1538.0], [1118.0, 1537.5], [1119.0, 1537.5], [1119.5, 1537.0], [1120.0, 1536.5], [1121.0, 1536.5], [1121.5, 1536.0], [1122.0, 1535.5], [1123.0, 1535.5], [1123.5, 1535.0], [1124.0, 1534.5], [1125.0, 1534.5], [1125.5, 1534.0], [1126.0, 1533.5], [1127.0, 1533.5], [1127.5, 1533.0], [1128.0, 1532.5], [1129.0, 1532.5], [1129.5, 1532.0], [1130.0, 1531.5], [1131.0, 1531.5], [1131.5, 1531.0], [1132.0, 1530.5], [1133.0, 1530.5], [1134.0, 1530.5], [1135.0, 1530.5], [1136.0, 1530.5], [1137.0, 1530.5], [1138.0, 1530.5], [1139.0, 1530.5], [1140.0, 1530.5], [1140.5, 1531.0], [1141.0, 1531.5], [1142.0, 1531.5], [1142.5, 1532.0], [1143.0, 1532.5], [1144.0, 1532.5], [1144.5, 1533.0], [1145.0, 1533.5], [1146.0, 1533.5], [1146.5, 1534.0], [1147.0, 1534.5], [1148.0, 1534.5], [1148.5, 1535.0], [1149.0, 1535.5], [1150.0, 1535.5], [1150.5, 1536.0], [1151.0, 1536.5], [1152.0, 1536.5], [1152.5, 1537.0], [1153.0, 1537.5], [1154.0, 1537.5], [1155.0, 1537.5], [1155.5, 1538.0], [1156.0, 1538.5], [1156.5, 1539.0], [1157.0, 1539.5], [1158.0, 1539.5], [1158.5, 1540.0], [1159.0, 1540.5], [1159.5, 1541.0], [1160.0, 1541.5], [1160.5, 1542.0], [1161.0, 1542.5], [1161.5, 1543.0], [1162.0, 1543.5], [1162.5, 1544.0], [1163.0, 1544.5], [1163.5, 1545.0], [1164.0, 1545.5], [1164.5, 1546.0], [1165.0, 1546.5], [1165.5, 1547.0], [1165.5, 1548.0], [1166.0, 1548.5], [1166.5, 1549.0], [1167.0, 1549.5], [1167.5, 1550.0], [1167.5, 1551.0], [1168.0, 1551.5], [1168.5, 1552.0], [1169.0, 1552.5], [1169.5, 1553.0], [1169.5, 1554.0], [1170.0, 1554.5], [1170.5, 1555.0], [1171.0, 1555.5], [1171.5, 1556.0], [1171.5, 1557.0], [1172.0, 1557.5], [1172.5, 1558.0], [1172.5, 1559.0], [1173.0, 1559.5], [1173.5, 1560.0], [1173.5, 1561.0], [1173.5, 1562.0], [1174.0, 1562.5], [1174.5, 1563.0], [1174.5, 1564.0], [1174.5, 1565.0], [1174.5, 1566.0], [1174.5, 1567.0], [1174.5, 1568.0], [1174.5, 1569.0], [1174.5, 1570.0], [1175.0, 1570.5], [1175.5, 1571.0], [1175.5, 1572.0], [1175.0, 1572.5], [1174.5, 1573.0], [1174.5, 1574.0], [1174.5, 1575.0], [1174.5, 1576.0], [1174.5, 1577.0], [1174.5, 1578.0], [1174.0, 1578.5], [1173.5, 1579.0], [1173.5, 1580.0], [1173.5, 1581.0], [1173.5, 1582.0], [1173.5, 1583.0], [1173.0, 1583.5], [1172.5, 1584.0], [1172.5, 1585.0], [1172.5, 1586.0], [1172.5, 1587.0], [1172.0, 1587.5], [1171.5, 1588.0], [1171.5, 1589.0], [1171.0, 1589.5], [1170.5, 1590.0], [1170.0, 1590.5], [1169.5, 1591.0], [1169.5, 1592.0], [1169.0, 1592.5], [1168.5, 1593.0], [1168.5, 1594.0], [1168.5, 1595.0], [1168.0, 1595.5], [1167.5, 1596.0], [1167.5, 1597.0], [1167.5, 1598.0], [1167.5, 1599.0], [1168.0, 1599.5], [1168.5, 1600.0], [1168.5, 1601.0], [1168.5, 1602.0], [1168.5, 1603.0], [1169.0, 1603.5], [1169.5, 1604.0], [1169.5, 1605.0], [1169.5, 1606.0], [1170.0, 1606.5], [1170.5, 1607.0], [1170.5, 1608.0], [1171.0, 1608.5], [1171.5, 1609.0], [1172.0, 1609.5], [1172.5, 1610.0], [1173.0, 1610.5], [1174.0, 1610.5], [1175.0, 1610.5], [1175.5, 1611.0], [1176.0, 1611.5], [1177.0, 1611.5], [1178.0, 1611.5], [1179.0, 1611.5], [1179.5, 1612.0], [1180.0, 1612.5], [1181.0, 1612.5], [1181.5, 1613.0], [1182.0, 1613.5], [1183.0, 1613.5], [1184.0, 1613.5], [1184.5, 1614.0], [1185.0, 1614.5], [1186.0, 1614.5], [1187.0, 1614.5], [1188.0, 1614.5], [1189.0, 1614.5], [1190.0, 1614.5], [1191.0, 1614.5], [1192.0, 1614.5], [1193.0, 1614.5], [1194.0, 1614.5], [1195.0, 1614.5], [1196.0, 1614.5], [1197.0, 1614.5], [1198.0, 1614.5], [1199.0, 1614.5], [1200.0, 1614.5], [1201.0, 1614.5], [1202.0, 1614.5], [1203.0, 1614.5], [1204.0, 1614.5], [1205.0, 1614.5], [1206.0, 1614.5], [1206.5, 1614.0], [1207.0, 1613.5], [1208.0, 1613.5], [1209.0, 1613.5], [1210.0, 1613.5], [1211.0, 1613.5], [1212.0, 1613.5], [1213.0, 1613.5], [1214.0, 1613.5], [1215.0, 1613.5], [1216.0, 1613.5], [1216.5, 1613.0], [1217.0, 1612.5], [1218.0, 1612.5], [1219.0, 1612.5], [1219.5, 1612.0], [1220.0, 1611.5], [1221.0, 1611.5], [1222.0, 1611.5], [1222.5, 1611.0], [1223.0, 1610.5], [1224.0, 1610.5], [1224.5, 1610.0], [1225.0, 1609.5], [1226.0, 1609.5], [1226.5, 1609.0], [1227.0, 1608.5], [1227.5, 1608.0], [1228.0, 1607.5], [1228.5, 1607.0], [1229.0, 1606.5], [1230.0, 1606.5], [1230.5, 1606.0], [1231.0, 1605.5], [1231.5, 1605.0], [1232.0, 1604.5], [1233.0, 1604.5], [1233.5, 1604.0], [1234.0, 1603.5], [1234.5, 1603.0], [1235.0, 1602.5], [1236.0, 1602.5], [1236.5, 1602.0], [1237.0, 1601.5], [1237.5, 1601.0], [1238.0, 1600.5], [1238.5, 1600.0], [1239.0, 1599.5], [1240.0, 1599.5], [1240.5, 1599.0], [1241.0, 1598.5], [1241.5, 1598.0], [1242.0, 1597.5], [1243.0, 1597.5], [1243.5, 1597.0], [1244.0, 1596.5], [1245.0, 1596.5], [1245.5, 1596.0], [1246.0, 1595.5], [1247.0, 1595.5], [1248.0, 1595.5], [1248.5, 1595.0], [1249.0, 1594.5], [1250.0, 1594.5], [1251.0, 1594.5], [1252.0, 1594.5], [1253.0, 1594.5], [1253.5, 1594.0], [1254.0, 1593.5], [1255.0, 1593.5], [1256.0, 1593.5], [1257.0, 1593.5], [1258.0, 1593.5], [1259.0, 1593.5], [1260.0, 1593.5], [1261.0, 1593.5], [1262.0, 1593.5], [1263.0, 1593.5], [1264.0, 1593.5], [1265.0, 1593.5], [1266.0, 1593.5], [1267.0, 1593.5], [1268.0, 1593.5], [1269.0, 1593.5], [1270.0, 1593.5], [1271.0, 1593.5], [1271.5, 1594.0], [1272.0, 1594.5], [1273.0, 1594.5], [1273.5, 1595.0], [1274.0, 1595.5], [1275.0, 1595.5], [1275.5, 1596.0], [1276.0, 1596.5], [1277.0, 1596.5], [1277.5, 1597.0], [1278.0, 1597.5], [1279.0, 1597.5], [1279.5, 1598.0], [1280.0, 1598.5], [1281.0, 1598.5], [1281.5, 1599.0], [1282.0, 1599.5], [1283.0, 1599.5], [1283.5, 1600.0], [1284.0, 1600.5], [1285.0, 1600.5], [1285.5, 1601.0], [1286.0, 1601.5], [1286.5, 1602.0], [1287.0, 1602.5], [1288.0, 1602.5], [1288.5, 1603.0], [1289.0, 1603.5], [1289.5, 1604.0], [1290.0, 1604.5], [1290.5, 1605.0], [1291.0, 1605.5], [1292.0, 1605.5], [1292.5, 1606.0], [1293.0, 1606.5], [1293.5, 1607.0], [1294.0, 1607.5], [1294.5, 1608.0], [1295.0, 1608.5], [1295.5, 1609.0], [1296.0, 1609.5], [1297.0, 1609.5], [1297.5, 1610.0], [1298.0, 1610.5], [1298.5, 1611.0], [1299.0, 1611.5], [1299.5, 1612.0], [1299.5, 1613.0], [1300.0, 1613.5], [1300.5, 1614.0], [1301.0, 1614.5], [1301.5, 1615.0], [1301.5, 1616.0], [1302.0, 1616.5], [1302.5, 1617.0], [1302.5, 1618.0], [1303.0, 1618.5], [1303.5, 1619.0], [1303.5, 1620.0], [1304.0, 1620.5], [1304.5, 1621.0], [1304.5, 1622.0], [1305.0, 1622.5], [1305.5, 1623.0], [1305.5, 1624.0], [1306.0, 1624.5], [1306.5, 1625.0], [1306.5, 1626.0], [1306.5, 1627.0], [1307.0, 1627.5], [1307.5, 1628.0], [1307.5, 1629.0], [1307.5, 1630.0], [1308.0, 1630.5], [1308.5, 1631.0], [1308.5, 1632.0], [1308.5, 1633.0], [1309.0, 1633.5], [1309.5, 1634.0], [1309.5, 1635.0], [1309.5, 1636.0], [1309.5, 1637.0], [1310.0, 1637.5], [1310.5, 1638.0], [1310.5, 1639.0], [1310.5, 1640.0], [1310.5, 1641.0], [1310.5, 1642.0], [1310.5, 1643.0], [1310.5, 1644.0], [1310.5, 1645.0], [1310.5, 1646.0], [1310.5, 1647.0], [1310.5, 1648.0], [1310.5, 1649.0], [1310.5, 1650.0], [1310.5, 1651.0], [1310.5, 1652.0], [1310.5, 1653.0], [1310.5, 1654.0], [1310.5, 1655.0], [1310.5, 1656.0], [1310.5, 1657.0], [1310.5, 1658.0], [1310.0, 1658.5], [1309.5, 1659.0], [1309.5, 1660.0], [1309.5, 1661.0], [1309.5, 1662.0], [1309.5, 1663.0], [1309.5, 1664.0], [1309.5, 1665.0], [1309.5, 1666.0], [1309.5, 1667.0], [1309.5, 1668.0], [1309.5, 1669.0], [1309.5, 1670.0], [1309.0, 1670.5], [1308.5, 1671.0], [1308.5, 1672.0], [1308.5, 1673.0], [1308.5, 1674.0], [1308.0, 1674.5], [1307.5, 1675.0], [1307.5, 1676.0], [1307.0, 1676.5], [1306.5, 1677.0], [1306.5, 1678.0], [1306.5, 1679.0], [1306.0, 1679.5], [1305.5, 1680.0], [1305.5, 1681.0], [1305.5, 1682.0], [1305.0, 1682.5], [1304.5, 1683.0], [1304.5, 1684.0], [1304.5, 1685.0], [1304.5, 1686.0], [1304.5, 1687.0], [1304.0, 1687.5], [1303.5, 1688.0], [1303.5, 1689.0], [1303.5, 1690.0], [1303.0, 1690.5], [1302.5, 1691.0], [1302.5, 1692.0], [1302.0, 1692.5], [1301.5, 1693.0], [1301.5, 1694.0], [1301.0, 1694.5], [1300.5, 1695.0], [1300.5, 1696.0], [1300.0, 1696.5], [1299.5, 1697.0], [1299.5, 1698.0], [1299.0, 1698.5], [1298.5, 1699.0], [1298.0, 1699.5], [1297.5, 1700.0], [1297.0, 1700.5], [1296.5, 1701.0], [1296.5, 1702.0], [1296.0, 1702.5], [1295.5, 1703.0], [1295.0, 1703.5], [1294.5, 1704.0], [1294.5, 1705.0], [1294.0, 1705.5], [1293.5, 1706.0], [1293.0, 1706.5], [1292.5, 1707.0], [1292.0, 1707.5], [1291.5, 1708.0], [1291.0, 1708.5], [1290.5, 1709.0], [1290.0, 1709.5], [1289.5, 1710.0], [1289.0, 1710.5], [1288.5, 1711.0], [1288.0, 1711.5], [1287.5, 1712.0], [1287.0, 1712.5], [1286.5, 1713.0], [1286.0, 1713.5], [1285.5, 1714.0], [1285.0, 1714.5], [1284.5, 1715.0], [1284.0, 1715.5], [1283.5, 1716.0], [1283.0, 1716.5], [1282.0, 1716.5], [1281.5, 1717.0], [1281.0, 1717.5], [1280.5, 1718.0], [1280.0, 1718.5], [1279.0, 1718.5], [1278.5, 1719.0], [1278.0, 1719.5], [1277.5, 1720.0], [1277.0, 1720.5], [1276.5, 1721.0], [1276.0, 1721.5], [1275.0, 1721.5], [1274.5, 1722.0], [1274.0, 1722.5], [1273.0, 1722.5], [1272.5, 1723.0], [1272.0, 1723.5], [1271.5, 1724.0], [1271.0, 1724.5], [1270.0, 1724.5], [1269.5, 1725.0], [1269.0, 1725.5], [1268.5, 1726.0], [1268.0, 1726.5], [1267.0, 1726.5], [1266.5, 1727.0], [1266.0, 1727.5], [1265.5, 1728.0], [1265.0, 1728.5], [1264.0, 1728.5], [1263.5, 1729.0], [1263.0, 1729.5], [1262.0, 1729.5], [1261.5, 1730.0], [1261.0, 1730.5], [1260.5, 1731.0], [1260.0, 1731.5], [1259.0, 1731.5], [1258.5, 1732.0], [1258.0, 1732.5], [1257.5, 1733.0], [1257.0, 1733.5], [1256.5, 1734.0], [1256.0, 1734.5], [1255.0, 1734.5], [1254.5, 1735.0], [1254.0, 1735.5], [1253.0, 1735.5], [1252.5, 1736.0], [1252.0, 1736.5], [1251.0, 1736.5], [1250.5, 1737.0], [1250.0, 1737.5], [1249.5, 1738.0], [1249.0, 1738.5], [1248.0, 1738.5], [1247.5, 1739.0], [1247.0, 1739.5], [1246.0, 1739.5], [1245.5, 1740.0], [1245.0, 1740.5], [1244.0, 1740.5], [1243.5, 1741.0], [1243.0, 1741.5], [1242.0, 1741.5], [1241.0, 1741.5], [1240.5, 1742.0], [1240.0, 1742.5], [1239.0, 1742.5], [1238.0, 1742.5], [1237.5, 1743.0], [1237.0, 1743.5], [1236.0, 1743.5], [1235.0, 1743.5], [1234.5, 1744.0], [1234.0, 1744.5], [1233.0, 1744.5], [1232.0, 1744.5], [1231.0, 1744.5], [1230.5, 1745.0], [1230.0, 1745.5], [1229.0, 1745.5], [1228.0, 1745.5], [1227.0, 1745.5], [1226.0, 1745.5], [1225.0, 1745.5], [1224.0, 1745.5], [1223.5, 1746.0], [1223.0, 1746.5], [1222.0, 1746.5], [1221.0, 1746.5], [1220.0, 1746.5], [1219.0, 1746.5], [1218.0, 1746.5], [1217.5, 1747.0], [1217.0, 1747.5], [1216.0, 1747.5], [1215.0, 1747.5], [1214.0, 1747.5], [1213.5, 1748.0], [1213.0, 1748.5]]]}}, {"type": "Feature", "properties": {"label": 21, "area_px": 33458}, "geometry": {"type": "Polygon", "coordinates": [[[1304.0, 1826.5], [1303.0, 1826.5], [1302.0, 1826.5], [1301.0, 1826.5], [1300.0, 1826.5], [1299.0, 1826.5], [1298.5, 1826.0], [1298.0, 1825.5], [1297.0, 1825.5], [1296.0, 1825.5], [1295.0, 1825.5], [1294.5, 1825.0], [1294.0, 1824.5], [1293.0, 1824.5], [1292.0, 1824.5], [1291.5, 1824.0], [1291.0, 1823.5], [1290.0, 1823.5], [1289.5, 1823.0], [1289.0, 1822.5], [1288.0, 1822.5], [1287.5, 1822.0], [1287.0, 1821.5], [1286.0, 1821.5], [1285.5, 1821.0], [1285.0, 1820.5], [1284.5, 1820.0], [1284.0, 1819.5], [1283.5, 1819.0], [1283.0, 1818.5], [1282.5, 1818.0], [1282.0, 1817.5], [1281.5, 1817.0], [1281.0, 1816.5], [1280.0, 1816.5], [1279.5, 1816.0], [1279.0, 1815.5], [1278.5, 1815.0], [1278.0, 1814.5], [1277.5, 1814.0], [1277.0, 1813.5], [1276.5, 1813.0], [1276.0, 1812.5], [1275.5, 1812.0], [1275.5, 1811.0], [1275.0, 1810.5], [1274.5, 1810.0], [1274.0, 1809.5], [1273.5, 1809.0], [1273.0, 1808.5], [1272.5, 1808.0], [1272.0, 1807.5], [1271.5, 1807.0], [1271.5, 1806.0], [1271.0, 1805.5], [1270.5, 1805.0], [1270.5, 1804.0], [1270.0, 1803.5], [1269.5, 1803.0], [1269.0, 1802.5], [1268.5, 1802.0], [1268.5, 1801.0], [1268.5, 1800.0], [1268.0, 1799.5], [1267.5, 1799.0], [1267.5, 1798.0], [1267.5, 1797.0], [1267.5, 1796.0], [1267.0, 1795.5], [1266.5, 1795.0], [1266.5, 1794.0], [1266.5, 1793.0], [1266.5, 1792.0], [1266.5, 1791.0], [1266.5, 1790.0], [1267.0, 1789.5], [1267.5, 1789.0], [1267.5, 1788.0], [1267.5, 1787.0], [1267.5, 1786.0], [1268.0, 1785.5], [1268.5, 1785.0], [1268.5, 1784.0], [1268.5, 1783.0], [1269.0, 1782.5], [1269.5, 1782.0], [1269.5, 1781.0], [1270.0, 1780.5], [1270.5, 1780.0], [1270.5, 1779.0], [1271.0, 1778.5], [1271.5, 1778.0], [1272.0, 1777.5], [1272.5, 1777.0], [1273.0, 1776.5], [1273.5, 1776.0], [1273.5, 1775.0], [1274.0, 1774.5], [1274.5, 1774.0], [1275.0, 1773.5], [1275.5, 1773.0], [1276.0, 1772.5], [1276.5, 1772.0], [1277.0, 1771.5], [1277.5, 1771.0], [1278.0, 1770.5], [1278.5, 1770.0], [1279.0, 1769.5], [1279.5, 1769.0], [1280.0, 1768.5], [1280.5, 1768.0], [1281.0, 1767.5], [1281.5, 1767.0], [1282.0, 1766.5], [1282.5, 1766.0], [1282.5, 1765.0], [1283.0, 1764.5], [1283.5, 1764.0], [1284.0, 1763.5], [1284.5, 1763.0], [1285.0, 1762.5], [1285.5, 1762.0], [1285.5, 1761.0], [1286.0, 1760.5], [1286.5, 1760.0], [1287.0, 1759.5], [1287.5, 1759.0], [1288.0, 1758.5], [1288.5, 1758.0], [1288.5, 1757.0], [1289.0, 1756.5], [1289.5, 1756.0], [1290.0, 1755.5], [1291.0, 1755.5], [1291.5, 1755.0], [1292.0, 1754.5], [1292.5, 1754.0], [1293.0, 1753.5], [1293.5, 1753.0], [1294.0, 1752.5], [1294.5, 1752.0], [1295.0, 1751.5], [1295.5, 1751.0], [1296.0, 1750.5], [1296.5, 1750.0], [1297.0, 1749.5], [1297.5, 1749.0], [1297.5, 1748.0], [1298.0, 1747.5], [1298.5, 1747.0], [1299.0, 1746.5], [1299.5, 1746.0], [1300.0, 1745.5], [1300.5, 1745.0], [1301.0, 1744.5], [1301.5, 1744.0], [1302.0, 1743.5], [1303.0, 1743.5], [1303.5, 1743.0], [1304.0, 1742.5], [1304.5, 1742.0], [1305.0, 1741.5], [1306.0, 1741.5], [1306.5, 1741.0], [1307.0, 1740.5], [1308.0, 1740.5], [1308.5, 1740.0], [1309.0, 1739.5], [1309.5, 1739.0], [1310.0, 1738.5], [1311.0, 1738.5], [1311.5, 1738.0], [1312.0, 1737.5], [1312.5, 1737.0], [1313.0, 1736.5], [1314.0, 1736.5], [1314.5, 1736.0], [1315.0, 1735.5], [1316.0, 1735.5], [1316.5, 1735.0], [1317.0, 1734.5], [1318.0, 1734.5], [1318.5, 1734.0], [1319.0, 1733.5], [1320.0, 1733.5], [1320.5, 1733.0], [1321.0, 1732.5], [1322.0, 1732.5], [1322.5, 1732.0], [1323.0, 1731.5], [1324.0, 1731.5], [1324.5, 1731.0], [1325.0, 1730.5], [1326.0, 1730.5], [1326.5, 1730.0], [1327.0, 1729.5], [1328.0, 1729.5], [1328.5, 1729.0], [1329.0, 1728.5], [1330.0, 1728.5], [1330.5, 1728.0], [1331.0, 1727.5], [1332.0, 1727.5], [1332.5, 1727.0], [1333.0, 1726.5], [1334.0, 1726.5], [1334.5, 1726.0], [1335.0, 1725.5], [1336.0, 1725.5], [1337.0, 1725.5], [1337.5, 1725.0], [1338.0, 1724.5], [1339.0, 1724.5], [1340.0, 1724.5], [1340.5, 1724.0], [1341.0, 1723.5], [1342.0, 1723.5], [1342.5, 1723.0], [1343.0, 1722.5], [1344.0, 1722.5], [1345.0, 1722.5], [1345.5, 1722.0], [1346.0, 1721.5], [1347.0, 1721.5], [1348.0, 1721.5], [1348.5, 1721.0], [1349.0, 1720.5], [1350.0, 1720.5], [1351.0, 1720.5], [1352.0, 1720.5], [1352.5, 1720.0], [1353.0, 1719.5], [1354.0, 1719.5], [1355.0, 1719.5], [1355.5, 1719.0], [1356.0, 1718.5], [1357.0, 1718.5], [1358.0, 1718.5], [1358.5, 1718.0], [1359.0, 1717.5], [1360.0, 1717.5], [1361.0, 1717.5], [1361.5, 1717.0], [1362.0, 1716.5], [1363.0, 1716.5], [1364.0, 1716.5], [1365.0, 1716.5], [1366.0, 1716.5], [1367.0, 1716.5], [1368.0, 1716.5], [1369.0, 1716.5], [1369.5, 1716.0], [1370.0, 1715.5], [1371.0, 1715.5], [1372.0, 1715.5], [1372.5, 1715.0], [1373.0, 1714.5], [1373.5, 1714.0], [1373.5, 1713.0], [1373.5, 1712.0], [1374.0, 1711.5], [1374.5, 1711.0], [1374.0, 1710.5], [1373.5, 1710.0], [1373.5, 1709.0], [1373.5, 1708.0], [1373.0, 1707.5], [1372.5, 1707.0], [1372.0, 1706.5], [1371.5, 1706.0], [1371.5, 1705.0], [1371.0, 1704.5], [1370.5, 1704.0], [1370.5, 1703.0], [1370.5, 1702.0], [1370.0, 1701.5], [1369.5, 1701.0], [1369.5, 1700.0], [1369.5, 1699.0], [1369.5, 1698.0], [1369.5, 1697.0], [1369.5, 1696.0], [1369.0, 1695.5], [1368.5, 1695.0], [1368.5, 1694.0], [1368.5, 1693.0], [1368.5, 1692.0], [1368.5, 1691.0], [1368.5, 1690.0], [1368.5, 1689.0], [1368.5, 1688.0], [1368.5, 1687.0], [1368.5, 1686.0], [1368.5, 1685.0], [1368.5, 1684.0], [1368.5, 1683.0], [1368.5, 1682.0], [1368.5, 1681.0], [1368.5, 1680.0], [1368.0, 1679.5], [1367.5, 1679.0], [1367.5, 1678.0], [1367.5, 1677.0], [1367.0, 1676.5], [1366.5, 1676.0], [1366.5, 1675.0], [1366.5, 1674.0], [1366.0, 1673.5], [1365.5, 1673.0], [1365.5, 1672.0], [1365.5, 1671.0], [1365.5, 1670.0], [1365.5, 1669.0], [1365.5, 1668.0], [1366.0, 1667.5], [1366.5, 1667.0], [1366.5, 1666.0], [1367.0, 1665.5], [1367.5, 1665.0], [1367.5, 1664.0], [1367.5, 1663.0], [1368.0, 1662.5], [1368.5, 1662.0], [1368.5, 1661.0], [1368.5, 1660.0], [1369.0, 1659.5], [1369.5, 1659.0], [1369.5, 1658.0], [1369.5, 1657.0], [1369.5, 1656.0], [1369.5, 1655.0], [1369.5, 1654.0], [1369.5, 1653.0], [1369.5, 1652.0], [1369.5, 1651.0], [1369.5, 1650.0], [1369.5, 1649.0], [1369.5, 1648.0], [1369.5, 1647.0], [1369.5, 1646.0], [1369.5, 1645.0], [1369.5, 1644.0], [1369.5, 1643.0], [1369.5, 1642.0], [1369.5, 1641.0], [1369.5, 1640.0], [1369.5, 1639.0], [1369.5, 1638.0], [1369.5, 1637.0], [1369.5, 1636.0], [1369.5, 1635.0], [1370.0, 1634.5], [1370.5, 1634.0], [1370.5, 1633.0], [1370.5, 1632.0], [1370.5, 1631.0], [1370.5, 1630.0], [1371.0, 1629.5], [1371.5, 1629.0], [1371.5, 1628.0], [1371.5, 1627.0], [1371.5, 1626.0], [1372.0, 1625.5], [1372.5, 1625.0], [1372.5, 1624.0], [1372.5, 1623.0], [1372.5, 1622.0], [1372.5, 1621.0], [1372.5, 1620.0], [1372.5, 1619.0], [1372.5, 1618.0], [1372.5, 1617.0], [1372.5, 1616.0], [1372.5, 1615.0], [1373.0, 1614.5], [1373.5, 1614.0], [1373.5, 1613.0], [1373.5, 1612.0], [1373.5, 1611.0], [1373.5, 1610.0], [1373.5, 1609.0], [1373.5, 1608.0], [1373.5, 1607.0], [1373.5, 1606.0], [1374.0, 1605.5], [1374.5, 1605.0], [1374.5, 1604.0], [1374.5, 1603.0], [1374.5, 1602.0], [1374.5, 1601.0], [1374.5, 1600.0], [1374.5, 1599.0], [1374.5, 1598.0], [1375.0, 1597.5], [1375.5, 1597.0], [1375.5, 1596.0], [1375.5, 1595.0], [1376.0, 1594.5], [1376.5, 1594.0], [1377.0, 1593.5], [1377.5, 1593.0], [1377.5, 1592.0], [1378.0, 1591.5], [1378.5, 1591.0], [1378.5, 1590.0], [1378.5, 1589.0], [1379.0, 1588.5], [1379.5, 1588.0], [1379.5, 1587.0], [1379.5, 1586.0], [1380.0, 1585.5], [1380.5, 1585.0], [1380.5, 1584.0], [1380.5, 1583.0], [1380.5, 1582.0], [1380.5, 1581.0], [1381.0, 1580.5], [1381.5, 1580.0], [1381.5, 1579.0], [1382.0, 1578.5], [1382.5, 1578.0], [1382.5, 1577.0], [1383.0, 1576.5], [1383.5, 1576.0], [1383.5, 1575.0], [1384.0, 1574.5], [1384.5, 1574.0], [1384.5, 1573.0], [1385.0, 1572.5], [1385.5, 1572.0], [1386.0, 1571.5], [1386.5, 1571.0], [1386.5, 1570.0], [1387.0, 1569.5], [1387.5, 1569.0], [1388.0, 1568.5], [1388.5, 1568.0], [1389.0, 1567.5], [1389.5, 1567.0], [1389.5, 1566.0], [1390.0, 1565.5], [1390.5, 1565.0], [1391.0, 1564.5], [1391.5, 1564.0], [1392.0, 1563.5], [1392.5, 1563.0], [1393.0, 1562.5], [1393.5, 1562.0], [1394.0, 1561.5], [1394.5, 1561.0], [1395.0, 1560.5], [1395.5, 1560.0], [1396.0, 1559.5], [1396.5, 1559.0], [1397.0, 1558.5], [1397.5, 1558.0], [1398.0, 1557.5], [1398.5, 1557.0], [1399.0, 1556.5], [1399.5, 1556.0], [1400.0, 1555.5], [1400.5, 1555.0], [1401.0, 1554.5], [1401.5, 1554.0], [1401.5, 1553.0], [1402.0, 1552.5], [1402.5, 1552.0], [1403.0, 1551.5], [1403.5, 1551.0], [1404.0, 1550.5], [1404.5, 1550.0], [1405.0, 1549.5], [1405.5, 1549.0], [1406.0, 1548.5], [1406.5, 1548.0], [1406.5, 1547.0], [1407.0, 1546.5], [1408.0, 1546.5], [1408.5, 1546.0], [1409.0, 1545.5], [1409.5, 1545.0], [1410.0, 1544.5], [1411.0, 1544.5], [1411.5, 1544.0], [1412.0, 1543.5], [1413.0, 1543.5], [1413.5, 1543.0], [1414.0, 1542.5], [1415.0, 1542.5], [1416.0, 1542.5], [1416.5, 1542.0], [1417.0, 1541.5], [1418.0, 1541.5], [1419.0, 1541.5], [1419.5, 1541.0], [1420.0, 1540.5], [1421.0, 1540.5], [1422.0, 1540.5], [1422.5, 1540.0], [1423.0, 1539.5], [1424.0, 1539.5], [1425.0, 1539.5], [1426.0, 1539.5], [1427.0, 1539.5], [1428.0, 1539.5], [1429.0, 1539.5], [1430.0, 1539.5], [1431.0, 1539.5], [1432.0, 1539.5], [1433.0, 1539.5], [1434.0, 1539.5], [1435.0, 1539.5], [1436.0, 1539.5], [1436.5, 1540.0], [1437.0, 1540.5], [1438.0, 1540.5], [1439.0, 1540.5], [1439.5, 1541.0], [1440.0, 1541.5], [1441.0, 1541.5], [1442.0, 1541.5], [1442.5, 1542.0], [1443.0, 1542.5], [1444.0, 1542.5], [1444.5, 1543.0], [1445.0, 1543.5], [1446.0, 1543.5], [1447.0, 1543.5], [1447.5, 1544.0], [1448.0, 1544.5], [1449.0, 1544.5], [1450.0, 1544.5], [1450.5, 1545.0], [1451.0, 1545.5], [1452.0, 1545.5], [1453.0, 1545.5], [1453.5, 1546.0], [1454.0, 1546.5], [1455.0, 1546.5], [1455.5, 1547.0], [1456.0, 1547.5], [1457.0, 1547.5], [1458.0, 1547.5], [1458.5, 1548.0], [1459.0, 1548.5], [1460.0, 1548.5], [1460.5, 1549.0], [1461.0, 1549.5], [1462.0, 1549.5], [1462.5, 1550.0], [1463.0, 1550.5], [1464.0, 1550.5], [1464.5, 1551.0], [1465.0, 1551.5], [1465.5, 1552.0], [1466.0, 1552.5], [1466.5, 1553.0], [1467.0, 1553.5], [1468.0, 1553.5], [1468.5, 1554.0], [1469.0, 1554.5], [1469.5, 1555.0], [1470.0, 1555.5], [1470.5, 1556.0], [1471.0, 1556.5], [1471.5, 1557.0], [1472.0, 1557.5], [1473.0, 1557.5], [1473.5, 1558.0], [1474.0, 1558.5], [1474.5, 1559.0], [1475.0, 1559.5], [1475.5, 1560.0], [1476.0, 1560.5], [1476.5, 1561.0], [1477.0, 1561.5], [1477.5, 1562.0], [1478.0, 1562.5], [1478.5, 1563.0], [1478.5, 1564.0], [1479.0, 1564.5], [1479.5, 1565.0], [1480.0, 1565.5], [1480.5, 1566.0], [1481.0, 1566.5], [1481.5, 1567.0], [1481.5, 1568.0], [1482.0, 1568.5], [1482.5, 1569.0], [1483.0, 1569.5], [1483.5, 1570.0], [1484.0, 1570.5], [1484.5, 1571.0], [1485.0, 1571.5], [1485.5, 1572.0], [1485.5, 1573.0], [1486.0, 1573.5], [1486.5, 1574.0], [1487.0, 1574.5], [1487.5, 1575.0], [1488.0, 1575.5], [1488.5, 1576.0], [1488.5, 1577.0], [1489.0, 1577.5], [1489.5, 1578.0], [1490.0, 1578.5], [1490.5, 1579.0], [1491.0, 1579.5], [1491.5, 1580.0], [1491.5, 1581.0], [1492.0, 1581.5], [1492.5, 1582.0], [1493.0, 1582.5], [1493.5, 1583.0], [1494.0, 1583.5], [1494.5, 1584.0], [1494.5, 1585.0], [1495.0, 1585.5], [1495.5, 1586.0], [1496.0, 1586.5], [1496.5, 1587.0], [1496.5, 1588.0], [1497.0, 1588.5], [1497.5, 1589.0], [1498.0, 1589.5], [1498.5, 1590.0], [1498.5, 1591.0], [1499.0, 1591.5], [1499.5, 1592.0], [1500.0, 1592.5], [1500.5, 1593.0], [1500.5, 1594.0], [1501.0, 1594.5], [1501.5, 1595.0], [1502.0, 1595.5], [1502.5, 1596.0], [1502.5, 1597.0], [1502.5, 1598.0], [1503.0, 1598.5], [1503.5, 1599.0], [1503.5, 1600.0], [1504.0, 1600.5], [1504.5, 1601.0], [1504.5, 1602.0], [1504.5, 1603.0], [1504.5, 1604.0], [1505.0, 1604.5], [1505.5, 1605.0], [1505.5, 1606.0], [1505.5, 1607.0], [1505.5, 1608.0], [1506.0, 1608.5], [1506.5, 1609.0], [1506.5, 1610.0], [1506.5, 1611.0], [1506.5, 1612.0], [1506.5, 1613.0], [1506.5, 1614.0], [1506.5, 1615.0], [1506.5, 1616.0], [1506.5, 1617.0], [1506.5, 1618.0], [1506.5, 1619.0], [1506.5, 1620.0], [1506.5, 1621.0], [1506.5, 1622.0], [1506.5, 1623.0], [1506.5, 1624.0], [1506.5, 1625.0], [1506.5, 1626.0], [1506.5, 1627.0], [1506.0, 1627.5], [1505.5, 1628.0], [1505.5, 1629.0], [1505.5, 1630.0], [1505.5, 1631.0], [1505.0, 1631.5], [1504.5, 1632.0], [1504.5, 1633.0], [1504.5, 1634.0], [1504.0, 1634.5], [1503.5, 1635.0], [1503.5, 1636.0], [1503.5, 1637.0], [1503.5, 1638.0], [1503.0, 1638.5], [1502.5, 1639.0], [1502.5, 1640.0], [1502.5, 1641.0], [1502.5, 1642.0], [1502.0, 1642.5], [1501.5, 1643.0], [1501.5, 1644.0], [1501.5, 1645.0], [1501.5, 1646.0], [1501.0, 1646.5], [1500.5, 1647.0], [1500.5, 1648.0], [1500.5, 1649.0], [1500.5, 1650.0], [1500.0, 1650.5], [1499.5, 1651.0], [1499.5, 1652.0], [1499.5, 1653.0], [1499.5, 1654.0], [1499.5, 1655.0], [1499.0, 1655.5], [1498.5, 1656.0], [1498.5, 1657.0], [1498.5, 1658.0], [1498.5, 1659.0], [1498.5, 1660.0], [1498.0, 1660.5], [1497.5, 1661.0], [1497.5, 1662.0], [1497.5, 1663.0], [1497.5, 1664.0], [1497.5, 1665.0], [1497.5, 1666.0], [1497.5, 1667.0], [1497.5, 1668.0], [1497.0, 1668.5], [1496.5, 1669.0], [1496.5, 1670.0], [1496.5, 1671.0], [1496.5, 1672.0], [1496.5, 1673.0], [1496.5, 1674.0], [1496.0, 1674.5], [1495.5, 1675.0], [1495.5, 1676.0], [1495.5, 1677.0], [1495.5, 1678.0], [1495.5, 1679.0], [1495.0, 1679.5], [1494.5, 1680.0], [1494.5, 1681.0], [1494.5, 1682.0], [1494.5, 1683.0], [1494.0, 1683.5], [1493.5, 1684.0], [1493.5, 1685.0], [1493.5, 1686.0], [1493.5, 1687.0], [1493.5, 1688.0], [1493.0, 1688.5], [1492.5, 1689.0], [1492.5, 1690.0], [1492.5, 1691.0], [1492.5, 1692.0], [1492.5, 1693.0], [1492.0, 1693.5], [1491.5, 1694.0], [1491.5, 1695.0], [1491.5, 1696.0], [1491.0, 1696.5], [1490.5, 1697.0], [1490.5, 1698.0], [1490.5, 1699.0], [1490.5, 1700.0], [1490.0, 1700.5], [1489.5, 1701.0], [1489.5, 1702.0], [1489.0, 1702.5], [1488.5, 1703.0], [1488.5, 1704.0], [1488.0, 1704.5], [1487.5, 1705.0], [1487.5, 1706.0], [1487.0, 1706.5], [1486.5, 1707.0], [1486.5, 1708.0], [1486.0, 1708.5], [1485.5, 1709.0], [1485.5, 1710.0], [1485.0, 1710.5], [1484.5, 1711.0], [1484.5, 1712.0], [1484.0, 1712.5], [1483.5, 1713.0], [1483.0, 1713.5], [1482.5, 1714.0], [1482.5, 1715.0], [1482.0, 1715.5], [1481.5, 1716.0], [1481.0, 1716.5], [1480.5, 1717.0], [1480.5, 1718.0], [1480.0, 1718.5], [1479.5, 1719.0], [1479.0, 1719.5], [1478.5, 1720.0], [1478.0, 1720.5], [1477.5, 1721.0], [1477.5, 1722.0], [1477.0, 1722.5], [1476.5, 1723.0], [1476.0, 1723.5], [1475.5, 1724.0], [1475.5, 1725.0], [1475.0, 1725.5], [1474.5, 1726.0], [1474.0, 1726.5], [1473.5, 1727.0], [1473.0, 1727.5], [1472.5, 1728.0], [1472.0, 1728.5], [1471.5, 1729.0], [1471.5, 1730.0], [1471.0, 1730.5], [1470.5, 1731.0], [1470.0, 1731.5], [1469.5, 1732.0], [1469.0, 1732.5], [1468.5, 1733.0], [1468.0, 1733.5], [1467.5, 1734.0], [1467.0, 1734.5], [1466.5, 1735.0], [1466.5, 1736.0], [1466.0, 1736.5], [1465.5, 1737.0], [1465.0, 1737.5], [1464.5, 1738.0], [1464.0, 1738.5], [1463.5, 1739.0], [1463.0, 1739.5], [1462.5, 1740.0], [1462.0, 1740.5], [1461.5, 1741.0], [1461.0, 1741.5], [1460.5, 1742.0], [1460.0, 1742.5], [1459.5, 1743.0], [1459.0, 1743.5], [1458.0, 1743.5], [1457.5, 1744.0], [1457.0, 1744.5], [1456.5, 1745.0], [1456.0, 1745.5], [1455.5, 1746.0], [1455.0, 1746.5], [1454.0, 1746.5], [1453.5, 1747.0], [1453.0, 1747.5], [1452.5, 1748.0], [1452.0, 1748.5], [1451.5, 1749.0], [1451.0, 1749.5], [1450.5, 1750.0], [1450.0, 1750.5], [1449.0, 1750.5], [1448.5, 1751.0], [1448.0, 1751.5], [1447.5, 1752.0], [1447.0, 1752.5], [1446.5, 1753.0], [1446.0, 1753.5], [1445.5, 1754.0], [1445.0, 1754.5], [1444.5, 1755.0], [1444.0, 1755.5], [1443.5, 1756.0], [1443.0, 1756.5], [1442.5, 1757.0], [1442.0, 1757.5], [1441.5, 1758.0], [1441.0, 1758.5], [1440.0, 1758.5], [1439.5, 1759.0], [1439.0, 1759.5], [1438.5, 1760.0], [1438.0, 1760.5], [1437.5, 1761.0], [1437.0, 1761.5], [1436.0, 1761.5], [1435.5, 1762.0], [1435.0, 1762.5], [1434.0, 1762.5], [1433.5, 1763.0], [1433.0, 1763.5], [1432.0, 1763.5], [1431.0, 1763.5], [1430.0, 1763.5], [1429.5, 1764.0], [1429.0, 1764.5], [1428.0, 1764.5], [1427.0, 1764.5], [1426.0, 1764.5], [1425.0, 1764.5], [1424.5, 1765.0], [1424.0, 1765.5], [1423.0, 1765.5], [1422.0, 1765.5], [1421.5, 1766.0], [1421.0, 1766.5], [1420.0, 1766.5], [1419.5, 1767.0], [1419.0, 1767.5], [1418.5, 1768.0], [1418.0, 1768.5], [1417.0, 1768.5], [1416.5, 1769.0], [1416.0, 1769.5], [1415.0, 1769.5], [1414.5, 1770.0], [1414.0, 1770.5], [1413.0, 1770.5], [1412.5, 1771.0], [1412.0, 1771.5], [1411.0, 1771.5], [1410.5, 1772.0], [1410.0, 1772.5], [1409.0, 1772.5], [1408.5, 1773.0], [1408.0, 1773.5], [1407.0, 1773.5], [1406.5, 1774.0], [1406.0, 1774.5], [1405.5, 1775.0], [1405.0, 1775.5], [1404.0, 1775.5], [1403.5, 1776.0], [1403.0, 1776.5], [1402.5, 1777.0], [1402.0, 1777.5], [1401.0, 1777.5], [1400.5, 1778.0], [1400.0, 1778.5], [1399.5, 1779.0], [1399.0, 1779.5], [1398.0, 1779.5], [1397.5, 1780.0], [1397.0, 1780.5], [1396.5, 1781.0], [1396.0, 1781.5], [1395.5, 1782.0], [1395.0, 1782.5], [1394.5, 1783.0], [1394.0, 1783.5], [1393.5, 1784.0], [1393.0, 1784.5], [1392.5, 1785.0], [1392.0, 1785.5], [1391.5, 1786.0], [1391.0, 1786.5], [1390.5, 1787.0], [1390.0, 1787.5], [1389.0, 1787.5], [1388.5, 1788.0], [1388.0, 1788.5], [1387.0, 1788.5], [1386.5, 1789.0], [1386.0, 1789.5], [1385.0, 1789.5], [1384.5, 1790.0], [1384.0, 1790.5], [1383.0, 1790.5], [1382.0, 1790.5], [1381.5, 1791.0], [1381.0, 1791.5], [1380.5, 1792.0], [1380.0, 1792.5], [1379.5, 1793.0], [1379.0, 1793.5], [1378.5, 1794.0], [1378.0, 1794.5], [1377.5, 1795.0], [1377.0, 1795.5], [1376.0, 1795.5], [1375.5, 1796.0], [1375.0, 1796.5], [1374.5, 1797.0], [1374.0, 1797.5], [1373.0, 1797.5], [1372.5, 1798.0], [1372.0, 1798.5], [1371.0, 1798.5], [1370.5, 1799.0], [1370.0, 1799.5], [1369.0, 1799.5], [1368.5, 1800.0], [1368.0, 1800.5], [1367.5, 1801.0], [1367.0, 1801.5], [1366.0, 1801.5], [1365.5, 1802.0], [1365.0, 1802.5], [1364.0, 1802.5], [1363.5, 1803.0], [1363.0, 1803.5], [1362.5, 1804.0], [1362.0, 1804.5], [1361.0, 1804.5], [1360.5, 1805.0], [1360.0, 1805.5], [1359.0, 1805.5], [1358.5, 1806.0], [1358.0, 1806.5], [1357.0, 1806.5], [1356.5, 1807.0], [1356.0, 1807.5], [1355.5, 1808.0], [1355.0, 1808.5], [1354.0, 1808.5], [1353.5, 1809.0], [1353.0, 1809.5], [1352.0, 1809.5], [1351.5, 1810.0], [1351.0, 1810.5], [1350.0, 1810.5], [1349.5, 1811.0], [1349.0, 1811.5], [1348.0, 1811.5], [1347.0, 1811.5], [1346.5, 1812.0], [1346.0, 1812.5], [1345.0, 1812.5], [1344.0, 1812.5], [1343.5, 1813.0], [1343.0, 1813.5], [1342.0, 1813.5], [1341.5, 1814.0], [1341.0, 1814.5], [1340.0, 1814.5], [1339.5, 1815.0], [1339.0, 1815.5], [1338.0, 1815.5], [1337.5, 1816.0], [1337.0, 1816.5], [1336.0, 1816.5], [1335.5, 1817.0], [1335.0, 1817.5], [1334.0, 1817.5], [1333.5, 1818.0], [1333.0, 1818.5], [1332.0, 1818.5], [1331.5, 1819.0], [1331.0, 1819.5], [1330.0, 1819.5], [1329.5, 1820.0], [1329.0, 1820.5], [1328.0, 1820.5], [1327.0, 1820.5], [1326.5, 1821.0], [1326.0, 1821.5], [1325.0, 1821.5], [1324.0, 1821.5], [1323.0, 1821.5], [1322.5, 1822.0], [1322.0, 1822.5], [1321.0, 1822.5], [1320.0, 1822.5], [1319.5, 1823.0], [1319.0, 1823.5], [1318.0, 1823.5], [1317.0, 1823.5], [1316.0, 1823.5], [1315.5, 1824.0], [1315.0, 1824.5], [1314.0, 1824.5], [1313.0, 1824.5], [1312.0, 1824.5], [1311.0, 1824.5], [1310.5, 1825.0], [1310.0, 1825.5], [1309.0, 1825.5], [1308.0, 1825.5], [1307.0, 1825.5], [1306.0, 1825.5], [1305.0, 1825.5], [1304.5, 1826.0], [1304.0, 1826.5]]]}}, {"type": "Feature", "properties": {"label": 22, "area_px": 29998}, "geometry": {"type": "Polygon", "coordinates": [[[810.0, 1735.5], [809.0, 1735.5], [808.0, 1735.5], [807.0, 1735.5], [806.0, 1735.5], [805.0, 1735.5], [804.0, 1735.5], [803.0, 1735.5], [802.5, 1735.0], [802.0, 1734.5], [801.0, 1734.5], [800.0, 1734.5], [799.0, 1734.5], [798.0, 1734.5], [797.0, 1734.5], [796.0, 1734.5], [795.0, 1734.5], [794.0, 1734.5], [793.5, 1734.0], [793.0, 1733.5], [792.0, 1733.5], [791.0, 1733.5], [790.0, 1733.5], [789.0, 1733.5], [788.0, 1733.5], [787.0, 1733.5], [786.0, 1733.5], [785.0, 1733.5], [784.5, 1733.0], [784.0, 1732.5], [783.0, 1732.5], [782.0, 1732.5], [781.0, 1732.5], [780.5, 1732.0], [780.0, 1731.5], [779.0, 1731.5], [778.0, 1731.5], [777.5, 1731.0], [777.0, 1730.5], [776.0, 1730.5], [775.5, 1730.0], [775.0, 1729.5], [774.0, 1729.5], [773.0, 1729.5], [772.5, 1729.0], [772.0, 1728.5], [771.0, 1728.5], [770.0, 1728.5], [769.5, 1728.0], [769.0, 1727.5], [768.0, 1727.5], [767.5, 1727.0], [767.0, 1726.5], [766.0, 1726.5], [765.0, 1726.5], [764.5, 1726.0], [764.0, 1725.5], [763.0, 1725.5], [762.5, 1725.0], [762.0, 1724.5], [761.5, 1724.0], [761.0, 1723.5], [760.0, 1723.5], [759.5, 1723.0], [759.0, 1722.5], [758.5, 1722.0], [758.0, 1721.5], [757.0, 1721.5], [756.5, 1721.0], [756.0, 1720.5], [755.5, 1720.0], [755.0, 1719.5], [754.5, 1719.0], [754.0, 1718.5], [753.5, 1718.0], [753.0, 1717.5], [752.5, 1717.0], [752.0, 1716.5], [751.5, 1716.0], [751.0, 1715.5], [750.0, 1715.5], [749.5, 1715.0], [749.0, 1714.5], [748.5, 1714.0], [748.0, 1713.5], [747.5, 1713.0], [747.0, 1712.5], [746.5, 1712.0], [746.0, 1711.5], [745.0, 1711.5], [744.5, 1711.0], [744.0, 1710.5], [743.0, 1710.5], [742.5, 1710.0], [742.0, 1709.5], [741.5, 1709.0], [741.0, 1708.5], [740.0, 1708.5], [739.5, 1708.0], [739.0, 1707.5], [738.5, 1707.0], [738.0, 1706.5], [737.5, 1706.0], [737.0, 1705.5], [736.5, 1705.0], [736.0, 1704.5], [735.5, 1704.0], [735.0, 1703.5], [734.0, 1703.5], [733.5, 1703.0], [733.0, 1702.5], [732.5, 1702.0], [732.0, 1701.5], [731.5, 1701.0], [731.0, 1700.5], [730.5, 1700.0], [730.0, 1699.5], [729.5, 1699.0], [729.0, 1698.5], [728.0, 1698.5], [727.5, 1698.0], [727.0, 1697.5], [726.5, 1697.0], [726.5, 1696.0], [726.0, 1695.5], [725.5, 1695.0], [725.0, 1694.5], [724.5, 1694.0], [724.0, 1693.5], [723.5, 1693.0], [723.0, 1692.5], [722.5, 1692.0], [722.0, 1691.5], [721.5, 1691.0], [721.0, 1690.5], [720.5, 1690.0], [720.5, 1689.0], [720.0, 1688.5], [719.5, 1688.0], [719.0, 1687.5], [718.5, 1687.0], [718.0, 1686.5], [717.5, 1686.0], [717.0, 1685.5], [716.5, 1685.0], [716.0, 1684.5], [715.5, 1684.0], [715.0, 1683.5], [714.5, 1683.0], [714.0, 1682.5], [713.5, 1682.0], [713.5, 1681.0], [713.0, 1680.5], [712.5, 1680.0], [712.5, 1679.0], [712.0, 1678.5], [711.5, 1678.0], [711.5, 1677.0], [711.0, 1676.5], [710.5, 1676.0], [710.5, 1675.0], [710.0, 1674.5], [709.5, 1674.0], [709.5, 1673.0], [709.0, 1672.5], [708.5, 1672.0], [708.5, 1671.0], [708.0, 1670.5], [707.5, 1670.0], [707.5, 1669.0], [707.0, 1668.5], [706.5, 1668.0], [706.5, 1667.0], [706.0, 1666.5], [705.5, 1666.0], [705.0, 1665.5], [704.5, 1665.0], [704.5, 1664.0], [704.0, 1663.5], [703.5, 1663.0], [703.5, 1662.0], [703.0, 1661.5], [702.5, 1661.0], [702.5, 1660.0], [702.5, 1659.0], [702.0, 1658.5], [701.5, 1658.0], [701.5, 1657.0], [701.5, 1656.0], [701.0, 1655.5], [700.5, 1655.0], [700.5, 1654.0], [700.5, 1653.0], [700.0, 1652.5], [699.5, 1652.0], [699.5, 1651.0], [699.5, 1650.0], [699.0, 1649.5], [698.5, 1649.0], [698.5, 1648.0], [698.5, 1647.0], [698.0, 1646.5], [697.5, 1646.0], [697.5, 1645.0], [697.5, 1644.0], [697.0, 1643.5], [696.5, 1643.0], [696.5, 1642.0], [696.5, 1641.0], [696.5, 1640.0], [696.5, 1639.0], [696.0, 1638.5], [695.5, 1638.0], [695.5, 1637.0], [695.5, 1636.0], [695.5, 1635.0], [696.0, 1634.5], [696.5, 1634.0], [696.5, 1633.0], [696.5, 1632.0], [696.5, 1631.0], [696.5, 1630.0], [696.0, 1629.5], [695.5, 1629.0], [695.5, 1628.0], [695.5, 1627.0], [695.0, 1626.5], [694.5, 1626.0], [694.5, 1625.0], [694.0, 1624.5], [693.5, 1624.0], [693.5, 1623.0], [693.5, 1622.0], [693.5, 1621.0], [693.0, 1620.5], [692.5, 1620.0], [692.5, 1619.0], [692.5, 1618.0], [693.0, 1617.5], [693.5, 1617.0], [693.5, 1616.0], [693.5, 1615.0], [693.5, 1614.0], [694.0, 1613.5], [694.5, 1613.0], [694.5, 1612.0], [694.5, 1611.0], [694.5, 1610.0], [695.0, 1609.5], [695.5, 1609.0], [695.5, 1608.0], [695.5, 1607.0], [695.5, 1606.0], [695.5, 1605.0], [695.5, 1604.0], [695.5, 1603.0], [695.5, 1602.0], [695.5, 1601.0], [695.5, 1600.0], [695.5, 1599.0], [695.5, 1598.0], [695.5, 1597.0], [695.5, 1596.0], [695.5, 1595.0], [695.5, 1594.0], [695.5, 1593.0], [695.5, 1592.0], [695.5, 1591.0], [696.0, 1590.5], [696.5, 1590.0], [696.5, 1589.0], [696.5, 1588.0], [696.5, 1587.0], [697.0, 1586.5], [697.5, 1586.0], [697.5, 1585.0], [697.5, 1584.0], [697.5, 1583.0], [698.0, 1582.5], [698.5, 1582.0], [698.5, 1581.0], [698.5, 1580.0], [699.0, 1579.5], [699.5, 1579.0], [699.5, 1578.0], [700.0, 1577.5], [700.5, 1577.0], [700.5, 1576.0], [700.5, 1575.0], [701.0, 1574.5], [701.5, 1574.0], [701.5, 1573.0], [701.5, 1572.0], [702.0, 1571.5], [702.5, 1571.0], [702.5, 1570.0], [703.0, 1569.5], [703.5, 1569.0], [704.0, 1568.5], [704.5, 1568.0], [704.5, 1567.0], [705.0, 1566.5], [705.5, 1566.0], [706.0, 1565.5], [707.0, 1565.5], [707.5, 1565.0], [708.0, 1564.5], [708.5, 1564.0], [709.0, 1563.5], [710.0, 1563.5], [710.5, 1563.0], [711.0, 1562.5], [712.0, 1562.5], [712.5, 1562.0], [713.0, 1561.5], [714.0, 1561.5], [714.5, 1561.0], [715.0, 1560.5], [715.5, 1560.0], [716.0, 1559.5], [717.0, 1559.5], [717.5, 1559.0], [718.0, 1558.5], [719.0, 1558.5], [719.5, 1558.0], [720.0, 1557.5], [721.0, 1557.5], [721.5, 1557.0], [722.0, 1556.5], [723.0, 1556.5], [723.5, 1556.0], [724.0, 1555.5], [725.0, 1555.5], [725.5, 1555.0], [726.0, 1554.5], [727.0, 1554.5], [727.5, 1554.0], [728.0, 1553.5], [729.0, 1553.5], [729.5, 1553.0], [730.0, 1552.5], [731.0, 1552.5], [732.0, 1552.5], [732.5, 1552.0], [733.0, 1551.5], [734.0, 1551.5], [735.0, 1551.5], [736.0, 1551.5], [737.0, 1551.5], [738.0, 1551.5], [739.0, 1551.5], [740.0, 1551.5], [741.0, 1551.5], [742.0, 1551.5], [742.5, 1552.0], [743.0, 1552.5], [744.0, 1552.5], [745.0, 1552.5], [745.5, 1553.0], [746.0, 1553.5], [747.0, 1553.5], [747.5, 1554.0], [748.0, 1554.5], [749.0, 1554.5], [749.5, 1555.0], [750.0, 1555.5], [751.0, 1555.5], [751.5, 1556.0], [752.0, 1556.5], [753.0, 1556.5], [753.5, 1557.0], [754.0, 1557.5], [755.0, 1557.5], [755.5, 1558.0], [756.0, 1558.5], [757.0, 1558.5], [758.0, 1558.5], [758.5, 1559.0], [759.0, 1559.5], [760.0, 1559.5], [761.0, 1559.5], [761.5, 1560.0], [762.0, 1560.5], [763.0, 1560.5], [764.0, 1560.5], [765.0, 1560.5], [765.5, 1560.0], [766.0, 1559.5], [767.0, 1559.5], [768.0, 1559.5], [768.5, 1559.0], [769.0, 1558.5], [770.0, 1558.5], [771.0, 1558.5], [771.5, 1558.0], [772.0, 1557.5], [773.0, 1557.5], [773.5, 1557.0], [774.0, 1556.5], [775.0, 1556.5], [776.0, 1556.5], [776.5, 1556.0], [777.0, 1555.5], [778.0, 1555.5], [779.0, 1555.5], [780.0, 1555.5], [781.0, 1555.5], [782.0, 1555.5], [783.0, 1555.5], [784.0, 1555.5], [785.0, 1555.5], [786.0, 1555.5], [787.0, 1555.5], [788.0, 1555.5], [789.0, 1555.5], [790.0, 1555.5], [790.5, 1556.0], [791.0, 1556.5], [792.0, 1556.5], [793.0, 1556.5], [794.0, 1556.5], [795.0, 1556.5], [796.0, 1556.5], [796.5, 1557.0], [797.0, 1557.5], [798.0, 1557.5], [799.0, 1557.5], [800.0, 1557.5], [801.0, 1557.5], [802.0, 1557.5], [802.5, 1557.0], [803.0, 1556.5], [804.0, 1556.5], [805.0, 1556.5], [806.0, 1556.5], [807.0, 1556.5], [808.0, 1556.5], [809.0, 1556.5], [810.0, 1556.5], [811.0, 1556.5], [812.0, 1556.5], [812.5, 1557.0], [813.0, 1557.5], [814.0, 1557.5], [815.0, 1557.5], [816.0, 1557.5], [816.5, 1558.0], [817.0, 1558.5], [818.0, 1558.5], [819.0, 1558.5], [820.0, 1558.5], [821.0, 1558.5], [821.5, 1559.0], [822.0, 1559.5], [823.0, 1559.5], [824.0, 1559.5], [825.0, 1559.5], [826.0, 1559.5], [826.5, 1560.0], [827.0, 1560.5], [828.0, 1560.5], [829.0, 1560.5], [830.0, 1560.5], [830.5, 1561.0], [831.0, 1561.5], [832.0, 1561.5], [833.0, 1561.5], [833.5, 1562.0], [834.0, 1562.5], [835.0, 1562.5], [835.5, 1563.0], [836.0, 1563.5], [837.0, 1563.5], [837.5, 1564.0], [838.0, 1564.5], [838.5, 1565.0], [839.0, 1565.5], [840.0, 1565.5], [840.5, 1566.0], [841.0, 1566.5], [841.5, 1567.0], [842.0, 1567.5], [842.5, 1568.0], [843.0, 1568.5], [843.5, 1569.0], [844.0, 1569.5], [845.0, 1569.5], [845.5, 1570.0], [846.0, 1570.5], [846.5, 1571.0], [847.0, 1571.5], [847.5, 1572.0], [848.0, 1572.5], [848.5, 1573.0], [849.0, 1573.5], [849.5, 1574.0], [850.0, 1574.5], [850.5, 1575.0], [851.0, 1575.5], [851.5, 1576.0], [852.0, 1576.5], [852.5, 1577.0], [853.0, 1577.5], [853.5, 1578.0], [853.5, 1579.0], [854.0, 1579.5], [854.5, 1580.0], [854.5, 1581.0], [855.0, 1581.5], [855.5, 1582.0], [856.0, 1582.5], [856.5, 1583.0], [856.5, 1584.0], [857.0, 1584.5], [857.5, 1585.0], [858.0, 1585.5], [858.5, 1586.0], [859.0, 1586.5], [859.5, 1587.0], [860.0, 1587.5], [860.5, 1588.0], [861.0, 1588.5], [861.5, 1589.0], [862.0, 1589.5], [862.5, 1590.0], [862.5, 1591.0], [863.0, 1591.5], [863.5, 1592.0], [864.0, 1592.5], [864.5, 1593.0], [865.0, 1593.5], [866.0, 1593.5], [866.5, 1594.0], [867.0, 1594.5], [867.5, 1595.0], [868.0, 1595.5], [868.5, 1596.0], [868.5, 1597.0], [869.0, 1597.5], [869.5, 1598.0], [870.0, 1598.5], [870.5, 1599.0], [871.0, 1599.5], [871.5, 1600.0], [872.0, 1600.5], [872.5, 1601.0], [872.5, 1602.0], [873.0, 1602.5], [873.5, 1603.0], [874.0, 1603.5], [874.5, 1604.0], [875.0, 1604.5], [875.5, 1605.0], [876.0, 1605.5], [876.5, 1606.0], [877.0, 1606.5], [877.5, 1607.0], [878.0, 1607.5], [878.5, 1608.0], [879.0, 1608.5], [879.5, 1609.0], [880.0, 1609.5], [880.5, 1610.0], [881.0, 1610.5], [882.0, 1610.5], [882.5, 1611.0], [883.0, 1611.5], [883.5, 1612.0], [884.0, 1612.5], [884.5, 1613.0], [885.0, 1613.5], [886.0, 1613.5], [886.5, 1614.0], [887.0, 1614.5], [887.5, 1615.0], [888.0, 1615.5], [888.5, 1616.0], [888.5, 1617.0], [889.0, 1617.5], [889.5, 1618.0], [890.0, 1618.5], [890.5, 1619.0], [890.5, 1620.0], [891.0, 1620.5], [891.5, 1621.0], [892.0, 1621.5], [892.5, 1622.0], [892.5, 1623.0], [893.0, 1623.5], [893.5, 1624.0], [893.5, 1625.0], [894.0, 1625.5], [894.5, 1626.0], [894.5, 1627.0], [894.5, 1628.0], [895.0, 1628.5], [895.5, 1629.0], [895.5, 1630.0], [896.0, 1630.5], [896.5, 1631.0], [896.5, 1632.0], [896.5, 1633.0], [897.0, 1633.5], [897.5, 1634.0], [897.5, 1635.0], [897.5, 1636.0], [898.0, 1636.5], [898.5, 1637.0], [898.5, 1638.0], [899.0, 1638.5], [899.5, 1639.0], [899.5, 1640.0], [899.5, 1641.0], [899.5, 1642.0], [900.0, 1642.5], [900.5, 1643.0], [900.5, 1644.0], [900.5, 1645.0], [900.5, 1646.0], [900.5, 1647.0], [900.5, 1648.0], [900.5, 1649.0], [901.0, 1649.5], [901.5, 1650.0], [901.5, 1651.0], [901.5, 1652.0], [901.5, 1653.0], [901.5, 1654.0], [901.5, 1655.0], [902.0, 1655.5], [902.5, 1656.0], [902.5, 1657.0], [902.5, 1658.0], [902.5, 1659.0], [902.5, 1660.0], [902.5, 1661.0], [903.0, 1661.5], [903.5, 1662.0], [903.5, 1663.0], [903.5, 1664.0], [903.5, 1665.0], [903.5, 1666.0], [903.5, 1667.0], [904.0, 1667.5], [904.5, 1668.0], [904.5, 1669.0], [904.5, 1670.0], [904.5, 1671.0], [904.5, 1672.0], [904.5, 1673.0], [904.5, 1674.0], [904.5, 1675.0], [905.0, 1675.5], [905.5, 1676.0], [905.5, 1677.0], [905.5, 1678.0], [905.5, 1679.0], [905.0, 1679.5], [904.5, 1680.0], [904.5, 1681.0], [904.5, 1682.0], [904.5, 1683.0], [904.5, 1684.0], [904.5, 1685.0], [904.5, 1686.0], [904.5, 1687.0], [904.0, 1687.5], [903.5, 1688.0], [903.5, 1689.0], [903.5, 1690.0], [903.5, 1691.0], [903.5, 1692.0], [903.0, 1692.5], [902.5, 1693.0], [902.5, 1694.0], [902.5, 1695.0], [902.0, 1695.5], [901.5, 1696.0], [901.5, 1697.0], [901.5, 1698.0], [901.0, 1698.5], [900.5, 1699.0], [900.5, 1700.0], [900.0, 1700.5], [899.5, 1701.0], [899.5, 1702.0], [899.0, 1702.5], [898.5, 1703.0], [898.0, 1703.5], [897.5, 1704.0], [897.5, 1705.0], [897.0, 1705.5], [896.5, 1706.0], [896.0, 1706.5], [895.5, 1707.0], [895.0, 1707.5], [894.5, 1708.0], [894.0, 1708.5], [893.5, 1709.0], [893.5, 1710.0], [893.0, 1710.5], [892.5, 1711.0], [892.0, 1711.5], [891.5, 1712.0], [891.0, 1712.5], [890.5, 1713.0], [890.0, 1713.5], [889.5, 1714.0], [889.5, 1715.0], [889.0, 1715.5], [888.5, 1716.0], [888.0, 1716.5], [887.0, 1716.5], [886.5, 1717.0], [886.0, 1717.5], [885.5, 1718.0], [885.0, 1718.5], [884.5, 1719.0], [884.0, 1719.5], [883.0, 1719.5], [882.5, 1720.0], [882.0, 1720.5], [881.0, 1720.5], [880.0, 1720.5], [879.5, 1721.0], [879.0, 1721.5], [878.0, 1721.5], [877.0, 1721.5], [876.5, 1722.0], [876.0, 1722.5], [875.0, 1722.5], [874.0, 1722.5], [873.5, 1723.0], [873.0, 1723.5], [872.0, 1723.5], [871.0, 1723.5], [870.5, 1724.0], [870.0, 1724.5], [869.0, 1724.5], [868.0, 1724.5], [867.0, 1724.5], [866.0, 1724.5], [865.0, 1724.5], [864.0, 1724.5], [863.0, 1724.5], [862.0, 1724.5], [861.0, 1724.5], [860.5, 1725.0], [860.0, 1725.5], [859.0, 1725.5], [858.0, 1725.5], [857.0, 1725.5], [856.0, 1725.5], [855.0, 1725.5], [854.5, 1726.0], [854.0, 1726.5], [853.0, 1726.5], [852.0, 1726.5], [851.0, 1726.5], [850.0, 1726.5], [849.0, 1726.5], [848.0, 1726.5], [847.0, 1726.5], [846.0, 1726.5], [845.0, 1726.5], [844.0, 1726.5], [843.0, 1726.5], [842.0, 1726.5], [841.5, 1727.0], [841.0, 1727.5], [840.0, 1727.5], [839.0, 1727.5], [838.5, 1728.0], [838.0, 1728.5], [837.0, 1728.5], [836.0, 1728.5], [835.5, 1729.0], [835.0, 1729.5], [834.0, 1729.5], [833.0, 1729.5], [832.0, 1729.5], [831.5, 1730.0], [831.0, 1730.5], [830.0, 1730.5], [829.0, 1730.5], [828.0, 1730.5], [827.0, 1730.5], [826.5, 1731.0], [826.0, 1731.5], [825.0, 1731.5], [824.0, 1731.5], [823.0, 1731.5], [822.5, 1732.0], [822.0, 1732.5], [821.0, 1732.5], [820.0, 1732.5], [819.0, 1732.5], [818.0, 1732.5], [817.5, 1733.0], [817.0, 1733.5], [816.0, 1733.5], [815.0, 1733.5], [814.5, 1734.0], [814.0, 1734.5], [813.0, 1734.5], [812.0, 1734.5], [811.0, 1734.5], [810.5, 1735.0], [810.0, 1735.5]]]}}, {"type": "Feature", "properties": {"label": 23, "area_px": 8302}, "geometry": {"type": "Polygon", "coordinates": [[[878.0, 1942.5], [877.0, 1942.5], [876.0, 1942.5], [875.0, 1942.5], [874.0, 1942.5], [873.0, 1942.5], [872.0, 1942.5], [871.0, 1942.5], [870.0, 1942.5], [869.0, 1942.5], [868.0, 1942.5], [867.0, 1942.5], [866.0, 1942.5], [865.5, 1942.0], [865.0, 1941.5], [864.0, 1941.5], [863.0, 1941.5], [862.5, 1941.0], [862.0, 1940.5], [861.0, 1940.5], [860.5, 1940.0], [860.0, 1939.5], [859.0, 1939.5], [858.5, 1939.0], [858.0, 1938.5], [857.5, 1938.0], [857.5, 1937.0], [857.0, 1936.5], [856.5, 1936.0], [856.0, 1935.5], [855.5, 1935.0], [855.0, 1934.5], [854.5, 1934.0], [854.5, 1933.0], [854.0, 1932.5], [853.5, 1932.0], [853.0, 1931.5], [852.5, 1931.0], [852.5, 1930.0], [852.0, 1929.5], [851.5, 1929.0], [851.5, 1928.0], [851.0, 1927.5], [850.5, 1927.0], [850.5, 1926.0], [850.5, 1925.0], [850.0, 1924.5], [849.5, 1924.0], [849.5, 1923.0], [849.5, 1922.0], [849.0, 1921.5], [848.5, 1921.0], [848.5, 1920.0], [848.5, 1919.0], [848.0, 1918.5], [847.5, 1918.0], [847.5, 1917.0], [847.0, 1916.5], [846.5, 1916.0], [846.5, 1915.0], [846.5, 1914.0], [846.0, 1913.5], [845.5, 1913.0], [845.5, 1912.0], [845.5, 1911.0], [845.0, 1910.5], [844.5, 1910.0], [844.5, 1909.0], [844.5, 1908.0], [844.0, 1907.5], [843.5, 1907.0], [843.0, 1906.5], [842.5, 1906.0], [842.5, 1905.0], [842.0, 1904.5], [841.5, 1904.0], [841.0, 1903.5], [840.0, 1903.5], [839.5, 1903.0], [839.0, 1902.5], [838.5, 1902.0], [838.0, 1901.5], [837.0, 1901.5], [836.5, 1901.0], [836.0, 1900.5], [835.0, 1900.5], [834.0, 1900.5], [833.5, 1900.0], [833.0, 1899.5], [832.0, 1899.5], [831.0, 1899.5], [830.5, 1899.0], [830.0, 1898.5], [829.0, 1898.5], [828.0, 1898.5], [827.5, 1898.0], [827.0, 1897.5], [826.0, 1897.5], [825.5, 1897.0], [825.0, 1896.5], [824.5, 1896.0], [824.0, 1895.5], [823.5, 1895.0], [823.0, 1894.5], [822.5, 1894.0], [822.0, 1893.5], [821.5, 1893.0], [821.0, 1892.5], [820.5, 1892.0], [820.0, 1891.5], [819.5, 1891.0], [819.5, 1890.0], [819.0, 1889.5], [818.5, 1889.0], [818.5, 1888.0], [818.0, 1887.5], [817.5, 1887.0], [817.5, 1886.0], [817.5, 1885.0], [817.0, 1884.5], [816.5, 1884.0], [816.5, 1883.0], [816.5, 1882.0], [816.0, 1881.5], [815.5, 1881.0], [815.5, 1880.0], [815.5, 1879.0], [815.5, 1878.0], [815.5, 1877.0], [815.0, 1876.5], [814.5, 1876.0], [814.5, 1875.0], [814.5, 1874.0], [814.5, 1873.0], [814.0, 1872.5], [813.5, 1872.0], [813.5, 1871.0], [813.5, 1870.0], [813.5, 1869.0], [813.0, 1868.5], [812.5, 1868.0], [812.5, 1867.0], [812.5, 1866.0], [812.5, 1865.0], [812.5, 1864.0], [812.5, 1863.0], [812.5, 1862.0], [812.5, 1861.0], [812.5, 1860.0], [812.5, 1859.0], [812.5, 1858.0], [813.0, 1857.5], [813.5, 1857.0], [813.5, 1856.0], [813.5, 1855.0], [813.5, 1854.0], [814.0, 1853.5], [814.5, 1853.0], [814.5, 1852.0], [814.5, 1851.0], [814.5, 1850.0], [814.5, 1849.0], [814.5, 1848.0], [814.5, 1847.0], [814.0, 1846.5], [813.5, 1846.0], [813.5, 1845.0], [813.5, 1844.0], [813.0, 1843.5], [812.5, 1843.0], [812.5, 1842.0], [812.0, 1841.5], [811.5, 1841.0], [811.5, 1840.0], [811.5, 1839.0], [811.5, 1838.0], [811.5, 1837.0], [811.5, 1836.0], [812.0, 1835.5], [812.5, 1835.0], [812.5, 1834.0], [813.0, 1833.5], [813.5, 1833.0], [814.0, 1832.5], [814.5, 1832.0], [815.0, 1831.5], [815.5, 1831.0], [816.0, 1830.5], [817.0, 1830.5], [817.5, 1830.0], [818.0, 1829.5], [819.0, 1829.5], [819.5, 1829.0], [820.0, 1828.5], [820.5, 1828.0], [821.0, 1827.5], [821.5, 1827.0], [821.5, 1826.0], [822.0, 1825.5], [822.5, 1825.0], [823.0, 1824.5], [823.5, 1824.0], [823.5, 1823.0], [824.0, 1822.5], [824.5, 1822.0], [824.5, 1821.0], [825.0, 1820.5], [825.5, 1820.0], [826.0, 1819.5], [826.5, 1819.0], [826.5, 1818.0], [827.0, 1817.5], [828.0, 1817.5], [828.5, 1817.0], [829.0, 1816.5], [830.0, 1816.5], [830.5, 1816.0], [831.0, 1815.5], [832.0, 1815.5], [833.0, 1815.5], [834.0, 1815.5], [835.0, 1815.5], [836.0, 1815.5], [837.0, 1815.5], [838.0, 1815.5], [838.5, 1816.0], [839.0, 1816.5], [840.0, 1816.5], [840.5, 1817.0], [841.0, 1817.5], [841.5, 1818.0], [842.0, 1818.5], [842.5, 1819.0], [843.0, 1819.5], [843.5, 1820.0], [844.0, 1820.5], [845.0, 1820.5], [845.5, 1821.0], [846.0, 1821.5], [847.0, 1821.5], [848.0, 1821.5], [848.5, 1822.0], [849.0, 1822.5], [850.0, 1822.5], [851.0, 1822.5], [851.5, 1823.0], [852.0, 1823.5], [853.0, 1823.5], [853.5, 1824.0], [854.0, 1824.5], [855.0, 1824.5], [855.5, 1825.0], [856.0, 1825.5], [856.5, 1826.0], [857.0, 1826.5], [857.5, 1827.0], [858.0, 1827.5], [858.5, 1828.0], [859.0, 1828.5], [860.0, 1828.5], [860.5, 1829.0], [861.0, 1829.5], [861.5, 1830.0], [862.0, 1830.5], [863.0, 1830.5], [863.5, 1831.0], [864.0, 1831.5], [864.5, 1832.0], [865.0, 1832.5], [866.0, 1832.5], [866.5, 1833.0], [867.0, 1833.5], [867.5, 1834.0], [868.0, 1834.5], [868.5, 1835.0], [869.0, 1835.5], [869.5, 1836.0], [870.0, 1836.5], [870.5, 1837.0], [870.5, 1838.0], [871.0, 1838.5], [871.5, 1839.0], [871.5, 1840.0], [872.0, 1840.5], [872.5, 1841.0], [872.5, 1842.0], [872.5, 1843.0], [873.0, 1843.5], [873.5, 1844.0], [873.5, 1845.0], [873.5, 1846.0], [874.0, 1846.5], [874.5, 1847.0], [874.5, 1848.0], [875.0, 1848.5], [875.5, 1849.0], [876.0, 1849.5], [877.0, 1849.5], [878.0, 1849.5], [878.5, 1850.0], [879.0, 1850.5], [880.0, 1850.5], [881.0, 1850.5], [881.5, 1851.0], [882.0, 1851.5], [883.0, 1851.5], [884.0, 1851.5], [884.5, 1852.0], [885.0, 1852.5], [886.0, 1852.5], [886.5, 1853.0], [887.0, 1853.5], [888.0, 1853.5], [888.5, 1854.0], [889.0, 1854.5], [890.0, 1854.5], [890.5, 1855.0], [891.0, 1855.5], [892.0, 1855.5], [892.5, 1856.0], [893.0, 1856.5], [893.5, 1857.0], [894.0, 1857.5], [895.0, 1857.5], [895.5, 1858.0], [896.0, 1858.5], [896.5, 1859.0], [897.0, 1859.5], [897.5, 1860.0], [898.0, 1860.5], [898.5, 1861.0], [899.0, 1861.5], [899.5, 1862.0], [900.0, 1862.5], [901.0, 1862.5], [901.5, 1863.0], [902.0, 1863.5], [902.5, 1864.0], [903.0, 1864.5], [903.5, 1865.0], [903.5, 1866.0], [904.0, 1866.5], [904.5, 1867.0], [905.0, 1867.5], [905.5, 1868.0], [906.0, 1868.5], [906.5, 1869.0], [906.5, 1870.0], [907.0, 1870.5], [907.5, 1871.0], [908.0, 1871.5], [908.5, 1872.0], [908.5, 1873.0], [909.0, 1873.5], [909.5, 1874.0], [909.5, 1875.0], [910.0, 1875.5], [910.5, 1876.0], [910.5, 1877.0], [911.0, 1877.5], [911.5, 1878.0], [911.5, 1879.0], [911.5, 1880.0], [912.0, 1880.5], [912.5, 1881.0], [912.5, 1882.0], [912.5, 1883.0], [913.0, 1883.5], [913.5, 1884.0], [913.5, 1885.0], [914.0, 1885.5], [914.5, 1886.0], [914.5, 1887.0], [914.5, 1888.0], [915.0, 1888.5], [915.5, 1889.0], [915.5, 1890.0], [915.5, 1891.0], [915.5, 1892.0], [916.0, 1892.5], [916.5, 1893.0], [916.5, 1894.0], [916.5, 1895.0], [916.5, 1896.0], [916.5, 1897.0], [916.5, 1898.0], [916.5, 1899.0], [916.5, 1900.0], [916.5, 1901.0], [916.5, 1902.0], [916.5, 1903.0], [916.5, 1904.0], [916.5, 1905.0], [916.0, 1905.5], [915.5, 1906.0], [915.5, 1907.0], [915.5, 1908.0], [915.5, 1909.0], [915.5, 1910.0], [915.0, 1910.5], [914.5, 1911.0], [914.5, 1912.0], [914.0, 1912.5], [913.5, 1913.0], [913.0, 1913.5], [912.5, 1914.0], [912.0, 1914.5], [911.5, 1915.0], [911.0, 1915.5], [910.5, 1916.0], [910.0, 1916.5], [909.5, 1917.0], [909.0, 1917.5], [908.5, 1918.0], [908.0, 1918.5], [907.5, 1919.0], [907.0, 1919.5], [906.5, 1920.0], [906.0, 1920.5], [905.5, 1921.0], [905.0, 1921.5], [904.0, 1921.5], [903.5, 1922.0], [903.0, 1922.5], [902.0, 1922.5], [901.5, 1923.0], [901.0, 1923.5], [900.5, 1924.0], [900.0, 1924.5], [899.0, 1924.5], [898.5, 1925.0], [898.0, 1925.5], [897.5, 1926.0], [897.0, 1926.5], [896.5, 1927.0], [896.5, 1928.0], [896.0, 1928.5], [895.5, 1929.0], [895.5, 1930.0], [895.0, 1930.5], [894.5, 1931.0], [894.0, 1931.5], [893.5, 1932.0], [893.0, 1932.5], [892.5, 1933.0], [892.0, 1933.5], [891.5, 1934.0], [891.0, 1934.5], [890.5, 1935.0], [890.0, 1935.5], [889.0, 1935.5], [888.5, 1936.0], [888.0, 1936.5], [887.5, 1937.0], [887.0, 1937.5], [886.0, 1937.5], [885.5, 1938.0], [885.0, 1938.5], [884.5, 1939.0], [884.0, 1939.5], [883.0, 1939.5], [882.5, 1940.0], [882.0, 1940.5], [881.0, 1940.5], [880.5, 1941.0], [880.0, 1941.5], [879.0, 1941.5], [878.5, 1942.0], [878.0, 1942.5]]]}}]}