{"type": "FeatureCollection", "features": [{"type": "Feature", "properties": {"label": 1, "method": "skeleton_longest_path"}, "geometry": {"type": "LineString", "coordinates": [[777.5278640450007, 79.7639320225002], [778.4222912360005, 80.21114561800016], [779.3167184270004, 80.65835921350012], [780.2111456180003, 81.10557280900008], [781.1055728090001, 81.55278640450004], [782.0, 82.0], [783.0, 83.0], [784.0, 83.0], [785.0, 83.0], [786.0, 84.0], [787.0, 84.0], [788.0, 85.0], [789.0, 85.0], [790.0, 86.0], [791.0, 87.0], [792.0, 88.0], [793.0, 89.0], [794.0, 89.0], [795.0, 90.0], [796.0, 90.0], [797.0, 90.0], [798.0, 91.0], [799.0, 91.0], [800.0, 92.0], [801.0, 92.0], [802.0, 93.0], [803.0, 93.0], [804.0, 93.0], [805.0, 93.0], [806.0, 93.0], [807.0, 93.0], [808.0, 93.0], [809.0, 93.0], [810.0, 93.0], [811.0, 93.0], [812.0, 92.0], [813.0, 92.0], [814.0, 92.0], [815.0, 91.0], [816.0, 91.0], [817.0, 91.0], [818.0, 91.0], [819.0, 90.0], [820.0, 90.0], [821.0, 90.0], [822.0, 90.0], [823.0, 89.0], [824.0, 89.0], [825.0, 89.0], [826.0, 89.0], [827.0, 89.0], [828.0, 89.0], [829.0, 89.0], [830.0, 89.0], [831.0, 89.0], [832.0, 89.0], [833.0, 89.0], [834.0, 89.0], [835.0, 89.0], [836.0, 90.0], [837.0, 91.0], [838.0, 91.0], [839.0, 92.0], [840.0, 92.0], [841.0, 93.0], [842.0, 94.0], [843.0, 94.0], [844.0, 95.0], [845.0, 95.0], [846.0, 96.0], [847.0, 96.0], [848.0, 97.0], [849.0, 98.0], [850.0, 98.0], [851.0, 99.0], [852.0, 99.0], [853.0, 100.0], [854.0, 101.0], [855.0, 101.0], [856.0, 102.0], [857.0, 102.0], [858.0, 102.0], [859.0, 103.0], [860.0, 104.0], [861.0, 104.0], [862.0, 105.0], [863.0, 105.0], [864.0, 106.0], [865.0, 106.0], [866.0, 107.0], [867.0, 107.0], [868.0, 108.0], [869.0, 108.0], [870.0, 109.0], [871.0, 110.0], [872.0, 110.0], [873.0, 110.0], [874.0, 111.0], [875.0, 111.0], [876.0, 112.0], [877.0, 112.0], [878.0, 112.0], [879.0, 112.0], [880.0, 113.0], [881.0, 113.0], [882.0, 113.0], [883.0, 114.0], [884.0, 114.0], [885.0, 114.0], [886.0, 114.0], [887.0, 115.0], [888.0, 115.0], [889.0, 115.0], [890.0, 115.0], [891.0, 115.0], [892.0, 115.0], [893.0, 115.0], [894.0, 116.0], [895.0, 116.0], [896.0, 116.0], [897.0, 115.0], [898.0, 115.0], [899.0, 115.0], [900.0, 115.0], [901.0, 115.0], [902.0, 115.0], [903.0, 115.0], [904.0, 115.0], [905.0, 115.0], [906.0, 115.0], [907.0, 115.0], [908.0, 116.0], [909.0, 116.0], [910.0, 116.0], [911.0, 116.0], [912.0, 116.0], [913.0, 116.0], [914.0, 117.0], [915.0, 117.0], [916.0, 117.0], [917.0, 117.0], [918.0, 117.0], [919.0, 117.0], [920.0, 117.0], [921.0, 118.0], [922.0, 118.0], [923.0, 118.0], [924.0, 118.0], [925.0, 118.0], [926.0, 118.0], [927.0, 118.0], [928.0, 118.0], [929.0, 119.0], [930.0, 119.0], [931.0, 119.0], [932.0, 119.0], [933.0, 119.0], [934.0, 119.0], [935.0, 119.0], [936.0, 119.0], [937.0, 119.0], [938.0, 119.0], [939.0, 119.0], [940.0, 119.0], [941.0, 119.0], [942.0, 119.0], [943.0, 119.0], [944.0, 119.0], [945.0, 119.0], [946.0, 119.0], [947.0, 119.0], [948.0, 119.0], [949.0, 119.0], [950.0, 119.0], [951.0, 119.0], [952.0, 119.0], [953.0, 119.0], [954.0, 119.0], [955.0, 119.0], [956.0, 119.0], [957.0, 119.0], [958.0, 120.0], [959.0, 120.0], [960.0, 120.0], [961.0, 120.0], [962.0, 120.0], [963.0, 121.0], [964.0, 121.0], [965.0, 121.0], [966.0, 121.0], [967.0, 121.0], [968.0, 122.0], [969.0, 122.0], [970.0, 122.0], [971.0, 122.0], [972.0, 123.0], [973.0, 123.0], [974.0, 123.0], [975.0, 124.0], [976.0, 124.0], [977.0, 125.0], [978.0, 125.0], [979.0, 126.0], [980.0, 126.0], [981.0, 126.0], [982.0, 127.0], [983.0, 127.0], [984.0, 127.0], [985.0, 128.0], [986.0, 128.0], [987.0, 128.0], [988.0, 129.0], [989.0, 129.0], [990.0, 130.0], [991.0, 130.0], [992.0, 130.0], [993.0, 131.0], [994.0, 131.0], [995.0, 132.0], [996.0, 132.0], [997.0, 132.0], [998.0, 133.0], [999.0, 133.0], [1000.0, 134.0], [1001.0, 134.0], [1002.0, 135.0], [1003.0, 135.0], [1004.0, 136.0], [1005.0, 136.0], [1006.0, 137.0], [1007.0, 138.0], [1008.0, 139.0], [1009.0, 139.0], [1010.0, 140.0], [1011.0, 141.0], [1012.0, 141.0], [1013.0, 142.0], [1014.0, 143.0], [1015.0, 144.0], [1016.0, 145.0], [1017.0, 146.0], [1018.0, 146.0], [1019.0, 147.0], [1020.0, 147.0], [1021.0, 148.0], [1022.0, 149.0], [1023.0, 150.0], [1024.0, 150.0], [1025.0, 151.0], [1026.0, 152.0], [1026.0, 153.0], [1026.0, 154.0], [1027.0, 155.0], [1028.0, 156.0], [1029.0, 157.0], [1030.0, 158.0], [1031.0, 158.0], [1032.0, 158.0], [1033.0, 158.0], [1034.0, 159.0], [1035.0, 159.0], [1035.894427191, 159.44721359549996], [1036.788854382, 159.89442719099992], [1037.683281573, 160.34164078649988], [1038.577708764, 160.78885438199984], [1039.4721359549999, 161.2360679774998], [1040.3665631459999, 161.68328157299976], [1041.2609903369998, 162.13049516849972], [1042.1554175279998, 162.57770876399968], [1043.0498447189998, 163.02492235949964], [1043.9442719099998, 163.4721359549996], [1044.8386991009997, 163.91934955049956], [1045.7331262919997, 164.36656314599952], [1046.6275534829997, 164.81377674149948], [1047.5219806739997, 165.26099033699944], [1048.4164078649997, 165.7082039324994], [1049.3108350559996, 166.15541752799936], [1050.2052622469996, 166.60263112349932], [1051.0996894379996, 167.04984471899928], [1051.9941166289996, 167.49705831449924], [1052.8885438199995, 167.9442719099992], [1053.7829710109995, 168.39148550549916], [1054.6773982019995, 168.83869910099912], [1055.5718253929995, 169.28591269649908], [1056.4662525839994, 169.73312629199904], [1057.3606797749994, 170.180339887499], [1058.2551069659994, 170.62755348299896], [1059.1495341569994, 171.07476707849892], [1060.0439613479994, 171.52198067399888], [1060.9383885389993, 171.96919426949884], [1061.8328157299993, 172.4164078649988]]}}, {"type": "Feature", "properties": {"label": 1, "method": "geodesic_dt"}, "geometry": {"type": "LineString", "coordinates": [[1062.0, 174.0], [1061.0, 173.0], [1060.0, 173.0], [1059.0, 172.0], [1058.0, 172.0], [1057.0, 172.0], [1056.0, 172.0], [1055.0, 171.0], [1054.0, 171.0], [1053.0, 171.0], [1052.0, 170.0], [1051.0, 170.0], [1050.0, 170.0], [1049.0, 169.0], [1048.0, 169.0], [1047.0, 169.0], [1046.0, 168.0], [1045.0, 167.0], [1044.0, 166.0], [1043.0, 165.0], [1042.0, 164.0], [1041.0, 163.0], [1040.0, 162.0], [1039.0, 161.0], [1038.0, 160.0], [1037.0, 159.0], [1036.0, 158.0], [1035.0, 158.0], [1034.0, 157.0], [1033.0, 156.0], [1032.0, 155.0], [1031.0, 155.0], [1030.0, 154.0], [1029.0, 154.0], [1028.0, 153.0], [1027.0, 153.0], [1026.0, 152.0], [1025.0, 152.0], [1024.0, 151.0], [1023.0, 151.0], [1022.0, 150.0], [1021.0, 149.0], [1020.0, 148.0], [1019.0, 147.0], [1018.0, 146.0], [1017.0, 146.0], [1016.0, 145.0], [1015.0, 144.0], [1014.0, 144.0], [1013.0, 143.0], [1012.0, 143.0], [1011.0, 142.0], [1010.0, 141.0], [1009.0, 140.0], [1008.0, 140.0], [1007.0, 139.0], [1006.0, 138.0], [1005.0, 138.0], [1004.0, 137.0], [1003.0, 136.0], [1002.0, 136.0], [1001.0, 135.0], [1000.0, 135.0], [999.0, 134.0], [998.0, 134.0], [997.0, 133.0], [996.0, 132.0], [995.0, 132.0], [994.0, 131.0], [993.0, 131.0], [992.0, 130.0], [991.0, 130.0], [990.0, 129.0], [989.0, 129.0], [988.0, 128.0], [987.0, 128.0], [986.0, 127.0], [985.0, 127.0], [984.0, 127.0], [983.0, 126.0], [982.0, 126.0], [981.0, 125.0], [980.0, 125.0], [979.0, 124.0], [978.0, 124.0], [977.0, 124.0], [976.0, 123.0], [975.0, 123.0], [974.0, 122.0], [973.0, 122.0], [972.0, 122.0], [971.0, 122.0], [970.0, 122.0], [969.0, 122.0], [968.0, 122.0], [967.0, 122.0], [966.0, 122.0], [965.0, 121.0], [964.0, 121.0], [963.0, 121.0], [962.0, 121.0], [961.0, 121.0], [960.0, 121.0], [959.0, 121.0], [958.0, 120.0], [957.0, 120.0], [956.0, 120.0], [955.0, 120.0], [954.0, 119.0], [953.0, 119.0], [952.0, 119.0], [951.0, 119.0], [950.0, 118.0], [949.0, 118.0], [948.0, 118.0], [947.0, 118.0], [946.0, 118.0], [945.0, 117.0], [944.0, 117.0], [943.0, 117.0], [942.0, 117.0], [941.0, 117.0], [940.0, 117.0], [939.0, 116.0], [938.0, 116.0], [937.0, 116.0], [936.0, 116.0], [935.0, 116.0], [934.0, 116.0], [933.0, 116.0], [932.0, 116.0], [931.0, 116.0], [930.0, 116.0], [929.0, 116.0], [928.0, 116.0], [927.0, 116.0], [926.0, 116.0], [925.0, 116.0], [924.0, 116.0], [923.0, 116.0], [922.0, 116.0], [921.0, 116.0], [920.0, 116.0], [919.0, 117.0], [918.0, 117.0], [917.0, 117.0], [916.0, 117.0], [915.0, 117.0], [914.0, 118.0], [913.0, 118.0], [912.0, 118.0], [911.0, 118.0], [910.0, 118.0], [909.0, 118.0], [908.0, 118.0], [907.0, 118.0], [906.0, 118.0], [905.0, 118.0], [904.0, 118.0], [903.0, 118.0], [902.0, 118.0], [901.0, 118.0], [900.0, 117.0], [899.0, 117.0], [898.0, 117.0], [897.0, 117.0], [896.0, 116.0], [895.0, 116.0], [894.0, 116.0], [893.0, 116.0], [892.0, 115.0], [891.0, 115.0], [890.0, 115.0], [889.0, 114.0], [888.0, 114.0], [887.0, 114.0], [886.0, 114.0], [885.0, 113.0], [884.0, 113.0], [883.0, 113.0], [882.0, 113.0], [881.0, 112.0], [880.0, 112.0], [879.0, 112.0], [878.0, 112.0], [877.0, 111.0], [876.0, 111.0], [875.0, 110.0], [874.0, 110.0], [873.0, 110.0], [872.0, 109.0], [871.0, 109.0], [870.0, 108.0], [869.0, 108.0], [868.0, 107.0], [867.0, 106.0], [866.0, 106.0], [865.0, 105.0], [864.0, 105.0], [863.0, 104.0], [862.0, 104.0], [861.0, 103.0], [860.0, 103.0], [859.0, 102.0], [858.0, 102.0], [857.0, 101.0], [856.0, 101.0], [855.0, 101.0], [854.0, 100.0], [853.0, 100.0], [852.0, 99.0], [851.0, 99.0], [850.0, 98.0], [849.0, 98.0], [848.0, 97.0], [847.0, 97.0], [846.0, 96.0], [845.0, 96.0], [844.0, 95.0], [843.0, 95.0], [842.0, 94.0], [841.0, 94.0], [840.0, 93.0], [839.0, 93.0], [838.0, 92.0], [837.0, 92.0], [836.0, 91.0], [835.0, 91.0], [834.0, 91.0], [833.0, 91.0], [832.0, 91.0], [831.0, 90.0], [830.0, 90.0], [829.0, 90.0], [828.0, 89.0], [827.0, 89.0], [826.0, 89.0], [825.0, 89.0], [824.0, 89.0], [823.0, 89.0], [822.0, 89.0], [821.0, 90.0], [820.0, 90.0], [819.0, 90.0], [818.0, 90.0], [817.0, 90.0], [816.0, 90.0], [815.0, 90.0], [814.0, 90.0], [813.0, 90.0], [812.0, 90.0], [811.0, 90.0], [810.0, 90.0], [809.0, 90.0], [808.0, 90.0], [807.0, 90.0], [806.0, 90.0], [805.0, 90.0], [804.0, 90.0], [803.0, 90.0], [802.0, 90.0], [801.0, 90.0], [800.0, 89.0], [799.0, 89.0], [798.0, 89.0], [797.0, 89.0], [796.0, 88.0], [795.0, 88.0], [794.0, 88.0], [793.0, 87.0], [792.0, 87.0], [791.0, 87.0], [790.0, 86.0], [789.0, 86.0], [788.0, 85.0], [787.0, 85.0], [786.0, 85.0], [785.0, 84.0], [784.0, 84.0], [783.0, 83.0], [782.0, 83.0], [781.0, 82.0], [780.0, 82.0], [779.0, 82.0], [778.0, 82.0], [777.0, 81.0]]}}, {"type": "Feature", "properties": {"label": 1, "method": "smoothed_spline"}, "geometry": {"type": "LineString", "coordinates": [[1059.4169427341853, 180.657805775321], [1058.3579510888892, 179.22127530158005], [1057.2895205349212, 177.80855086669192], [1056.2117496053477, 176.4193941249285], [1055.124736833237, 175.05356673056178], [1054.0285807516539, 173.7108303378635], [1052.9233798936673, 172.39094660110578], [1051.8092327923441, 171.0936771745606], [1050.6862379807505, 169.8187837124998], [1049.5544939919548, 168.56602786919535], [1048.4140993590224, 167.33517129891916], [1047.2651526150216, 166.12597565594317], [1046.1077522930193, 164.93820259453946], [1044.9419969260823, 163.77161376897982], [1043.7679850472782, 162.62597083353626], [1042.585815189673, 161.50103544248066], [1041.3955858863346, 160.39656925008498], [1040.19739567033, 159.31233391062125], [1038.991343074726, 158.24809107836128], [1037.77752663259, 157.20360240757716], [1036.5560448769886, 156.1786295525407], [1035.3269963409894, 155.17293416752392], [1034.090479557659, 154.18627790679867], [1032.8465930600646, 153.218422424637], [1031.5954353812735, 152.26912937531083], [1030.3371050543522, 151.338160413092], [1029.0717006123682, 150.42527719225257], [1027.7993205883886, 149.53024136706443], [1026.5200635154806, 148.6528145917995], [1025.2340279267107, 147.79275852072985], [1023.9413123551466, 146.9498348081273], [1022.6420153338544, 146.12380510826375], [1021.336235395902, 145.31443107541122], [1020.0240710743566, 144.5214743638417], [1018.7056209022846, 143.744696627827], [1017.3809834127537, 142.98385952163918], [1016.0502571388304, 142.23872469955015], [1014.7135406135818, 141.50905381583178], [1013.3709323700755, 140.79460852475606], [1012.022530941378, 140.09515048059498], [1010.6684348605569, 139.41044133762045], [1009.3087426606785, 138.74024275010436], [1007.9435528748106, 138.0843163723187], [1006.5729640360202, 137.44242385853545], [1005.1970746773737, 136.81432686302648], [1003.8159833319389, 136.19978704006377], [1002.4297885327824, 135.59856604391925], [1001.038588812971, 135.01042552886477], [999.642482705573, 134.4351271491725], [998.2415687436543, 133.87243255911417], [996.835945460282, 133.3221034129618], [995.425711388524, 132.78390136498737], [994.0109650614465, 132.2575880694627], [992.5918050121169, 131.7429251806599], [991.1683297736022, 131.23967435285078], [989.7406378789698, 130.74759724030733], [988.3088278612861, 130.26645549730148], [986.8729982536189, 129.7960107781052], [985.4332475890345, 129.3360247369904], [983.9896744006006, 128.88625902822898], [982.5423772213841, 128.44647530609302], [981.0914545844516, 128.0164352248543], [979.637005022871, 127.59590043878488], [978.1791270697087, 127.18463260215663], [976.717919258032, 126.78239336924153], [975.253480120908, 126.38894439431152], [973.7859081914037, 126.00404733163853], [972.3153020025858, 125.62746383549448], [970.8417600875221, 125.25895556015135], [969.3653809792792, 124.89828415988106], [967.8862632109242, 124.54521128895557], [966.4045053155244, 124.19949860164684], [964.9202058261465, 123.86090775222674], [963.4334632758575, 123.52920039496723], [961.9443761977248, 123.2041381841403], [960.4530431248155, 122.8854827740179], [958.9595625901965, 122.5729958188719], [957.4640331269347, 122.26643897297429], [955.9665532680974, 121.965573890597], [954.4672215467517, 121.67016222601197], [952.9661364959645, 121.37996563349117], [951.4633966488029, 121.09474576730648], [949.959100538334, 120.81426428172989], [948.453346697625, 120.53828283103333], [946.9462336597426, 120.26656306948874], [945.4378599577542, 119.99886665136806], [943.9283241247265, 119.73495523094324], [942.4177246937269, 119.4745904624862], [940.9061601978225, 119.21753400026893], [939.3937291700798, 118.96354749856329], [937.8805301435668, 118.71239261164132], [936.36666165135, 118.46383099377492], [934.8522222264962, 118.21762429923598], [933.3373104020728, 117.9735341822965], [931.8220247111469, 117.73132229722839], [930.3064636867855, 117.49075029830362], [928.7907258620555, 117.25157983979413], [927.2749097700244, 117.01357257597185], [925.7591139437587, 116.77649016110871], [924.2434369163259, 116.5400942494767], [922.7279772207928, 116.3041464953477], [921.2128333902267, 116.06840855299369], [919.6981039576942, 115.83264207668657], [918.1838834878536, 115.59661301464482], [916.6702365274322, 115.36011979545182], [915.1572138946534, 115.12297570237416], [913.6448663368811, 114.88499409535031], [912.1332446014795, 114.64598833431891], [910.622399435812, 114.40577177921853], [909.112381587243, 114.16415778998774], [907.6032418031361, 113.92095972656513], [906.0950308308556, 113.67599094888928], [904.5877994177649, 113.42906481689872], [903.0815983112285, 113.1799946905321], [901.57647825861, 112.92859392972794], [900.0724900072734, 112.67467589442487], [898.5696843045824, 112.41805394456142], [897.0681118979014, 112.1585414400762], [895.5678235345941, 111.89595174090776], [894.0688699620243, 111.63009820699472], [892.5713019275562, 111.36079419827561], [891.0751701785534, 111.08785307468905], [889.5805254623799, 110.81108819617361], [888.0874185264003, 110.53031292266789], [886.5959001179772, 110.24534061411035], [885.1060209844759, 109.95598463043973], [883.6178318732592, 109.66205833159448], [882.1313835316918, 109.36337507751325], [880.6467267071374, 109.05974822813461], [879.1639121469599, 108.75099114339714], [877.6829905985232, 108.43691718323939], [876.2040128091915, 108.1173397076], [874.727029526328, 107.79207207641744], [873.2520914972977, 107.46092764963039], [871.7792494694635, 107.12371978717736], [870.3085541901902, 106.78026184899701], [868.840056406841, 106.43036719502783], [867.3738068667802, 106.07384918520843], [865.9098563173716, 105.7105211794774], [864.4482555059795, 105.34019653777332], [862.9890551799673, 104.96268862003474], [861.5323060866991, 104.57781078620029], [860.078058973539, 104.1853763962085], [858.6263645878511, 103.785198809998], [857.1772736769987, 103.37709138750728], [855.730836988346, 102.96086748867499], [854.2871052692574, 102.53634047343974], [852.8461292670961, 102.10332370173998], [851.4079597292264, 101.6616305335144], [849.9726474030124, 101.21107432870154], [848.5402430358176, 100.75146844723999], [847.1107973750063, 100.2826262490683], [845.6843132612361, 99.80450203971131], [844.2605269532244, 99.31783443132744], [842.8390825242163, 98.82363325354127], [841.4196239589555, 98.32290859635647], [840.0017952421853, 97.81667054977669], [838.5852403586491, 97.30592920380559], [837.1696032930898, 96.79169464844679], [835.7545280302515, 96.27497697370399], [834.339658554877, 95.75678626958083], [832.9246388517101, 95.23813262608097], [831.509112905494, 94.72002613320808], [830.0927247009721, 94.2034768809658], [828.6751182228875, 93.68949495935777], [827.2559374559839, 93.17909045838769], [825.8348263850046, 92.67327346805921], [824.411428994693, 92.17305407837594], [822.9853892697923, 91.67944237934161], [821.5563511950462, 91.19344846095984], [820.1239587551978, 90.71608241323425], [818.6878559349904, 90.24835432616857], [817.2476867191679, 89.79127428976643], [815.8030950924727, 89.34585239403141], [814.3537250396496, 88.91309872896734], [812.8992205454406, 88.4940233845777], [811.4392255945897, 88.08963645086624], [809.9733841718403, 87.70094801783661], [808.5013402619356, 87.32896817549245], [807.0227378496193, 86.97470701383745], [805.5372209196341, 86.6391746228752], [804.0444334567242, 86.3233810926094], [802.5440194456324, 86.02833651304373], [801.0356228711024, 85.75505097418181], [799.5188877178774, 85.50453456602733], [797.9934579707005, 85.27779737858391], [796.4589776143158, 85.07584950185525], [794.9150906334663, 84.89970102584498], [793.3614410128952, 84.75036204055675], [791.7976727373459, 84.62884263599423], [790.2234297915618, 84.53615290216106], [788.6383561602865, 84.47330292906094], [787.0420958282635, 84.44130280669751], [785.4342927802356, 84.44116262507438], [783.8145910009466, 84.47389247419528], [782.1826344751397, 84.5405024440638], [780.5380671875585, 84.64200262468367], [778.8805331229462, 84.7794031060585], [777.2096762660459, 84.95371397819194], [775.5251406016015, 85.16594533108767]]}}, {"type": "Feature", "properties": {"label": 2, "method": "skeleton_longest_path"}, "geometry": {"type": "LineString", "coordinates": [[588.3724465170018, 93.18622325850052], [589.2668737080016, 93.63343685400048], [590.1613008990015, 94.08065044950044], [591.0557280900014, 94.5278640450004], [591.9501552810012, 94.97507764050036], [592.8445824720011, 95.42229123600032], [593.739009663001, 95.86950483150028], [594.6334368540008, 96.31671842700024], [595.5278640450007, 96.7639320225002], [596.4222912360005, 97.21114561800016], [597.3167184270004, 97.65835921350012], [598.2111456180003, 98.10557280900008], [599.1055728090001, 98.55278640450004], [600.0, 99.0], [601.0, 100.0], [602.0, 101.0], [603.0, 101.0], [604.0, 101.0], [605.0, 102.0], [606.0, 102.0], [607.0, 102.0], [608.0, 103.0], [609.0, 103.0], [610.0, 104.0], [611.0, 104.0], [612.0, 105.0], [613.0, 105.0], [614.0, 105.0], [615.0, 105.0], [616.0, 106.0], [617.0, 107.0], [618.0, 108.0], [619.0, 109.0], [620.0, 109.0], [621.0, 110.0], [622.0, 111.0], [623.0, 112.0], [624.0, 113.0], [625.0, 114.0], [625.0, 115.0], [626.0, 116.0], [626.0, 117.0], [627.0, 118.0], [628.0, 119.0], [628.0, 120.0], [629.0, 121.0], [629.0, 122.0], [630.0, 123.0], [630.0, 124.0], [631.0, 125.0], [631.0, 126.0], [631.0, 127.0], [631.0, 128.0], [631.0, 129.0], [631.0, 130.0], [632.0, 131.0], [632.0, 132.0], [632.0, 133.0], [632.0, 134.0], [633.0, 135.0], [634.0, 136.0], [635.0, 137.0], [636.0, 137.0], [637.0, 138.0], [638.0, 138.0], [639.0, 139.0], [640.0, 140.0], [640.0, 141.0], [641.0, 142.0], [641.0, 143.0], [642.0, 144.0], [642.0, 145.0], [642.0, 146.0], [643.0, 147.0], [643.0, 148.0], [644.0, 149.0], [645.0, 150.0], [646.0, 151.0], [647.0, 152.0], [647.0, 153.0], [648.0, 154.0], [648.0, 155.0], [649.0, 156.0], [649.0, 157.0], [649.0, 158.0], [650.0, 159.0], [650.0, 160.0], [651.0, 161.0], [651.0, 162.0], [651.0, 163.0], [652.0, 164.0], [652.0, 165.0], [653.0, 166.0], [653.0, 167.0], [654.0, 168.0], [654.0, 169.0], [654.0, 170.0], [655.0, 171.0], [655.0, 172.0], [656.0, 173.0], [656.0, 174.0], [656.0, 175.0], [657.0, 176.0], [657.0, 177.0], [658.0, 178.0], [658.0, 179.0], [659.0, 180.0], [659.0, 181.0], [660.0, 182.0], [660.0, 183.0], [661.0, 184.0], [662.0, 185.0], [663.0, 186.0], [664.0, 187.0], [665.0, 188.0], [666.0, 189.0], [667.0, 190.0], [668.0, 191.0], [669.0, 192.0], [669.0, 193.0], [670.0, 194.0], [671.0, 195.0], [672.0, 196.0], [672.0, 197.0], [673.0, 198.0], [674.0, 199.0], [675.0, 200.0], [676.0, 201.0], [676.0, 202.0], [676.0, 202.0], [676.0, 203.0], [676.0, 204.0], [676.0, 205.0], [676.0, 206.0], [676.0, 207.0], [676.0, 208.0], [676.0, 209.0], [676.0, 210.0], [676.0, 211.0], [676.0, 212.0], [676.0, 213.0], [676.0, 214.0], [676.0, 215.0], [676.0, 216.0], [677.0, 217.0], [677.0, 218.0], [677.0, 219.0], [677.0, 220.0], [677.0, 221.0], [677.0, 222.0], [677.0, 223.0], [677.0, 224.0], [677.0, 225.0], [677.0, 226.0], [677.0, 227.0], [676.0, 228.0], [675.8759652654107, 228.99227787671367], [675.7519305308215, 229.98455575342734], [675.6278957962322, 230.97683363014102], [675.503861061643, 231.9691115068547], [675.3798263270537, 232.96138938356836], [675.2557915924644, 233.95366726028203], [675.1317568578752, 234.9459451369957], [675.0077221232859, 235.93822301370938], [674.8836873886967, 236.93050089042305], [674.7596526541074, 237.92277876713672], [674.6356179195182, 238.9150566438504], [674.5115831849289, 239.90733452056406], [674.3875484503396, 240.89961239727774], [674.2635137157504, 241.8918902739914], [674.1394789811611, 242.88416815070508], [674.0154442465719, 243.87644602741875], [673.8914095119826, 244.86872390413242], [673.7673747773933, 245.8610017808461], [673.6433400428041, 246.85327965755977], [673.5193053082148, 247.84555753427344], [673.3952705736256, 248.8378354109871], [673.2712358390363, 249.83011328770078], [673.147201104447, 250.82239116441446], [673.0231663698578, 251.81466904112813], [672.8991316352685, 252.8069469178418], [672.7750969006793, 253.79922479455547], [672.65106216609, 254.79150267126914], [672.5270274315008, 255.78378054798281], [672.4029926969115, 256.7760584246965], [672.2789579623222, 257.76833630141016], [672.154923227733, 258.76061417812383], [672.0308884931437, 259.7528920548375], [671.9068537585545, 260.7451699315512], [671.7828190239652, 261.73744780826485], [671.658784289376, 262.7297256849785], [671.5347495547867, 263.7220035616922], [671.4107148201974, 264.71428143840586], [671.2866800856082, 265.70655931511953], [671.1626453510189, 266.6988371918332], [671.0386106164297, 267.6911150685469], [670.9145758818404, 268.68339294526055], [670.7905411472511, 269.6756708219742], [670.6665064126619, 270.6679486986879], [670.5424716780726, 271.66022657540157], [670.4184369434834, 272.65250445211524], [670.2944022088941, 273.6447823288289], [670.1703674743048, 274.6370602055426], [670.0463327397156, 275.62933808225625], [669.9222980051263, 276.6216159589699], [669.7982632705371, 277.6138938356836], [669.6742285359478, 278.60617171239727], [669.5501938013585, 279.59844958911094], [669.4261590667693, 280.5907274658246], [669.30212433218, 281.5830053425383], [669.1780895975908, 282.57528321925196], [669.0540548630015, 283.56756109596563]]}}, {"type": "Feature", "properties": {"label": 2, "method": "geodesic_dt"}, "geometry": {"type": "LineString", "coordinates": [[694.0, 280.0], [693.0, 279.0], [693.0, 278.0], [692.0, 277.0], [692.0, 276.0], [692.0, 275.0], [692.0, 274.0], [691.0, 273.0], [691.0, 272.0], [691.0, 271.0], [690.0, 270.0], [690.0, 269.0], [690.0, 268.0], [689.0, 267.0], [689.0, 266.0], [689.0, 265.0], [688.0, 264.0], [688.0, 263.0], [687.0, 262.0], [687.0, 261.0], [686.0, 260.0], [686.0, 259.0], [685.0, 258.0], [685.0, 257.0], [684.0, 256.0], [684.0, 255.0], [683.0, 254.0], [683.0, 253.0], [682.0, 252.0], [682.0, 251.0], [681.0, 250.0], [681.0, 249.0], [680.0, 248.0], [680.0, 247.0], [679.0, 246.0], [679.0, 245.0], [678.0, 244.0], [678.0, 243.0], [677.0, 242.0], [677.0, 241.0], [676.0, 240.0], [676.0, 239.0], [676.0, 238.0], [676.0, 237.0], [676.0, 236.0], [676.0, 235.0], [676.0, 234.0], [676.0, 233.0], [676.0, 232.0], [676.0, 231.0], [676.0, 230.0], [676.0, 229.0], [676.0, 228.0], [676.0, 227.0], [676.0, 226.0], [676.0, 225.0], [676.0, 224.0], [676.0, 223.0], [676.0, 222.0], [676.0, 221.0], [676.0, 220.0], [676.0, 219.0], [676.0, 218.0], [676.0, 217.0], [676.0, 216.0], [676.0, 215.0], [676.0, 214.0], [677.0, 213.0], [677.0, 212.0], [677.0, 211.0], [677.0, 210.0], [678.0, 209.0], [678.0, 208.0], [678.0, 207.0], [679.0, 206.0], [679.0, 205.0], [679.0, 204.0], [679.0, 203.0], [679.0, 202.0], [679.0, 201.0], [679.0, 200.0], [679.0, 199.0], [679.0, 198.0], [679.0, 197.0], [679.0, 196.0], [678.0, 195.0], [678.0, 194.0], [677.0, 193.0], [676.0, 192.0], [676.0, 191.0], [675.0, 190.0], [674.0, 189.0], [674.0, 188.0], [673.0, 187.0], [673.0, 186.0], [672.0, 185.0], [671.0, 184.0], [671.0, 183.0], [670.0, 182.0], [670.0, 181.0], [669.0, 180.0], [669.0, 179.0], [668.0, 178.0], [667.0, 177.0], [667.0, 176.0], [666.0, 175.0], [666.0, 174.0], [665.0, 173.0], [664.0, 172.0], [664.0, 171.0], [663.0, 170.0], [662.0, 169.0], [661.0, 168.0], [661.0, 167.0], [660.0, 166.0], [659.0, 165.0], [659.0, 164.0], [658.0, 163.0], [658.0, 162.0], [657.0, 161.0], [656.0, 160.0], [656.0, 159.0], [655.0, 158.0], [654.0, 157.0], [654.0, 156.0], [653.0, 155.0], [652.0, 154.0], [651.0, 153.0], [651.0, 152.0], [650.0, 151.0], [649.0, 150.0], [648.0, 149.0], [647.0, 148.0], [646.0, 147.0], [645.0, 146.0], [644.0, 145.0], [643.0, 144.0], [642.0, 143.0], [641.0, 142.0], [641.0, 141.0], [640.0, 140.0], [639.0, 139.0], [638.0, 138.0], [637.0, 137.0], [637.0, 136.0], [636.0, 135.0], [635.0, 134.0], [635.0, 133.0], [634.0, 132.0], [634.0, 131.0], [633.0, 130.0], [633.0, 129.0], [632.0, 128.0], [632.0, 127.0], [631.0, 126.0], [631.0, 125.0], [630.0, 124.0], [630.0, 123.0], [629.0, 122.0], [629.0, 121.0], [629.0, 120.0], [628.0, 119.0], [627.0, 118.0], [626.0, 117.0], [625.0, 116.0], [624.0, 115.0], [623.0, 114.0], [622.0, 113.0], [621.0, 112.0], [620.0, 111.0], [619.0, 110.0], [618.0, 109.0], [617.0, 108.0], [616.0, 107.0], [615.0, 106.0], [614.0, 105.0], [613.0, 104.0], [612.0, 103.0], [611.0, 102.0], [610.0, 101.0], [609.0, 100.0], [608.0, 99.0], [607.0, 98.0], [606.0, 97.0], [606.0, 96.0], [605.0, 95.0], [605.0, 94.0], [605.0, 93.0], [605.0, 92.0], [605.0, 91.0], [604.0, 90.0], [604.0, 89.0], [604.0, 88.0], [604.0, 87.0], [603.0, 86.0], [603.0, 85.0], [602.0, 84.0]]}}, {"type": "Feature", "properties": {"label": 2, "method": "smoothed_spline"}, "geometry": {"type": "LineString", "coordinates": [[690.7023100686579, 281.1663499075728], [690.4100938564322, 280.090627890137], [690.1229634819359, 279.01416378478973], [689.8407820182532, 277.93699259056484], [689.5634125384695, 276.85914930649665], [689.2907181156692, 275.7806689316189], [689.0225618229374, 274.7015864649657], [688.7588067333589, 273.62193690557154], [688.4993159200181, 272.5417552524698], [688.2439524560007, 271.46107650469486], [687.9925794143908, 270.3799356612809], [687.7450598682731, 269.2983677212616], [687.5012568907332, 268.21640768367143], [687.2610335548552, 267.134090547544], [687.0242529337241, 266.0514513119137], [686.7907781004252, 264.96852497581455], [686.5604721280426, 263.8853465382803], [686.3331980896614, 262.80195099834526], [686.1088190583667, 261.7183733550434], [685.887198107243, 260.6346486074088], [685.6681983093756, 259.55081175447555], [685.4516827378484, 258.4668977952775], [685.2375144657473, 257.38294172884895], [685.0255565661562, 256.2989785542237], [684.8156721121602, 255.21504327043596], [684.6077241768446, 254.13117087651975], [684.4015758332939, 253.04739637150914], [684.1970901545928, 251.96375475443807], [683.9941302138262, 250.88028102434063], [683.7925590840788, 249.79701018025088], [683.5922398384358, 248.7139772212029], [683.393035549982, 247.63121714623077], [683.1948092918017, 246.54876495436844], [682.99742413698, 245.46665564464996], [682.8007431586016, 244.3849242161093], [682.6046294297519, 243.30360566778074], [682.4089460235151, 242.22273499869817], [682.2135560129764, 241.14234720789577], [682.0183224712204, 240.06247729440736], [681.8231084713318, 238.98316025726717], [681.6277770863958, 237.9044310955091], [681.432191389497, 236.82632480816739], [681.2362144537203, 235.74887639427595], [681.0397093521505, 234.6721208528688], [680.8425391578722, 233.59609318298], [680.6445669439706, 232.52082838364373], [680.4456557835302, 231.4463614538939], [680.2456687496363, 230.37272739276463], [680.0444689153732, 229.29996119928987], [679.8419193538258, 228.22809787250372], [679.6378831380794, 227.15717241144037], [679.4322233412181, 226.08721981513358], [679.2248030363272, 225.0182750826176], [679.0154852964915, 223.95037321292645], [678.8041331947956, 222.88354920509403], [678.5906098043246, 221.81783805815462], [678.3747781981631, 220.75327477114215], [678.156501449396, 219.68989434309063], [677.9356426311085, 218.6277317730342], [677.7120648163844, 217.56682206000676], [677.4856310783098, 216.50720020304252], [677.2562044899686, 215.44890120117543], [677.023648124446, 214.39196005343953], [676.7878250548267, 213.33641175886896], [676.5485983541957, 212.28229131649763], [676.3058310956378, 211.22963372535972], [676.0593863522374, 210.17847398448916], [675.80912719708, 209.12884709292007], [675.5549167032498, 208.08078804968648], [675.296617943832, 207.03433185382238], [675.0340939919113, 205.98951350436192], [674.7672079205724, 204.9463680003391], [674.4958228029005, 203.90493034078793], [674.2198017119805, 202.86523552474253], [673.9390077208964, 201.8273185512368], [673.6533039027337, 200.791214419305], [673.3625533305772, 199.75695812798102], [673.0666190775113, 198.7245846762989], [672.7653642166214, 197.6941290632928], [672.4586518209917, 196.66562628799667], [672.1463449637079, 195.63911134944462], [671.8283067178538, 194.61461924667069], [671.5044001565149, 193.59218497870881], [671.1744883527757, 192.57184354459315], [670.8384343797213, 191.55362994335775], [670.4961013104365, 190.5375791740366], [670.1473522180057, 189.5237262356638], [669.7920501755143, 188.51210612727337], [669.4300582560468, 187.50275384789936], [669.0612395326879, 186.49570439657577], [668.6854570785229, 185.49099277233677], [668.3025739666359, 184.48865397421622], [667.9124532701126, 183.48872300124833], [667.5149581227845, 182.4912348347217], [667.1100012919608, 181.49620995710566], [666.697634849891, 180.50362815742486], [666.2779351264602, 179.5134621386173], [665.8509784515555, 178.52568460362141], [665.4168411550627, 177.54026825537528], [664.9755995668684, 176.55718579681724], [664.5273300168586, 175.57640993088546], [664.0721088349196, 174.5979133605182], [663.6100123509374, 173.62166878865358], [663.1411168947985, 172.64764891822998], [662.6654987963891, 171.6758264521855], [662.1832343855953, 170.70617409345843], [661.6943999923034, 169.738664544987], [661.1990719463994, 168.77327050970933], [660.6973265777701, 167.80996469056382], [660.1892402163012, 166.84871979048853], [659.6748891918791, 165.8895085124218], [659.1543498343901, 164.9323035593018], [658.6276984737203, 163.97707763406675], [658.095011439756, 163.0238034396549], [657.5563650623834, 162.07245367900447], [657.0118356714888, 161.12300105505366], [656.4614995969586, 160.17541827074075], [655.9054331686784, 159.22967802900388], [655.343712716535, 158.28575303278132], [654.7764145704145, 157.34361598501133], [654.2036150602031, 156.4032395886321], [653.625390515787, 155.46459654658184], [653.0418172670524, 154.5276595617988], [652.4529716438855, 153.5924013372212], [651.8589299761728, 152.65879457578723], [651.2597685938002, 151.72681198043514], [650.6555638266542, 150.7964262541032], [650.0463920046207, 149.86761009972955], [649.4323294575862, 148.9403362202525], [648.8134525154371, 148.0145773186102], [648.189837508059, 147.09030609774092], [647.5615607653385, 146.16749526058288], [646.9286986171621, 145.2461175100743], [646.2913273934155, 144.32614554915335], [645.6495234239853, 143.40755208075836], [645.0033630387577, 142.4903098078275], [644.3529225676186, 141.57439143329898], [643.6982783404546, 140.65976966011104], [643.0395066871519, 139.74641719120189], [642.3766839375967, 138.8343067295098], [641.709886421675, 137.92341097797296], [641.0391904692732, 137.01370263952958], [640.3646724102775, 136.1051544171179], [639.6864085745741, 135.19773901367614], [639.0044752920494, 134.29142913214253], [638.3189488925893, 133.3861974754553], [637.6299057060805, 132.48201674655272], [636.937422062409, 131.57885964837294], [636.2415742914608, 130.6766988838542], [635.5424387231222, 129.77550715593472], [634.8400916872797, 128.87525716755275], [634.1346095138193, 127.97592162164648], [633.4260685326276, 127.07747322115422], [632.7145450735901, 126.17988466901407], [632.0001154665937, 125.28312866816434], [631.2828560415243, 124.38717792154326], [630.5628431282682, 123.49200513208899], [629.8401530567118, 122.59758300273984], [629.114862156741, 121.70388423643395], [628.3870467582421, 120.81088153610955], [627.6567831911016, 119.91854760470494], [626.9241477852056, 119.02685514515828], [626.1892168704403, 118.13577686040787], [625.4520667766917, 117.24528545339182], [624.7127738338464, 116.35535362704844], [623.9714143717905, 115.46595408431591], [623.2280647204101, 114.57705952813248], [622.4828012095916, 113.68864266143639], [621.735700169221, 112.8006761871658], [620.9868379291848, 111.91313280825901], [620.2362908193691, 111.02598522765419], [619.4841351696602, 110.13920614828962], [618.7304473099443, 109.2527682731035], [617.9753035701075, 108.366644305034], [617.2187802800361, 107.48080694701939], [616.4609537696164, 106.59522890199791], [615.7019003687344, 105.70988287290774], [614.9416964072768, 104.82474156268721], [614.1804182151295, 103.93977767427441], [613.4181421221786, 103.05496391060764], [612.6549444583106, 102.17027297462508], [611.8909015534116, 101.285677569265], [611.1260897373679, 100.40115039746567], [610.3605853400657, 99.51666416216517], [609.5944646913911, 98.63219156630184], [608.8278041212305, 97.74770531281386], [608.06067995947, 96.86317810463945], [607.2931685359961, 95.97858264471691], [606.5253461806947, 95.09389163598436], [605.7572892234521, 94.20907778138007], [604.9890739941545, 93.32411378384225], [604.2207768226883, 92.43897234630916], [603.4524740389397, 91.55362617171903], [602.6842419727951, 90.66804796301007], [601.9161569541399, 89.78221042312038], [601.1482953128615, 88.89608625498842], [600.3807333788449, 88.00964816155218], [599.6135474819778, 87.1228688457501], [598.8468139521451, 86.23572101052028], [598.0806091192333, 85.3481773588009]]}}, {"type": "Feature", "properties": {"label": 3, "method": "skeleton_longest_path"}, "geometry": {"type": "LineString", "coordinates": [[546.0, 262.0], [545.0, 262.0], [544.0, 262.0], [543.0, 262.0], [542.0, 262.0], [541.0, 262.0], [540.0, 262.0], [539.0, 262.0], [538.0, 262.0], [537.0, 261.0], [536.0, 261.0], [535.0, 261.0], [534.0, 261.0], [533.0, 261.0], [532.0, 262.0], [531.0, 262.0], [530.0, 262.0], [529.0, 263.0], [528.0, 263.0], [527.0, 264.0], [526.0, 265.0], [525.0, 266.0], [524.0, 267.0], [524.0, 268.0], [524.0, 269.0], [523.0, 270.0], [523.0, 271.0], [523.0, 272.0], [523.0, 273.0], [523.0, 274.0], [523.0, 275.0], [523.0, 276.0], [522.0, 277.0], [522.0, 278.0], [522.0, 279.0], [522.0, 280.0], [522.0, 280.0], [521.0, 280.0], [520.0, 280.0], [519.0, 280.0], [518.0, 281.0], [517.0, 281.0], [516.0, 281.0], [515.0, 282.0], [514.0, 282.0], [513.0, 282.0], [512.0, 283.0], [511.0, 283.0], [510.0, 283.0], [509.0, 284.0], [508.0, 284.0], [507.0, 285.0], [506.0, 285.0], [505.0, 286.0], [504.0, 287.0], [503.0, 288.0], [502.0, 289.0], [501.0, 290.0], [500.0, 291.0], [499.0, 292.0], [498.0, 293.0], [497.0, 294.0], [496.0, 295.0], [495.0, 296.0], [494.0, 297.0], [493.0, 298.0], [492.0, 299.0], [491.0, 300.0], [490.0, 301.0], [489.0, 302.0], [488.0, 303.0], [487.0, 304.0], [486.0, 305.0], [485.0, 306.0], [484.0, 307.0], [483.0, 308.0], [482.0, 309.0], [481.0, 310.0], [480.0, 311.0], [479.0, 312.0], [478.0, 313.0], [477.0, 314.0], [476.0, 315.0], [475.0, 316.0], [474.0, 316.0], [474.0, 316.0], [474.0, 317.0], [475.0, 318.0], [475.0, 319.0], [475.0, 320.0], [476.0, 321.0], [476.0, 322.0], [477.0, 323.0], [477.0, 324.0], [478.0, 325.0], [478.0, 326.0], [479.0, 327.0], [480.0, 328.0], [481.0, 329.0], [482.0, 330.0], [483.0, 330.0], [484.0, 331.0], [485.0, 331.0], [486.0, 331.0], [487.0, 332.0], [488.0, 332.0], [489.0, 332.0], [490.0, 333.0], [491.0, 334.0], [491.0, 335.0], [492.0, 336.0], [492.0, 337.0], [493.0, 338.0], [493.0, 339.0], [493.0, 340.0], [494.0, 341.0], [495.0, 342.0], [496.0, 343.0], [497.0, 343.0], [498.0, 344.0], [499.0, 345.0], [500.0, 346.0], [501.0, 346.0], [502.0, 347.0], [503.0, 348.0], [504.0, 348.0], [505.0, 349.0], [506.0, 349.0], [507.0, 350.0], [508.0, 350.0], [509.0, 351.0], [510.0, 351.0], [511.0, 352.0], [512.0, 353.0], [513.0, 354.0], [514.0, 355.0], [515.0, 355.0], [516.0, 356.0], [517.0, 357.0], [518.0, 357.0], [519.0, 357.0], [520.0, 358.0], [521.0, 358.0], [522.0, 358.0], [523.0, 359.0], [524.0, 359.0], [525.0, 360.0], [526.0, 360.0], [527.0, 361.0], [528.0, 362.0], [529.0, 363.0], [530.0, 364.0], [531.0, 365.0], [532.0, 366.0], [533.0, 366.0], [534.0, 367.0], [535.0, 368.0], [536.0, 368.0], [537.0, 369.0], [538.0, 370.0], [539.0, 371.0], [540.0, 372.0], [541.0, 373.0], [542.0, 374.0], [543.0, 375.0], [544.0, 376.0], [545.0, 377.0], [546.0, 377.0], [547.0, 378.0], [548.0, 379.0], [549.0, 380.0], [550.0, 381.0], [550.0, 382.0], [551.0, 383.0], [551.0, 384.0], [552.0, 385.0], [552.0, 386.0], [553.0, 387.0], [553.0, 388.0], [554.0, 389.0], [555.0, 390.0], [556.0, 391.0], [557.0, 391.0], [558.0, 392.0], [559.0, 393.0], [560.0, 394.0], [560.0, 395.0], [561.0, 396.0], [562.0, 397.0], [563.0, 398.0], [564.0, 399.0], [565.0, 400.0], [565.0, 401.0], [566.0, 402.0], [567.0, 403.0], [568.0, 404.0], [569.0, 405.0], [570.0, 406.0], [571.0, 407.0], [572.0, 407.0], [573.0, 408.0], [574.0, 408.0], [575.0, 408.0], [576.0, 409.0], [577.0, 409.0], [578.0, 409.0], [579.0, 410.0], [580.0, 411.0], [581.0, 411.0], [582.0, 412.0], [583.0, 412.0], [584.0, 413.0], [585.0, 414.0], [586.0, 415.0], [587.0, 416.0], [588.0, 417.0], [589.0, 418.0], [589.0, 419.0], [590.0, 420.0], [590.0, 421.0], [591.0, 422.0], [591.0, 423.0], [591.0, 424.0], [592.0, 425.0], [592.0, 426.0], [592.0, 427.0], [592.0, 428.0], [592.0, 429.0], [592.0, 430.0], [592.0, 431.0], [592.0, 432.0], [592.0, 433.0], [593.0, 434.0], [593.0, 435.0], [593.0, 436.0], [593.0, 437.0], [593.0, 438.0], [594.0, 439.0], [593.0, 440.0], [593.0, 441.0], [593.0, 442.0], [592.0, 443.0], [592.0, 444.0], [593.0, 445.0], [593.0, 446.0], [593.0, 447.0], [593.0, 448.0], [593.0, 449.0], [593.0, 450.0], [593.0, 451.0], [593.0, 452.0], [593.0, 453.0], [593.0, 454.0], [593.0, 455.0], [593.0, 456.0], [593.0, 457.0], [593.0, 458.0], [593.0, 459.0], [593.0, 460.0], [593.0, 461.0], [593.0, 462.0], [593.0, 463.0], [593.0, 464.0], [593.0, 465.0], [593.0, 466.0], [593.0, 467.0], [593.0, 468.0], [593.0, 469.0], [593.0, 470.0], [593.0, 471.0], [593.0, 472.0], [593.0, 473.0], [593.0, 474.0], [593.0, 475.0], [593.0, 476.0], [593.0, 477.0], [593.0, 478.0], [593.0, 479.0]]}}, {"type": "Feature", "properties": {"label": 3, "method": "geodesic_dt"}, "geometry": {"type": "LineString", "coordinates": [[604.0, 477.0], [603.0, 476.0], [603.0, 475.0], [602.0, 474.0], [602.0, 473.0], [601.0, 472.0], [601.0, 471.0], [600.0, 470.0], [600.0, 469.0], [599.0, 468.0], [599.0, 467.0], [598.0, 466.0], [598.0, 465.0], [597.0, 464.0], [597.0, 463.0], [596.0, 462.0], [596.0, 461.0], [595.0, 460.0], [595.0, 459.0], [595.0, 458.0], [595.0, 457.0], [595.0, 456.0], [595.0, 455.0], [595.0, 454.0], [595.0, 453.0], [595.0, 452.0], [595.0, 451.0], [595.0, 450.0], [595.0, 449.0], [595.0, 448.0], [595.0, 447.0], [595.0, 446.0], [595.0, 445.0], [595.0, 444.0], [595.0, 443.0], [595.0, 442.0], [595.0, 441.0], [595.0, 440.0], [595.0, 439.0], [595.0, 438.0], [594.0, 437.0], [594.0, 436.0], [594.0, 435.0], [594.0, 434.0], [594.0, 433.0], [593.0, 432.0], [593.0, 431.0], [593.0, 430.0], [593.0, 429.0], [592.0, 428.0], [592.0, 427.0], [591.0, 426.0], [591.0, 425.0], [590.0, 424.0], [590.0, 423.0], [589.0, 422.0], [588.0, 421.0], [588.0, 420.0], [587.0, 419.0], [586.0, 418.0], [586.0, 417.0], [585.0, 416.0], [584.0, 415.0], [584.0, 414.0], [583.0, 413.0], [582.0, 412.0], [581.0, 411.0], [580.0, 410.0], [579.0, 409.0], [578.0, 408.0], [577.0, 407.0], [576.0, 407.0], [575.0, 406.0], [574.0, 405.0], [573.0, 405.0], [572.0, 404.0], [571.0, 403.0], [570.0, 403.0], [569.0, 402.0], [568.0, 402.0], [567.0, 401.0], [566.0, 400.0], [565.0, 400.0], [564.0, 399.0], [563.0, 398.0], [562.0, 397.0], [561.0, 396.0], [560.0, 395.0], [559.0, 394.0], [558.0, 393.0], [557.0, 392.0], [556.0, 391.0], [556.0, 390.0], [556.0, 389.0], [555.0, 388.0], [554.0, 387.0], [553.0, 386.0], [552.0, 385.0], [551.0, 384.0], [550.0, 383.0], [549.0, 382.0], [548.0, 381.0], [547.0, 380.0], [546.0, 380.0], [545.0, 379.0], [544.0, 378.0], [543.0, 377.0], [542.0, 376.0], [541.0, 375.0], [540.0, 374.0], [539.0, 373.0], [538.0, 372.0], [537.0, 372.0], [536.0, 371.0], [535.0, 370.0], [534.0, 369.0], [533.0, 368.0], [532.0, 367.0], [531.0, 366.0], [530.0, 365.0], [529.0, 364.0], [528.0, 364.0], [527.0, 363.0], [526.0, 362.0], [525.0, 361.0], [524.0, 360.0], [523.0, 359.0], [522.0, 358.0], [521.0, 358.0], [520.0, 357.0], [519.0, 356.0], [518.0, 355.0], [517.0, 354.0], [516.0, 354.0], [515.0, 353.0], [514.0, 352.0], [513.0, 351.0], [512.0, 351.0], [511.0, 350.0], [510.0, 349.0], [509.0, 348.0], [508.0, 348.0], [507.0, 347.0], [506.0, 346.0], [505.0, 346.0], [504.0, 345.0], [503.0, 344.0], [502.0, 343.0], [501.0, 343.0], [500.0, 342.0], [499.0, 341.0], [498.0, 340.0], [497.0, 339.0], [496.0, 339.0], [495.0, 338.0], [494.0, 337.0], [493.0, 336.0], [492.0, 336.0], [491.0, 335.0], [490.0, 334.0], [489.0, 334.0], [488.0, 333.0], [487.0, 332.0], [486.0, 332.0], [485.0, 331.0], [484.0, 330.0], [483.0, 330.0], [482.0, 329.0], [481.0, 328.0], [480.0, 327.0], [479.0, 326.0], [478.0, 325.0], [477.0, 324.0], [476.0, 323.0], [475.0, 322.0], [474.0, 322.0], [473.0, 321.0], [472.0, 320.0], [471.0, 319.0], [470.0, 318.0], [469.0, 317.0], [468.0, 316.0], [467.0, 315.0], [466.0, 315.0], [465.0, 314.0], [464.0, 313.0], [463.0, 312.0], [462.0, 311.0], [461.0, 310.0], [460.0, 309.0], [459.0, 308.0], [458.0, 307.0], [457.0, 306.0], [456.0, 305.0], [455.0, 304.0], [454.0, 303.0], [453.0, 302.0], [453.0, 301.0], [452.0, 300.0], [451.0, 299.0], [450.0, 298.0], [450.0, 297.0], [449.0, 296.0], [448.0, 295.0], [447.0, 294.0], [447.0, 293.0], [446.0, 292.0], [446.0, 291.0], [445.0, 290.0], [444.0, 289.0], [444.0, 288.0], [443.0, 287.0], [442.0, 286.0], [441.0, 285.0], [441.0, 284.0], [441.0, 283.0], [440.0, 282.0], [440.0, 281.0], [440.0, 280.0], [440.0, 279.0], [439.0, 278.0], [439.0, 277.0], [439.0, 276.0], [438.0, 275.0], [438.0, 274.0], [438.0, 273.0], [438.0, 272.0], [437.0, 271.0], [437.0, 270.0], [437.0, 269.0], [437.0, 268.0], [436.0, 267.0], [436.0, 266.0], [436.0, 265.0], [435.0, 264.0], [435.0, 263.0], [435.0, 262.0], [435.0, 261.0], [434.0, 260.0], [434.0, 259.0], [434.0, 258.0], [434.0, 257.0], [434.0, 256.0], [433.0, 255.0], [433.0, 254.0], [433.0, 253.0], [433.0, 252.0], [432.0, 251.0], [432.0, 250.0], [431.0, 249.0]]}}, {"type": "Feature", "properties": {"label": 3, "method": "smoothed_spline"}, "geometry": {"type": "LineString", "coordinates": [[599.5176330997141, 479.7010411926694], [599.6057098070844, 478.00165472474157], [599.6685620988408, 476.3170810769815], [599.706430505983, 474.6471773712704], [599.719555559511, 472.9918007294888], [599.7081777904245, 471.35080827351743], [599.6725377297237, 469.7240571252376], [599.6128759084083, 468.11140440652986], [599.5294328574788, 466.51270723927524], [599.4224491079347, 464.9278227453545], [599.2921651907759, 463.35660804664843], [599.1388216370021, 461.7989202650379], [598.962658977614, 460.2546165224039], [598.7639177436114, 458.7235539406274], [598.5428384659936, 457.20558964158886], [598.2996616757607, 455.70058074716945], [598.0346279039131, 454.2083843792499], [597.7479776814504, 452.72885765971114], [597.4399515393729, 451.2618577104341], [597.1107900086802, 449.8072416532995], [596.760733620372, 448.3648666101882], [596.3900229054489, 446.9345897029811], [595.9988983949103, 445.51626805355914], [595.5876006197566, 444.1097587838032], [595.1563701109873, 442.7149190155939], [594.7054473996026, 441.33160587081227], [594.2350730166024, 439.95967647133915], [593.7454874929865, 438.5989879390554], [593.2369313597551, 437.2493973958419], [592.709645147908, 435.91076196357943], [592.163869388445, 434.582938764149], [591.5998446123663, 433.26578491943127], [591.0178113506715, 431.9591575513072], [590.4180101343613, 430.66291378165795], [589.8006814944347, 429.3769107323638], [589.1660659618922, 428.10100552530594], [588.5144040677334, 426.83505528236515], [587.8459363429586, 425.5789171254224], [587.1609033185676, 424.3324481763585], [586.4595455255601, 423.09550555705414], [585.7421034949367, 421.86794638939057], [585.0088177576966, 420.6496277952483], [584.2599288448399, 419.44040689650825], [583.495677287367, 418.2401408150515], [582.7163036162774, 417.0486866727585], [581.9220483625712, 415.8659015915106], [581.1131520572483, 414.6916426931882], [580.2898552313087, 413.5257670996724], [579.4523984157523, 412.3681319328442], [578.6010221415789, 411.218594314584], [577.7359669397887, 410.07701136677315], [576.8574733413816, 408.9432402112923], [575.9657818773575, 407.8171379700223], [575.0611330787162, 406.6985617648441], [574.1437674764576, 405.58736871763824], [573.2139256015822, 404.4834159502862], [572.271847985089, 403.38656058466813], [571.3177751579789, 402.29665974266544], [570.3519476512513, 401.21357054615873], [569.3746059959061, 400.1371501170288], [568.3859907229437, 399.06725557715686], [567.3863423633635, 398.00374404842336], [566.3759014481659, 396.9464726527093], [565.3549085083506, 395.8952985118957], [564.3236040749172, 394.8500787478631], [563.2822286788664, 393.8106704824928], [562.2310228511977, 392.77693083766513], [561.170227122911, 391.7487169352614], [560.1000820250066, 390.7258858971624], [559.0208280884837, 389.7082948452487], [557.9327058443433, 388.6958009014015], [556.8359558235843, 387.6882611875013], [555.7308185572074, 386.68553282542945], [554.617534576212, 385.6874729370664], [553.4963444115984, 384.693938644293], [552.3674885943666, 383.7047870689905], [551.2312076555162, 382.7198753330394], [550.0877421260475, 381.7390605583206], [548.9373325369598, 380.7621998667151], [547.780219419254, 379.78915038010354], [546.6166433039294, 378.8197692203673], [545.446844721986, 377.85391350938653], [544.2710642044239, 376.8914403690425], [543.089542282243, 375.93220692121616], [541.902519486443, 374.976070287788], [540.7102363480243, 374.0228875906393], [539.5129333979866, 373.0725159516506], [538.3108511673297, 372.12481249270286], [537.1042301870538, 371.17963433567695], [535.8933109881585, 370.2368386024537], [534.6783341016443, 369.2962824149141], [533.4595400585106, 368.3578228949388], [532.2371693897576, 367.42131716440883], [531.0114626263852, 366.4866223452051], [529.7826602993931, 365.5535955592082], [528.5510029397818, 364.6220939282993], [527.3167310785508, 363.69197457435894], [526.0800852467002, 362.76309461926826], [524.8413059752298, 361.83531118490794], [523.6006337951396, 360.9084813931589], [522.3583092374298, 359.98246236590217], [521.1145728330999, 359.0571112250184], [519.8696651131503, 358.13228509238843], [518.6238266085805, 357.2078410898932], [517.3772978503908, 356.28363633941353], [516.130319369581, 355.35952796283044], [514.8831316971509, 354.4353730820245], [513.6359753641007, 353.51102881887687], [512.3890909014301, 352.5863522952682], [511.1427188401393, 351.66120063307943], [509.89709971122807, 350.73543095419143], [508.6524740456963, 349.808900380485], [507.409082374544, 348.8814660338411], [506.1671652287713, 347.95298503614055], [504.9269631393778, 347.02331450926414], [503.68871663736377, 346.0923115750928], [502.45266625372903, 345.1598333555074], [501.2190525194733, 344.2257369723887], [499.9881159655969, 343.2898795476177], [498.7600971230993, 342.3521182030752], [497.535236522981, 341.41231006064197], [496.3137746962416, 340.470312242199], [495.095952173881, 339.5259818696272], [493.88200948689934, 338.57917606480714], [492.67218716629645, 337.62975194962], [491.4667257430724, 336.6775666459465], [490.26586574822693, 335.72247727566753], [489.06984771276007, 334.76434096066384], [487.87891216767173, 333.80301482281646], [486.693299643962, 332.8383559840061], [485.51325067263065, 331.87022156611374], [484.33900578467774, 330.89846869102024], [483.170805511103, 329.9229544806064], [482.0088903829067, 328.9435360567531], [480.85350093108855, 327.9600705413411], [479.7048776866486, 326.9724150562515], [478.5632611805868, 325.9804267233649], [477.4288919439029, 324.98396266456234], [476.30201050759706, 323.98288000172454], [475.18285740266913, 322.9770358567325], [474.07167316011896, 321.966287351467], [472.9686983109468, 320.9504916078089], [471.8741733861523, 319.92950574763904], [470.78833891673537, 318.90318689283833], [469.71143543369624, 317.87139216528766], [468.64370346803463, 316.83397868686785], [467.58538355075046, 315.7908035794597], [466.5367162128439, 314.7417239649442], [465.4979419853147, 313.68659696520206], [464.46930139916276, 312.6252797021142], [463.45103498538816, 311.55762929756156], [462.4433832749907, 310.48350287342487], [461.44658679897054, 309.4027575515851], [460.46088608832747, 308.3152504539231], [459.4865216740614, 307.2208387023196], [458.52373408717233, 306.1193794186556], [457.57276385866027, 305.010729724812], [456.633851519525, 303.89474674266944], [455.70723760076663, 302.77128759410897], [454.7931626333849, 301.64020940101136], [453.89186714838, 300.50136928525757], [453.0035916767517, 299.3546243687283], [452.1285767495, 298.1998317733046], [451.26706289762484, 297.0368486208672], [450.4192906521261, 295.865532033297], [449.5855005440039, 294.68573913247485], [448.7659331042579, 293.49732704028156], [447.9608288638883, 292.30015287859817], [447.1704283538949, 291.0940737693053], [446.3949721052776, 289.87894683428397], [445.6347006490366, 288.654629195415], [444.88985451617157, 287.4209779745792], [444.1606742376826, 286.1778502936576], [443.4474003445696, 284.92510327453084], [442.7502733678324, 283.66259403907986], [442.06953383847105, 282.39017970918553], [441.4054222874855, 281.10771740672874], [440.7581792458757, 279.8150642535904], [440.1280452446415, 278.51207737165123], [439.51526081478295, 277.19861388279213], [438.92006648729995, 275.87453090889403], [438.3427027931925, 274.5396855718377], [437.78341026346027, 273.19393499350406], [437.2424294291036, 271.837136295774], [436.72000082112226, 270.4691466005283], [436.21636497051605, 269.08982302964785], [435.73176240828514, 267.69902270501353], [435.26643366542925, 266.2966027485062], [434.82061927294853, 264.8824202820066], [434.39455976184286, 263.4563324273958], [433.9884956631121, 262.01819630655456], [433.6026675077562, 260.5678690413637], [433.2373158267753, 259.1052077537041], [432.8926811511691, 257.6300695654567], [432.5690040119375, 256.1423115985022], [432.26652494008084, 254.64179097472166], [431.9854844665986, 253.12836481599578], [431.726123122491, 251.60189024420546], [431.48868143875796, 250.06222438123166], [431.27339994639925, 248.5092243489551]]}}, {"type": "Feature", "properties": {"label": 4, "method": "skeleton_longest_path"}, "geometry": {"type": "LineString", "coordinates": [[1156.8658674957846, 343.96646687394616], [1157.83600999593, 344.2090024989825], [1158.8061524960754, 344.45153812401884], [1159.7762949962207, 344.6940737490552], [1160.746437496366, 344.9366093740915], [1161.7165799965114, 345.17914499912786], [1162.6867224966568, 345.4216806241642], [1163.6568649968021, 345.66421624920054], [1164.6270074969475, 345.9067518742369], [1165.5971499970929, 346.1492874992732], [1166.5672924972382, 346.39182312430955], [1167.5374349973836, 346.6343587493459], [1168.507577497529, 346.87689437438223], [1169.4777199976743, 347.11942999941857], [1170.4478624978196, 347.3619656244549], [1171.418004997965, 347.60450124949125], [1172.3881474981104, 347.8470368745276], [1173.3582899982557, 348.08957249956393], [1174.328432498401, 348.33210812460027], [1175.2985749985464, 348.5746437496366], [1176.2687174986918, 348.81717937467295], [1177.2388599988371, 349.0597149997093], [1178.2090024989825, 349.3022506247456], [1179.1791449991279, 349.54478624978196], [1180.1492874992732, 349.7873218748183], [1181.1194299994186, 350.02985749985464], [1182.089572499564, 350.272393124891], [1183.0597149997093, 350.5149287499273], [1184.0298574998546, 350.75746437496366], [1185.0, 351.0], [1186.0, 351.0], [1187.0, 351.0], [1188.0, 352.0], [1189.0, 352.0], [1190.0, 352.0], [1191.0, 352.0], [1192.0, 353.0], [1193.0, 353.0], [1194.0, 353.0], [1195.0, 353.0], [1196.0, 353.0], [1197.0, 354.0], [1198.0, 354.0], [1199.0, 354.0], [1200.0, 354.0], [1201.0, 354.0], [1202.0, 355.0], [1203.0, 355.0], [1204.0, 355.0], [1205.0, 356.0], [1206.0, 356.0], [1207.0, 356.0], [1208.0, 356.0], [1209.0, 356.0], [1210.0, 356.0], [1211.0, 356.0], [1212.0, 356.0], [1213.0, 356.0], [1214.0, 357.0], [1215.0, 357.0], [1216.0, 357.0], [1217.0, 357.0], [1218.0, 357.0], [1219.0, 357.0], [1220.0, 357.0], [1221.0, 358.0], [1222.0, 358.0], [1223.0, 358.0], [1224.0, 358.0], [1225.0, 358.0], [1226.0, 358.0], [1227.0, 359.0], [1228.0, 359.0], [1229.0, 359.0], [1230.0, 360.0], [1231.0, 360.0], [1232.0, 361.0], [1233.0, 362.0], [1234.0, 363.0], [1235.0, 364.0], [1236.0, 365.0], [1237.0, 365.0], [1238.0, 366.0], [1239.0, 367.0], [1240.0, 367.0], [1241.0, 367.0], [1242.0, 367.0], [1243.0, 368.0], [1244.0, 368.0], [1245.0, 368.0], [1246.0, 368.0], [1247.0, 368.0], [1248.0, 369.0], [1249.0, 369.0], [1250.0, 369.0], [1251.0, 370.0], [1252.0, 371.0], [1253.0, 371.0], [1254.0, 372.0], [1255.0, 373.0], [1255.0, 374.0], [1256.0, 375.0], [1256.0, 376.0], [1257.0, 377.0], [1257.0, 378.0], [1258.0, 379.0], [1258.0, 380.0], [1259.0, 381.0], [1259.0, 382.0], [1259.0, 383.0], [1260.0, 384.0], [1260.0, 385.0], [1261.0, 386.0], [1261.0, 387.0], [1262.0, 388.0], [1262.0, 389.0], [1262.0, 390.0], [1263.0, 391.0], [1263.0, 392.0], [1264.0, 393.0], [1264.0, 394.0], [1265.0, 395.0], [1265.0, 396.0], [1266.0, 397.0], [1266.0, 398.0], [1267.0, 399.0], [1267.0, 400.0], [1267.0, 401.0], [1268.0, 402.0], [1268.0, 403.0], [1269.0, 404.0], [1269.0, 405.0], [1270.0, 406.0], [1270.0, 407.0], [1270.0, 408.0], [1271.0, 409.0], [1271.0, 410.0], [1271.0, 411.0], [1272.0, 412.0], [1272.0, 413.0], [1273.0, 414.0], [1273.0, 415.0], [1273.0, 416.0], [1274.0, 417.0], [1274.0, 418.0], [1275.0, 419.0], [1275.0, 420.0], [1276.0, 421.0], [1276.0, 422.0], [1277.0, 423.0], [1277.0, 424.0], [1278.0, 425.0], [1278.0, 426.0], [1279.0, 427.0], [1279.0, 428.0], [1280.0, 429.0], [1280.0, 430.0], [1281.0, 431.0], [1281.0, 432.0], [1281.0, 433.0], [1282.0, 434.0], [1282.0, 435.0], [1282.0, 436.0], [1283.0, 437.0], [1283.0, 438.0], [1283.0, 439.0], [1284.0, 440.0], [1284.0, 441.0], [1284.0, 442.0], [1285.0, 443.0], [1285.0, 444.0], [1285.0, 445.0], [1286.0, 446.0], [1286.0, 447.0], [1286.0, 448.0], [1287.0, 449.0], [1286.0, 450.0], [1286.0, 451.0], [1286.0, 452.0], [1285.0, 453.0], [1285.0, 454.0], [1285.0, 455.0], [1284.0, 456.0], [1284.0, 457.0], [1283.0, 458.0], [1283.0, 459.0], [1282.0, 460.0], [1282.0, 461.0], [1282.0, 462.0], [1281.0, 463.0], [1281.0, 464.0], [1280.0, 465.0], [1280.0, 466.0], [1279.0, 467.0], [1278.0, 468.0], [1278.0, 469.0], [1277.0, 470.0], [1277.0, 471.0], [1276.0, 472.0], [1275.0, 473.0], [1275.0, 474.0], [1274.0, 475.0], [1274.0, 476.0], [1273.0, 477.0], [1273.0, 478.0], [1272.0, 479.0], [1272.0, 480.0], [1271.0, 481.0], [1271.0, 482.0], [1270.0, 483.0], [1270.0, 484.0], [1269.0, 485.0], [1269.0, 486.0], [1269.0, 487.0], [1268.0, 488.0], [1268.0, 489.0], [1267.0, 490.0], [1267.0, 491.0], [1266.0, 492.0], [1266.0, 493.0], [1266.0, 494.0], [1265.0, 495.0], [1265.0, 496.0], [1265.0, 497.0], [1264.0, 498.0], [1264.0, 499.0], [1263.0, 500.0], [1263.0, 501.0], [1262.0, 502.0], [1261.0, 503.0], [1261.0, 504.0], [1260.0, 505.0], [1260.0, 506.0], [1259.0, 507.0], [1259.0, 508.0], [1258.0, 509.0], [1258.0, 510.0], [1257.0, 511.0], [1256.0, 512.0], [1256.0, 513.0], [1255.0, 514.0], [1254.0, 515.0], [1254.0, 516.0], [1254.0, 517.0], [1253.0, 518.0], [1252.0, 519.0], [1251.0, 520.0], [1251.0, 521.0], [1250.0, 522.0], [1249.0, 523.0], [1249.0, 524.0], [1248.0, 525.0], [1248.0, 526.0], [1248.0, 527.0], [1247.0, 528.0], [1247.0, 529.0], [1247.0, 530.0], [1246.0, 531.0], [1246.0, 532.0], [1245.0, 533.0], [1245.0, 534.0], [1245.0, 535.0], [1245.0, 536.0], [1245.0, 537.0], [1244.0, 538.0], [1244.0, 539.0], [1244.0, 540.0], [1244.0, 541.0], [1244.0, 542.0], [1243.0, 543.0], [1243.0, 544.0], [1243.0, 545.0], [1243.0, 546.0], [1243.0, 547.0], [1242.0, 548.0], [1242.0, 549.0], [1242.0, 550.0], [1242.0, 551.0], [1242.0, 552.0], [1241.0, 553.0], [1241.0, 554.0], [1241.0, 555.0], [1241.0, 556.0], [1241.0, 557.0], [1240.0, 558.0], [1240.0, 559.0], [1240.0, 560.0], [1240.0, 561.0], [1240.0, 562.0], [1240.0, 563.0], [1240.0, 564.0], [1240.0, 565.0], [1239.0, 566.0], [1239.0, 567.0], [1239.0, 568.0], [1239.0, 569.0], [1240.0, 570.0], [1240.0, 571.0], [1240.0, 572.0], [1240.0, 573.0], [1240.0, 574.0], [1240.0, 575.0], [1240.0, 576.0], [1240.0, 577.0], [1240.0, 578.0], [1240.0, 579.0], [1240.0, 580.0], [1240.0, 581.0], [1240.0, 582.0], [1240.0, 583.0], [1240.0, 584.0], [1240.0, 585.0], [1240.0, 586.0], [1240.0, 587.0], [1240.0, 588.0], [1240.0, 589.0], [1240.0, 590.0], [1240.0, 591.0], [1240.0, 592.0], [1240.0, 593.0], [1240.0, 594.0], [1240.0, 595.0], [1240.0, 596.0], [1240.0, 597.0], [1240.0, 598.0], [1240.0, 599.0], [1240.0, 600.0], [1240.0, 601.0], [1240.0, 602.0], [1240.0, 603.0], [1240.0, 604.0], [1240.0, 605.0], [1240.0, 606.0], [1240.0, 607.0], [1240.0, 608.0], [1240.0, 609.0], [1240.0, 610.0], [1240.0, 611.0], [1240.0, 612.0], [1240.0, 613.0], [1240.0, 614.0], [1240.0, 615.0], [1240.0, 616.0], [1240.0, 617.0], [1240.0, 618.0]]}}, {"type": "Feature", "properties": {"label": 4, "method": "geodesic_dt"}, "geometry": {"type": "LineString", "coordinates": [[1253.0, 616.0], [1252.0, 615.0], [1252.0, 614.0], [1251.0, 613.0], [1251.0, 612.0], [1251.0, 611.0], [1251.0, 610.0], [1250.0, 609.0], [1250.0, 608.0], [1250.0, 607.0], [1249.0, 606.0], [1249.0, 605.0], [1249.0, 604.0], [1248.0, 603.0], [1248.0, 602.0], [1248.0, 601.0], [1247.0, 600.0], [1247.0, 599.0], [1246.0, 598.0], [1246.0, 597.0], [1246.0, 596.0], [1245.0, 595.0], [1245.0, 594.0], [1244.0, 593.0], [1244.0, 592.0], [1244.0, 591.0], [1244.0, 590.0], [1244.0, 589.0], [1244.0, 588.0], [1244.0, 587.0], [1244.0, 586.0], [1244.0, 585.0], [1244.0, 584.0], [1244.0, 583.0], [1244.0, 582.0], [1244.0, 581.0], [1244.0, 580.0], [1244.0, 579.0], [1244.0, 578.0], [1244.0, 577.0], [1244.0, 576.0], [1244.0, 575.0], [1244.0, 574.0], [1244.0, 573.0], [1244.0, 572.0], [1244.0, 571.0], [1244.0, 570.0], [1244.0, 569.0], [1244.0, 568.0], [1244.0, 567.0], [1244.0, 566.0], [1244.0, 565.0], [1244.0, 564.0], [1244.0, 563.0], [1244.0, 562.0], [1244.0, 561.0], [1244.0, 560.0], [1244.0, 559.0], [1245.0, 558.0], [1245.0, 557.0], [1245.0, 556.0], [1246.0, 555.0], [1246.0, 554.0], [1246.0, 553.0], [1246.0, 552.0], [1247.0, 551.0], [1247.0, 550.0], [1248.0, 549.0], [1248.0, 548.0], [1249.0, 547.0], [1249.0, 546.0], [1249.0, 545.0], [1250.0, 544.0], [1250.0, 543.0], [1250.0, 542.0], [1250.0, 541.0], [1251.0, 540.0], [1251.0, 539.0], [1251.0, 538.0], [1252.0, 537.0], [1252.0, 536.0], [1253.0, 535.0], [1253.0, 534.0], [1253.0, 533.0], [1253.0, 532.0], [1254.0, 531.0], [1254.0, 530.0], [1254.0, 529.0], [1254.0, 528.0], [1255.0, 527.0], [1255.0, 526.0], [1255.0, 525.0], [1255.0, 524.0], [1256.0, 523.0], [1256.0, 522.0], [1256.0, 521.0], [1256.0, 520.0], [1257.0, 519.0], [1257.0, 518.0], [1257.0, 517.0], [1258.0, 516.0], [1258.0, 515.0], [1259.0, 514.0], [1259.0, 513.0], [1260.0, 512.0], [1260.0, 511.0], [1261.0, 510.0], [1261.0, 509.0], [1262.0, 508.0], [1262.0, 507.0], [1263.0, 506.0], [1263.0, 505.0], [1263.0, 504.0], [1264.0, 503.0], [1264.0, 502.0], [1265.0, 501.0], [1265.0, 500.0], [1265.0, 499.0], [1266.0, 498.0], [1266.0, 497.0], [1267.0, 496.0], [1268.0, 495.0], [1268.0, 494.0], [1269.0, 493.0], [1270.0, 492.0], [1270.0, 491.0], [1271.0, 490.0], [1272.0, 489.0], [1272.0, 488.0], [1273.0, 487.0], [1274.0, 486.0], [1274.0, 485.0], [1275.0, 484.0], [1276.0, 483.0], [1276.0, 482.0], [1277.0, 481.0], [1278.0, 480.0], [1278.0, 479.0], [1279.0, 478.0], [1279.0, 477.0], [1280.0, 476.0], [1280.0, 475.0], [1281.0, 474.0], [1281.0, 473.0], [1282.0, 472.0], [1282.0, 471.0], [1283.0, 470.0], [1283.0, 469.0], [1284.0, 468.0], [1284.0, 467.0], [1285.0, 466.0], [1285.0, 465.0], [1285.0, 464.0], [1286.0, 463.0], [1286.0, 462.0], [1286.0, 461.0], [1287.0, 460.0], [1287.0, 459.0], [1288.0, 458.0], [1288.0, 457.0], [1288.0, 456.0], [1288.0, 455.0], [1288.0, 454.0], [1288.0, 453.0], [1288.0, 452.0], [1288.0, 451.0], [1288.0, 450.0], [1288.0, 449.0], [1288.0, 448.0], [1288.0, 447.0], [1288.0, 446.0], [1288.0, 445.0], [1288.0, 444.0], [1288.0, 443.0], [1289.0, 442.0], [1289.0, 441.0], [1289.0, 440.0], [1289.0, 439.0], [1289.0, 438.0], [1289.0, 437.0], [1289.0, 436.0], [1289.0, 435.0], [1289.0, 434.0], [1289.0, 433.0], [1289.0, 432.0], [1288.0, 431.0], [1288.0, 430.0], [1287.0, 429.0], [1287.0, 428.0], [1287.0, 427.0], [1286.0, 426.0], [1286.0, 425.0], [1286.0, 424.0], [1285.0, 423.0], [1285.0, 422.0], [1285.0, 421.0], [1284.0, 420.0], [1284.0, 419.0], [1283.0, 418.0], [1283.0, 417.0], [1283.0, 416.0], [1282.0, 415.0], [1282.0, 414.0], [1282.0, 413.0], [1281.0, 412.0], [1281.0, 411.0], [1281.0, 410.0], [1280.0, 409.0], [1280.0, 408.0], [1280.0, 407.0], [1279.0, 406.0], [1279.0, 405.0], [1278.0, 404.0], [1278.0, 403.0], [1277.0, 402.0], [1277.0, 401.0], [1276.0, 400.0], [1276.0, 399.0], [1275.0, 398.0], [1275.0, 397.0], [1274.0, 396.0], [1273.0, 395.0], [1272.0, 394.0], [1271.0, 393.0], [1270.0, 392.0], [1269.0, 391.0], [1268.0, 390.0], [1267.0, 389.0], [1266.0, 388.0], [1265.0, 387.0], [1264.0, 386.0], [1263.0, 385.0], [1262.0, 384.0], [1261.0, 383.0], [1260.0, 382.0], [1259.0, 381.0], [1258.0, 380.0], [1257.0, 379.0], [1256.0, 378.0], [1255.0, 378.0], [1254.0, 377.0], [1253.0, 376.0], [1252.0, 376.0], [1251.0, 375.0], [1250.0, 374.0], [1249.0, 374.0], [1248.0, 373.0], [1247.0, 372.0], [1246.0, 372.0], [1245.0, 371.0], [1244.0, 370.0], [1243.0, 370.0], [1242.0, 369.0], [1241.0, 368.0], [1240.0, 368.0], [1239.0, 367.0], [1238.0, 366.0], [1237.0, 366.0], [1236.0, 365.0], [1235.0, 364.0], [1234.0, 363.0], [1233.0, 362.0], [1232.0, 361.0], [1231.0, 360.0], [1230.0, 359.0], [1229.0, 359.0], [1228.0, 359.0], [1227.0, 358.0], [1226.0, 358.0], [1225.0, 358.0], [1224.0, 357.0], [1223.0, 357.0], [1222.0, 357.0], [1221.0, 356.0], [1220.0, 356.0], [1219.0, 355.0], [1218.0, 355.0], [1217.0, 355.0], [1216.0, 355.0], [1215.0, 355.0], [1214.0, 355.0], [1213.0, 355.0], [1212.0, 355.0], [1211.0, 355.0], [1210.0, 355.0], [1209.0, 355.0], [1208.0, 355.0], [1207.0, 355.0], [1206.0, 355.0], [1205.0, 355.0], [1204.0, 355.0], [1203.0, 355.0], [1202.0, 355.0], [1201.0, 355.0], [1200.0, 355.0], [1199.0, 355.0], [1198.0, 355.0], [1197.0, 355.0], [1196.0, 355.0], [1195.0, 355.0], [1194.0, 355.0], [1193.0, 355.0], [1192.0, 355.0], [1191.0, 355.0], [1190.0, 355.0], [1189.0, 355.0], [1188.0, 354.0], [1187.0, 354.0], [1186.0, 353.0], [1185.0, 353.0], [1184.0, 352.0], [1183.0, 351.0], [1182.0, 350.0], [1181.0, 349.0], [1180.0, 348.0], [1179.0, 348.0], [1178.0, 347.0], [1177.0, 346.0], [1176.0, 346.0], [1175.0, 345.0], [1174.0, 345.0], [1173.0, 344.0], [1172.0, 344.0], [1171.0, 344.0], [1170.0, 343.0], [1169.0, 343.0], [1168.0, 343.0], [1167.0, 342.0], [1166.0, 342.0], [1165.0, 342.0], [1164.0, 341.0], [1163.0, 341.0], [1162.0, 341.0], [1161.0, 341.0], [1160.0, 340.0], [1159.0, 340.0], [1158.0, 339.0]]}}, {"type": "Feature", "properties": {"label": 4, "method": "smoothed_spline"}, "geometry": {"type": "LineString", "coordinates": [[1254.0177133799648, 615.8190944452504], [1252.9264500348704, 614.0526859883216], [1251.8982271290477, 612.2860576229315], [1250.931985795274, 610.5192323625995], [1250.0266671663285, 608.7522332208462], [1249.1812123749874, 606.9850832111905], [1248.3945625540302, 605.2178053471529], [1247.6656588362348, 603.4504226422534], [1246.993442354379, 601.6829581100119], [1246.3768542412413, 599.9154347639482], [1245.8148356295987, 598.1478756175817], [1245.3063276522296, 596.3803036844329], [1244.8502714419128, 594.6127419780215], [1244.4456081314256, 592.8452135118677], [1244.0912788535466, 591.0777412994908], [1243.7862247410533, 589.3103483544112], [1243.529386926724, 587.5430576901482], [1243.319706543337, 585.7758923202225], [1243.1561247236698, 584.0088752581536], [1243.0375826005009, 582.2420295174613], [1242.963021306608, 580.4753781116657], [1242.9313819747695, 578.7089440542865], [1242.9416057377628, 576.9427503588435], [1242.992633728367, 575.176820038857], [1243.0834070793596, 573.4111761078467], [1243.2128669235185, 571.6458415793325], [1243.3799543936216, 569.880839466834], [1243.5836106224472, 568.1161927838714], [1243.8227767427734, 566.3519245439646], [1244.0963938873786, 564.5880577606338], [1244.40340318904, 562.8246154473983], [1244.7427457805359, 561.061620617778], [1245.1133627946447, 559.2990962852931], [1245.5141953641446, 557.5370654634638], [1245.944184621813, 555.7755511658095], [1246.4022717004286, 554.0145764058502], [1246.8873977327685, 552.2541641971056], [1247.3985038516114, 550.4943375530958], [1247.9345311897357, 548.735119487341], [1248.4944208799195, 546.9765330133607], [1249.07711405494, 545.2186011446752], [1249.6815518475748, 543.4613468948035], [1250.3066753906037, 541.7047932772664], [1250.9514258168035, 539.9489633055834], [1251.6147442589531, 538.1938799932747], [1252.2955718498297, 536.4395663538601], [1252.992849722211, 534.6860454008588], [1253.7055190088763, 532.9333401477917], [1254.4325208426035, 531.1814736081783], [1255.1727963561698, 529.4304687955383], [1255.9252866823533, 527.6803487233918], [1256.6889329539329, 525.9311364052587], [1257.462676303686, 524.1828548546589], [1258.245457864391, 522.4355270851122], [1259.0362187688252, 520.6891761101385], [1259.8339001497677, 518.9438249432578], [1260.6374431399956, 517.1994965979899], [1261.4457888722877, 515.4562140878548], [1262.2578784794216, 513.7140004263723], [1263.0726530941754, 511.9728786270624], [1263.8890538493272, 510.2328717034448], [1264.7060218776553, 508.49400266903956], [1265.5224983119372, 506.7562945373665], [1266.3374242849516, 505.0197703219456], [1267.1497409294761, 503.2844530362968], [1267.9583893782883, 501.5503656939397], [1268.7623107641675, 499.8175313083945], [1269.5604462198903, 498.08597289318084], [1270.3517368782364, 496.35571346181894], [1271.1351238719824, 494.62677602782856], [1271.909548333907, 492.8991836047295], [1272.6739513967882, 491.17295920604175], [1273.4272741934035, 489.44812584528495], [1274.168457856532, 487.7247065359796], [1274.8964435189507, 486.0027242916449], [1275.6101723134384, 484.2822021258011], [1276.308585372773, 482.5631630519683], [1276.9906238297317, 480.84563008366587], [1277.6552288170938, 479.129626234414], [1278.3013414676366, 477.4151745177328], [1278.9279029141385, 475.7022979471418], [1279.533854289377, 473.99101953616093], [1280.118136726131, 472.2813622983104], [1280.6796913571782, 470.57334924710983], [1281.2174593152959, 468.86700339607904], [1281.730381733263, 467.1623477587381], [1282.2173997438574, 465.45940534860705], [1282.6774544798568, 463.75819917920546], [1283.1094870740399, 462.05875226405345], [1283.5124386591842, 460.36108761667083], [1283.885250368068, 458.66522825057746], [1284.2268633334686, 456.97119717929326], [1284.5362186881657, 455.27901741633826], [1284.8122575649354, 453.5887119752321], [1285.0539210965571, 451.9003038694949], [1285.2601504158083, 450.2138161126465], [1285.4298866554673, 448.5292717182068], [1285.5620709483119, 446.84669369969555], [1285.6556989728151, 445.16611943632176], [1285.7105114665012, 443.48778253335195], [1285.7267883930251, 441.8120586119331], [1285.7048217413173, 440.13932646030736], [1285.64490350031, 438.4699648667167], [1285.5473256589341, 436.8043526194033], [1285.412380206121, 435.14286850660915], [1285.240359130803, 433.48589131657656], [1285.03155442191, 431.83379983754736], [1284.7862580683748, 430.1869728577638], [1284.5047620591276, 428.5457891654677], [1284.1873583831014, 426.91062754890146], [1283.8343390292262, 425.281866796307], [1283.445995986434, 423.6598856959264], [1283.0226212436564, 422.04506303600186], [1282.5645067898242, 420.4377776047753], [1282.0719446138694, 418.8384081904889], [1281.5452267047233, 417.24733358138474], [1280.9846450513173, 415.6649325657049], [1280.3904916425827, 414.09158393169133], [1279.7630584674505, 412.5276664675863], [1279.1026375148533, 410.97355896163185], [1278.4095207737216, 409.42964020206995], [1277.6840002329868, 407.8962889771427], [1276.926367881581, 406.37388407509235], [1276.136915708435, 404.8628042841608], [1275.3159357024804, 403.3634283925902], [1274.4637198526486, 401.87613518862264], [1273.580560147871, 400.4013034605003], [1272.6667485770793, 398.939311996465], [1271.7225771292049, 397.490539584759], [1270.7483377931785, 396.0553650136244], [1269.7443225579323, 394.6341670713032], [1268.7108234123975, 393.2273245460376], [1267.6481323455052, 391.8352162260695], [1266.5565413461875, 390.4582208996411], [1265.4363424033752, 389.0967173549945], [1264.2878275060002, 387.7510843803717], [1263.1112886429935, 386.4217007640149], [1261.9070178032866, 385.108945294166], [1260.675306975811, 383.8131967590673], [1259.4164481494984, 382.5348339469607], [1258.13073331328, 381.27423564608836], [1256.818454456087, 380.03178064469245], [1255.479903566851, 378.8078477310148], [1254.1153726345035, 377.60281569329777], [1252.7251536479753, 376.41706331978315], [1251.3095385961992, 375.2509693987133], [1249.8688194681051, 374.10491271833024], [1248.4032882526255, 372.9792720668759], [1246.9132369386916, 371.87442623259255], [1245.3989575152343, 370.79075400372216], [1243.8607485079713, 369.72862968477654], [1242.299120976189, 368.6882817986454], [1240.7148401646582, 367.66976451659986], [1239.1086862690445, 366.67312175475047], [1237.4814394850134, 365.698397429208], [1235.8338800082308, 364.74563545608345], [1234.1667880343628, 363.81487975148747], [1232.480943759074, 362.9061742315308], [1230.7771273780313, 362.0195628123242], [1229.0561190868993, 361.1550894099785], [1227.3186990813451, 360.3127979406044], [1225.5656475570331, 359.4927323203128], [1223.7977447096298, 358.6949364652145], [1222.0157707348003, 357.91945429142004], [1220.2205058282107, 357.1663297150404], [1218.412730185527, 356.43560665218627], [1216.5932240024142, 355.7273290189684], [1214.762767474539, 355.04154073149783], [1212.9221407975658, 354.378285705885], [1211.0721241671613, 353.7376078582408], [1209.2134977789908, 353.11955110467596], [1207.3470418287202, 352.5241593613013], [1205.4735365120152, 351.9514765442277], [1203.5937620245413, 351.4015465695658], [1201.7084985619645, 350.8744133534264], [1199.8185263199503, 350.37012081192034], [1197.9246254941645, 349.8887128611583], [1196.0275762802726, 349.4302334172511], [1194.1281588739407, 348.99472639630955], [1192.2271534708343, 348.58223571444427], [1190.325340266619, 348.19280528776625], [1188.4234994569604, 347.82647903238615], [1186.522411237525, 347.4833008644148], [1184.6228558039772, 347.1633146999628], [1182.725613351984, 346.8665644551412], [1180.8314640772105, 346.59309404606057], [1178.9411881753224, 346.3429473888318], [1177.0555658419858, 346.1161683995657], [1175.1753772728657, 345.9128009943729], [1173.3014026636283, 345.7328890893642], [1171.4344222099394, 345.57647660065044], [1169.575216107464, 345.4436074443423], [1167.724564551869, 345.33432553655075], [1165.883247738819, 345.2486747933864], [1164.0520458639805, 345.18669913096005], [1162.2317391230188, 345.1484424653825], [1160.4231077115994, 345.13394871276455], [1158.6269318253885, 345.14326178921687], [1156.8439916600516, 345.1764256108504], [1155.0750674112544, 345.23348409377576]]}}, {"type": "Feature", "properties": {"label": 5, "method": "skeleton_longest_path"}, "geometry": {"type": "LineString", "coordinates": [[375.5149287499273, 503.0597149997093], [375.75746437496366, 504.02985749985464], [376.0, 505.0], [376.0, 506.0], [377.0, 507.0], [377.0, 508.0], [377.0, 509.0], [377.0, 510.0], [378.0, 511.0], [378.0, 512.0], [378.0, 513.0], [379.0, 514.0], [380.0, 515.0], [381.0, 516.0], [382.0, 516.0], [383.0, 517.0], [384.0, 518.0], [385.0, 518.0], [386.0, 519.0], [387.0, 520.0], [388.0, 521.0], [389.0, 522.0], [390.0, 523.0], [391.0, 524.0], [392.0, 525.0], [393.0, 526.0], [394.0, 527.0], [395.0, 528.0], [396.0, 529.0], [397.0, 529.0], [398.0, 530.0], [399.0, 531.0], [400.0, 532.0], [401.0, 533.0], [402.0, 533.0], [403.0, 534.0], [404.0, 534.0], [405.0, 535.0], [406.0, 535.0], [407.0, 536.0], [408.0, 536.0], [409.0, 536.0], [410.0, 537.0], [411.0, 537.0], [412.0, 538.0], [413.0, 538.0], [414.0, 539.0], [415.0, 539.0], [416.0, 539.0], [417.0, 540.0], [418.0, 540.0], [419.0, 540.0], [420.0, 540.0], [421.0, 541.0], [422.0, 541.0], [423.0, 541.0], [424.0, 541.0], [425.0, 541.0], [426.0, 541.0], [427.0, 541.0], [427.0, 541.0], [428.0, 541.0], [429.0, 541.0], [430.0, 541.0], [431.0, 542.0], [432.0, 542.0], [433.0, 542.0], [434.0, 543.0], [435.0, 543.0], [436.0, 543.0], [437.0, 544.0], [438.0, 545.0], [439.0, 545.0], [440.0, 546.0], [441.0, 546.0], [442.0, 547.0], [443.0, 548.0], [444.0, 548.0], [445.0, 549.0], [446.0, 549.0], [447.0, 549.0], [448.0, 550.0], [449.0, 550.0], [450.0, 550.0], [451.0, 550.0], [452.0, 551.0], [453.0, 552.0], [454.0, 552.0], [455.0, 552.0], [456.0, 552.0], [457.0, 553.0], [458.0, 553.0], [459.0, 554.0], [460.0, 554.0], [461.0, 554.0], [462.0, 555.0], [463.0, 555.0], [464.0, 555.0], [465.0, 555.0], [466.0, 556.0], [467.0, 556.0], [468.0, 556.0], [469.0, 557.0], [470.0, 557.0], [471.0, 557.0], [472.0, 558.0], [473.0, 558.0], [474.0, 558.0], [475.0, 558.0], [476.0, 559.0], [477.0, 559.0], [478.0, 559.0], [479.0, 559.0], [480.0, 559.0], [481.0, 559.0], [482.0, 559.0], [483.0, 559.0], [484.0, 559.0], [485.0, 559.0], [486.0, 559.0], [487.0, 559.0], [488.0, 560.0], [489.0, 560.0], [490.0, 560.0], [491.0, 561.0], [492.0, 562.0], [493.0, 562.0], [494.0, 562.0], [495.0, 563.0], [496.0, 563.0], [497.0, 563.0], [498.0, 563.0], [499.0, 563.0], [500.0, 563.0], [501.0, 564.0], [502.0, 564.0], [503.0, 564.0], [504.0, 565.0], [505.0, 566.0], [506.0, 566.0], [507.0, 567.0], [508.0, 568.0], [509.0, 569.0], [510.0, 570.0], [511.0, 570.0], [512.0, 570.0], [513.0, 569.0], [514.0, 569.0], [515.0, 569.0], [516.0, 569.0], [517.0, 568.0], [518.0, 568.0], [519.0, 568.0], [520.0, 568.0], [521.0, 568.0], [522.0, 568.0], [523.0, 567.0], [524.0, 567.0], [525.0, 567.0], [526.0, 567.0], [527.0, 567.0], [528.0, 567.0], [529.0, 566.0], [530.0, 566.0], [531.0, 566.0], [532.0, 566.0], [533.0, 566.0], [534.0, 566.0], [535.0, 565.0], [536.0, 565.0], [537.0, 565.0], [538.0, 565.0], [539.0, 565.0], [540.0, 565.0], [541.0, 564.0], [542.0, 564.0], [543.0, 564.0], [544.0, 564.0], [545.0, 564.0], [546.0, 563.0], [547.0, 563.0], [548.0, 563.0], [549.0, 563.0], [550.0, 563.0], [551.0, 562.0], [552.0, 562.0], [553.0, 562.0], [554.0, 562.0], [555.0, 562.0], [556.0, 561.0], [557.0, 561.0], [558.0, 561.0], [559.0, 560.0], [560.0, 560.0], [561.0, 560.0], [562.0, 560.0], [563.0, 560.0], [564.0, 560.0], [565.0, 559.0], [566.0, 559.0], [567.0, 559.0], [568.0, 559.0], [569.0, 559.0], [570.0, 559.0], [571.0, 559.0], [572.0, 558.0], [573.0, 558.0], [574.0, 557.0], [575.0, 557.0], [576.0, 557.0], [577.0, 557.0], [578.0, 557.0], [579.0, 557.0], [580.0, 557.0], [581.0, 558.0], [582.0, 558.0], [583.0, 558.0], [584.0, 558.0], [585.0, 558.0], [586.0, 558.0], [587.0, 558.0], [588.0, 558.0], [589.0, 558.0], [590.0, 559.0], [591.0, 559.0], [592.0, 559.0], [593.0, 559.0], [594.0, 560.0], [595.0, 560.0], [595.9701425001454, 560.2425356250363], [596.9402850002907, 560.4850712500727], [597.9104275004361, 560.727606875109], [598.8805700005814, 560.9701425001454], [599.8507125007268, 561.2126781251817], [600.8208550008721, 561.455213750218], [601.7909975010175, 561.6977493752544], [602.7611400011629, 561.9402850002907], [603.7312825013082, 562.182820625327], [604.7014250014536, 562.4253562503634], [605.6715675015989, 562.6678918753997], [606.6417100017443, 562.9104275004361], [607.6118525018896, 563.1529631254724], [608.581995002035, 563.3954987505088], [609.5521375021804, 563.6380343755451], [610.5222800023257, 563.8805700005814], [611.4924225024711, 564.1231056256178], [612.4625650026164, 564.3656412506541], [613.4327075027618, 564.6081768756904]]}}, {"type": "Feature", "properties": {"label": 5, "method": "geodesic_dt"}, "geometry": {"type": "LineString", "coordinates": [[612.0, 571.0], [611.0, 570.0], [610.0, 570.0], [609.0, 569.0], [608.0, 569.0], [607.0, 569.0], [606.0, 569.0], [605.0, 568.0], [604.0, 568.0], [603.0, 567.0], [602.0, 566.0], [601.0, 566.0], [600.0, 565.0], [599.0, 564.0], [598.0, 563.0], [597.0, 562.0], [596.0, 562.0], [595.0, 561.0], [594.0, 561.0], [593.0, 560.0], [592.0, 559.0], [591.0, 559.0], [590.0, 558.0], [589.0, 558.0], [588.0, 558.0], [587.0, 558.0], [586.0, 558.0], [585.0, 558.0], [584.0, 558.0], [583.0, 558.0], [582.0, 558.0], [581.0, 558.0], [580.0, 558.0], [579.0, 558.0], [578.0, 558.0], [577.0, 558.0], [576.0, 558.0], [575.0, 558.0], [574.0, 558.0], [573.0, 559.0], [572.0, 559.0], [571.0, 559.0], [570.0, 560.0], [569.0, 560.0], [568.0, 560.0], [567.0, 560.0], [566.0, 561.0], [565.0, 561.0], [564.0, 561.0], [563.0, 562.0], [562.0, 562.0], [561.0, 563.0], [560.0, 563.0], [559.0, 564.0], [558.0, 564.0], [557.0, 564.0], [556.0, 565.0], [555.0, 565.0], [554.0, 565.0], [553.0, 566.0], [552.0, 566.0], [551.0, 566.0], [550.0, 567.0], [549.0, 567.0], [548.0, 567.0], [547.0, 567.0], [546.0, 567.0], [545.0, 568.0], [544.0, 568.0], [543.0, 568.0], [542.0, 568.0], [541.0, 568.0], [540.0, 569.0], [539.0, 569.0], [538.0, 569.0], [537.0, 569.0], [536.0, 570.0], [535.0, 570.0], [534.0, 570.0], [533.0, 571.0], [532.0, 571.0], [531.0, 571.0], [530.0, 571.0], [529.0, 572.0], [528.0, 572.0], [527.0, 572.0], [526.0, 573.0], [525.0, 573.0], [524.0, 573.0], [523.0, 573.0], [522.0, 574.0], [521.0, 574.0], [520.0, 574.0], [519.0, 574.0], [518.0, 574.0], [517.0, 574.0], [516.0, 574.0], [515.0, 574.0], [514.0, 574.0], [513.0, 574.0], [512.0, 574.0], [511.0, 574.0], [510.0, 574.0], [509.0, 573.0], [508.0, 572.0], [507.0, 572.0], [506.0, 571.0], [505.0, 570.0], [504.0, 569.0], [503.0, 569.0], [502.0, 568.0], [501.0, 567.0], [500.0, 567.0], [499.0, 566.0], [498.0, 565.0], [497.0, 565.0], [496.0, 564.0], [495.0, 564.0], [494.0, 563.0], [493.0, 563.0], [492.0, 562.0], [491.0, 562.0], [490.0, 561.0], [489.0, 561.0], [488.0, 560.0], [487.0, 559.0], [486.0, 559.0], [485.0, 558.0], [484.0, 558.0], [483.0, 557.0], [482.0, 557.0], [481.0, 556.0], [480.0, 556.0], [479.0, 555.0], [478.0, 555.0], [477.0, 554.0], [476.0, 553.0], [475.0, 553.0], [474.0, 552.0], [473.0, 552.0], [472.0, 551.0], [471.0, 551.0], [470.0, 550.0], [469.0, 550.0], [468.0, 550.0], [467.0, 549.0], [466.0, 549.0], [465.0, 549.0], [464.0, 548.0], [463.0, 548.0], [462.0, 548.0], [461.0, 547.0], [460.0, 547.0], [459.0, 547.0], [458.0, 547.0], [457.0, 547.0], [456.0, 547.0], [455.0, 547.0], [454.0, 547.0], [453.0, 547.0], [452.0, 547.0], [451.0, 547.0], [450.0, 547.0], [449.0, 547.0], [448.0, 547.0], [447.0, 547.0], [446.0, 547.0], [445.0, 547.0], [444.0, 547.0], [443.0, 547.0], [442.0, 547.0], [441.0, 546.0], [440.0, 546.0], [439.0, 546.0], [438.0, 546.0], [437.0, 546.0], [436.0, 546.0], [435.0, 546.0], [434.0, 546.0], [433.0, 545.0], [432.0, 545.0], [431.0, 545.0], [430.0, 545.0], [429.0, 544.0], [428.0, 544.0], [427.0, 544.0], [426.0, 544.0], [425.0, 544.0], [424.0, 543.0], [423.0, 543.0], [422.0, 542.0], [421.0, 542.0], [420.0, 541.0], [419.0, 540.0], [418.0, 540.0], [417.0, 539.0], [416.0, 539.0], [415.0, 539.0], [414.0, 538.0], [413.0, 538.0], [412.0, 538.0], [411.0, 537.0], [410.0, 537.0], [409.0, 536.0], [408.0, 536.0], [407.0, 536.0], [406.0, 535.0], [405.0, 535.0], [404.0, 534.0], [403.0, 533.0], [402.0, 533.0], [401.0, 532.0], [400.0, 531.0], [399.0, 530.0], [398.0, 529.0], [397.0, 528.0], [396.0, 527.0], [395.0, 526.0], [394.0, 525.0], [393.0, 524.0], [392.0, 523.0], [391.0, 522.0], [390.0, 521.0], [389.0, 520.0], [388.0, 519.0], [387.0, 518.0], [386.0, 517.0], [385.0, 516.0], [384.0, 515.0], [383.0, 514.0], [382.0, 513.0], [381.0, 512.0], [380.0, 511.0], [379.0, 510.0], [378.0, 509.0], [378.0, 508.0], [377.0, 507.0], [377.0, 506.0], [376.0, 505.0], [375.0, 504.0]]}}, {"type": "Feature", "properties": {"label": 5, "method": "smoothed_spline"}, "geometry": {"type": "LineString", "coordinates": [[612.4162945482549, 570.9228582196764], [611.2718803491811, 569.7831289314992], [610.1197536239248, 568.7167936444104], [608.9601398134773, 567.7219788720018], [607.7932643588306, 566.7968111278662], [606.6193527009754, 565.9394169255951], [605.4386302809037, 565.1479227787812], [604.251322539606, 564.4204552010162], [603.0576549180743, 563.7551407058925], [601.8578528573, 563.1501058070022], [600.6521417982742, 562.6034770179374], [599.4407471819883, 562.1133808522901], [598.2238944494337, 561.6779438236529], [597.0018090416017, 561.2952924456175], [595.7747163994839, 560.9635532317762], [594.5428419640716, 560.6808526957215], [593.3064111763556, 560.4453173510447], [592.0656494773283, 560.2550737113387], [590.8207823079799, 560.1082482901952], [589.5720351093026, 560.0029676012067], [588.3196333222878, 559.9373581579653], [587.0638023879262, 559.9095464740627], [585.80476774721, 559.9176590630917], [584.5427548411297, 559.959822438644], [583.2779891106774, 560.0341631143119], [582.0106959968441, 560.1388076036877], [580.7411009406211, 560.2718824203631], [579.4694293829997, 560.4315140779304], [578.1959067649717, 560.6158290899824], [576.9207585275283, 560.8229539701103], [575.6442101116605, 561.0510152319068], [574.36648695836, 561.2981393889638], [573.0878145086181, 561.5624529548736], [571.8084182034264, 561.8420824432284], [570.5285234837759, 562.1351543676202], [569.2483557906581, 562.4397952416411], [567.9681405650641, 562.7541315788833], [566.6881032479859, 563.0762898929393], [565.4084692804142, 563.4043966974006], [564.1294641033408, 563.7365785058597], [562.8513131577571, 564.070961831909], [561.5742418846539, 564.4056731891402], [560.2984757250232, 564.7388390911456], [559.024240119856, 565.0685860515174], [557.7517605101439, 565.3930405838478], [556.4812623368782, 565.7103292017289], [555.21297104105, 566.0185784187526], [553.9471120636508, 566.3159147485112], [552.6839108456722, 566.6004647045971], [551.4235928264695, 566.8703548110773], [550.1663253262851, 567.1240837279801], [548.9120640489174, 567.3615050928124], [547.6607165487352, 567.5827808432805], [546.412190380108, 567.7880729170913], [545.1663930974044, 567.9775432519508], [543.9232322549936, 568.1513537855658], [542.6826154072447, 568.3096664556427], [541.4444501085267, 568.452643199888], [540.2086439132089, 568.5804459560085], [538.97510437566, 568.6932366617101], [537.743739050249, 568.7911772546997], [536.5144554913455, 568.8744296726838], [535.2871612533181, 568.9431558533688], [534.0617638905359, 568.9975177344611], [532.838170957368, 569.0376772536672], [531.6162900081836, 569.0637963486938], [530.3960285973516, 569.0760369572471], [529.1772942792412, 569.0745610170342], [527.9599946082211, 569.0595304657608], [526.7440371386607, 569.0311072411338], [525.529329424929, 568.9894532808597], [524.315779021395, 568.934730522645], [523.1032934824276, 568.8671009041959], [521.8917803623963, 568.7867263632193], [520.6811472156697, 568.6937688374217], [519.4713015966172, 568.5883902645093], [518.2621510596075, 568.4707525821887], [517.05360315901, 568.3410177281664], [515.8455654491935, 568.199347640149], [514.6379454845272, 568.0459042558427], [513.4306508193802, 567.8808495129545], [512.2235890081214, 567.7043453491904], [511.0166676051198, 567.516553702257], [509.8097941647446, 567.317636509861], [508.60287624136487, 567.1077557097088], [507.39582138934975, 566.8870732395069], [506.18853716306796, 566.6557510369616], [504.98093111688894, 566.4139510397798], [503.77291080518154, 566.1618351856675], [502.56438378231474, 565.8995654123318], [501.35525760265784, 565.6273036574786], [500.14543982057967, 565.3452118588147], [498.9348379904494, 565.0534519540464], [497.7233596666361, 564.7521858808805], [496.5109124035087, 564.4415755770232], [495.29740375543645, 564.121782980181], [494.0827412767882, 563.7929700280608], [492.86683252193325, 563.4552986583689], [491.6495859490141, 563.1089319261249], [490.4309557312922, 562.7540894028385], [489.21096239691605, 562.3910726929528], [487.98963168624744, 562.020189844643], [486.7669893396472, 561.6417489060838], [485.54306109747716, 561.2560579254507], [484.31787270009835, 560.863424950918], [483.09144988787244, 560.4641580306613], [481.8638184011606, 560.0585652128553], [480.63500398032414, 559.6469545456752], [479.4050323657246, 559.2296340772957], [478.1739292977232, 558.8069118558919], [476.94172051668147, 558.3790959296391], [475.7084317629606, 557.9464943467118], [474.47408877692186, 557.5094151552855], [473.2387172989269, 557.0681664035346], [472.002343069337, 556.6230561396349], [470.76499182851336, 556.1743924117604], [469.5266893168175, 555.7224832680869], [468.28746127461073, 555.267636756789], [467.04733344225446, 554.8101609260419], [465.8063315601098, 554.3503638240203], [464.5644813685385, 553.8885534988997], [463.32180860790174, 553.4250379988547], [462.07833901856094, 552.9601253720604], [460.8340983408772, 552.4941236666914], [459.58911231521216, 552.0273409309233], [458.3434066819271, 551.560085212931], [457.09700718138333, 551.092664560889], [455.8499395539424, 550.625387022973], [454.60222953996555, 550.1585606473575], [453.3539028798141, 549.6924934822177], [452.1049853138493, 549.2274935757285], [450.8555025824328, 548.763868976065], [449.60548042592586, 548.3019277314022], [448.35494458468963, 547.8419778899147], [447.1039207990857, 547.3843274997779], [445.8524348094753, 546.9292846091666], [444.60051235622007, 546.4771572662563], [443.3481791796812, 546.0282535192214], [442.0954610202198, 545.5828814162369], [440.84238361819746, 545.141349005478], [439.58897271397575, 544.70396433512], [438.3352540479156, 544.2710354533372], [437.08125336037864, 543.842870408305], [435.8269963917262, 543.4197772481986], [434.5725088823196, 543.0020640211925], [433.3178165725202, 542.590038775462], [432.0629561863039, 542.1839677875037], [430.8081497363298, 541.7834126642055], [429.5537734024612, 541.3873487006459], [428.3002080578342, 540.9947333429611], [427.0478345755855, 540.6045240372875], [425.7970338288514, 540.2156782297611], [424.54818669076826, 539.8271533665186], [423.30167403447246, 539.4379068936956], [422.0578767331003, 539.0468962574287], [420.81717565978823, 538.6530789038541], [419.57995168767263, 538.2554122791075], [418.34658568989, 537.8528538293261], [417.11745853957655, 537.4443610006456], [415.8929511098687, 537.0288912392022], [414.673444273903, 536.6054019911321], [413.45931890481563, 536.1728507025718], [412.25095587574316, 535.7301948196575], [411.04873605982175, 535.276391788525], [409.8530403301879, 534.810399055311], [408.664249559978, 534.3311740661514], [407.4827446223285, 533.8376742671828], [406.3089063903757, 533.3288571045412], [405.14311573725604, 532.8036800243627], [403.98575353610573, 532.2611004727838], [402.8372006600614, 531.7000758959407], [401.69783798225933, 531.1195637399695], [400.56804637583593, 530.5185214510064], [399.4482067139276, 529.8959064751879], [398.33869986967056, 529.25067625865], [397.23990671620135, 528.581788247529], [396.1522081266564, 527.888199887961], [395.07598497417194, 527.1688686260825], [394.01161813188446, 526.4227519080295], [392.9594884729303, 525.6488071799382], [391.9199768704459, 524.845991887945], [390.8934641975675, 524.0132634781862], [389.88033132743175, 523.1495793967979], [388.88095913317477, 522.2538970899162], [387.895728487933, 521.3251740036776], [386.92502026484306, 520.3623675842182], [385.9692153370411, 519.3644352776743], [385.02869457766343, 518.3303345301819], [384.1038388598467, 517.2590227878775], [383.195029056727, 516.1494574968972], [382.302646041441, 515.0005961033771], [381.4270706871249, 513.8113960534538], [380.5686838669152, 512.5808147932634], [379.7278664539482, 511.3078097689419], [378.90499932136026, 509.9913384266257], [378.1004633422879, 508.63035821245114], [377.31463938986747, 507.2238265725543], [376.5479083372351, 505.77070095307135], [375.80065105752755, 504.2699388001388], [375.07324842388095, 502.72049755989246]]}}, {"type": "Feature", "properties": {"label": 6, "method": "skeleton_longest_path"}, "geometry": {"type": "LineString", "coordinates": [[985.6715675015989, 581.3321081246003], [984.7014250014536, 581.5746437496366], [983.7312825013082, 581.817179374673], [982.7611400011629, 582.0597149997093], [981.7909975010175, 582.3022506247456], [980.8208550008721, 582.544786249782], [979.8507125007268, 582.7873218748183], [978.8805700005814, 583.0298574998546], [977.9104275004361, 583.272393124891], [976.9402850002907, 583.5149287499273], [975.9701425001454, 583.7574643749637], [975.0, 584.0], [974.0, 584.0], [973.0, 584.0], [972.0, 584.0], [971.0, 584.0], [970.0, 584.0], [969.0, 585.0], [968.0, 585.0], [967.0, 586.0], [966.0, 586.0], [965.0, 587.0], [964.0, 588.0], [963.0, 589.0], [962.0, 590.0], [961.0, 591.0], [960.0, 592.0], [959.0, 593.0], [958.0, 594.0], [957.0, 595.0], [956.0, 596.0], [955.0, 597.0], [954.0, 598.0], [953.0, 599.0], [952.0, 600.0], [951.0, 601.0], [950.0, 602.0], [949.0, 603.0], [948.0, 604.0], [947.0, 605.0], [946.0, 606.0], [945.0, 607.0], [944.0, 608.0], [943.0, 609.0], [942.0, 610.0], [941.0, 610.0], [941.0, 610.0], [941.0, 611.0], [941.0, 612.0], [940.0, 613.0], [940.0, 614.0], [940.0, 615.0], [939.0, 616.0], [939.0, 617.0], [938.0, 618.0], [938.0, 619.0], [937.0, 620.0], [937.0, 621.0], [936.0, 622.0], [936.0, 623.0], [936.0, 624.0], [935.0, 625.0], [935.0, 626.0], [935.0, 627.0], [935.0, 628.0], [934.0, 629.0], [934.0, 630.0], [934.0, 631.0], [934.0, 632.0], [933.0, 633.0], [933.0, 634.0], [933.0, 635.0], [933.0, 636.0], [932.0, 637.0], [932.0, 638.0], [932.0, 639.0], [932.0, 640.0], [932.0, 641.0], [931.0, 642.0], [931.0, 643.0], [931.0, 644.0], [931.0, 645.0], [931.0, 646.0], [930.0, 647.0], [930.0, 648.0], [930.0, 649.0], [930.0, 650.0], [930.0, 651.0], [930.0, 652.0], [930.0, 653.0], [929.0, 654.0], [929.0, 655.0], [929.0, 656.0], [929.0, 657.0], [928.0, 658.0], [928.0, 659.0], [928.0, 660.0], [928.0, 661.0], [928.0, 662.0], [927.0, 663.0], [927.0, 664.0], [927.0, 665.0], [927.0, 666.0], [927.0, 667.0], [927.0, 668.0], [927.0, 669.0], [927.0, 670.0], [927.0, 671.0], [927.0, 672.0], [927.0, 673.0], [928.0, 674.0], [928.0, 675.0], [928.0, 676.0], [928.0, 677.0], [928.0, 678.0], [929.0, 679.0], [929.0, 680.0], [929.0, 681.0], [929.0, 682.0], [929.0, 683.0], [930.0, 684.0], [930.0, 685.0], [930.0, 686.0], [930.0, 687.0], [931.0, 688.0], [931.0, 689.0], [931.0, 690.0], [932.0, 691.0], [932.0, 692.0], [933.0, 693.0], [934.0, 694.0], [935.0, 695.0], [936.0, 696.0], [937.0, 696.0], [938.0, 697.0], [939.0, 698.0], [940.0, 699.0], [941.0, 700.0], [942.0, 700.0], [943.0, 701.0], [944.0, 702.0], [945.0, 703.0], [946.0, 704.0], [947.0, 705.0], [948.0, 705.0], [949.0, 706.0], [950.0, 706.0], [951.0, 707.0], [952.0, 707.0], [953.0, 708.0], [954.0, 709.0], [955.0, 709.0], [956.0, 710.0], [957.0, 711.0], [958.0, 712.0], [959.0, 713.0], [960.0, 714.0], [961.0, 715.0], [962.0, 716.0], [962.0, 717.0], [963.0, 718.0], [964.0, 719.0], [965.0, 720.0], [966.0, 721.0], [967.0, 722.0], [967.0, 723.0], [968.0, 724.0], [968.0, 725.0], [969.0, 726.0], [970.0, 727.0], [971.0, 728.0], [972.0, 729.0], [973.0, 730.0], [973.0, 731.0], [974.0, 732.0], [975.0, 733.0], [976.0, 734.0], [977.0, 735.0], [978.0, 736.0], [979.0, 737.0], [980.0, 738.0], [981.0, 739.0], [982.0, 740.0], [983.0, 741.0], [984.0, 742.0], [985.0, 743.0], [986.0, 744.0], [987.0, 745.0], [988.0, 746.0], [988.0, 747.0], [989.0, 748.0], [989.0, 749.0], [990.0, 750.0], [991.0, 751.0], [991.0, 752.0], [992.0, 753.0], [993.0, 754.0], [994.0, 755.0], [995.0, 756.0], [995.0, 757.0], [996.0, 758.0], [997.0, 759.0], [998.0, 760.0], [999.0, 761.0], [1000.0, 762.0], [1001.0, 763.0], [1001.0, 764.0], [1002.0, 765.0], [1002.0, 766.0], [1003.0, 767.0], [1004.0, 768.0], [1004.6, 768.8], [1005.2, 769.5999999999999], [1005.8000000000001, 770.3999999999999], [1006.4000000000001, 771.1999999999998], [1007.0000000000001, 771.9999999999998], [1007.6000000000001, 772.7999999999997], [1008.2000000000002, 773.5999999999997], [1008.8000000000002, 774.3999999999996], [1009.4000000000002, 775.1999999999996], [1010.0000000000002, 775.9999999999995], [1010.6000000000003, 776.7999999999995], [1011.2000000000003, 777.5999999999995], [1011.8000000000003, 778.3999999999994], [1012.4000000000003, 779.1999999999994], [1013.0000000000003, 779.9999999999993], [1013.6000000000004, 780.7999999999993], [1014.2000000000004, 781.5999999999992], [1014.8000000000004, 782.3999999999992], [1015.4000000000004, 783.1999999999991], [1016.0000000000005, 783.9999999999991], [1016.6000000000005, 784.799999999999], [1017.2000000000005, 785.599999999999], [1017.8000000000005, 786.399999999999], [1018.4000000000005, 787.1999999999989], [1019.0000000000006, 787.9999999999989], [1019.6000000000006, 788.7999999999988], [1020.2000000000006, 789.5999999999988], [1020.8000000000006, 790.3999999999987], [1021.4000000000007, 791.1999999999987], [1022.0000000000007, 791.9999999999986], [1022.6000000000007, 792.7999999999986], [1023.2000000000007, 793.5999999999985], [1023.8000000000008, 794.3999999999985], [1024.4000000000008, 795.1999999999985], [1025.0000000000007, 795.9999999999984], [1025.6000000000006, 796.7999999999984], [1026.2000000000005, 797.5999999999983], [1026.8000000000004, 798.3999999999983], [1027.4000000000003, 799.1999999999982], [1028.0000000000002, 799.9999999999982], [1028.6000000000001, 800.7999999999981], [1029.2, 801.5999999999981], [1029.8, 802.399999999998], [1030.3999999999999, 803.199999999998], [1030.9999999999998, 803.999999999998], [1031.5999999999997, 804.7999999999979], [1032.1999999999996, 805.5999999999979], [1032.7999999999995, 806.3999999999978], [1033.3999999999994, 807.1999999999978], [1033.9999999999993, 807.9999999999977], [1034.5999999999992, 808.7999999999977], [1035.1999999999991, 809.5999999999976], [1035.799999999999, 810.3999999999976], [1036.399999999999, 811.1999999999975], [1036.9999999999989, 811.9999999999975], [1037.5999999999988, 812.7999999999975], [1038.1999999999987, 813.5999999999974], [1038.7999999999986, 814.3999999999974], [1039.3999999999985, 815.1999999999973], [1039.9999999999984, 815.9999999999973], [1040.5999999999983, 816.7999999999972], [1041.1999999999982, 817.5999999999972], [1041.7999999999981, 818.3999999999971], [1042.399999999998, 819.1999999999971], [1042.999999999998, 819.999999999997]]}}, {"type": "Feature", "properties": {"label": 6, "method": "geodesic_dt"}, "geometry": {"type": "LineString", "coordinates": [[1026.0, 830.0], [1025.0, 829.0], [1025.0, 828.0], [1024.0, 827.0], [1024.0, 826.0], [1024.0, 825.0], [1024.0, 824.0], [1023.0, 823.0], [1023.0, 822.0], [1023.0, 821.0], [1022.0, 820.0], [1022.0, 819.0], [1022.0, 818.0], [1021.0, 817.0], [1021.0, 816.0], [1021.0, 815.0], [1020.0, 814.0], [1020.0, 813.0], [1019.0, 812.0], [1019.0, 811.0], [1019.0, 810.0], [1018.0, 809.0], [1018.0, 808.0], [1017.0, 807.0], [1017.0, 806.0], [1017.0, 805.0], [1016.0, 804.0], [1016.0, 803.0], [1015.0, 802.0], [1015.0, 801.0], [1015.0, 800.0], [1014.0, 799.0], [1014.0, 798.0], [1013.0, 797.0], [1013.0, 796.0], [1013.0, 795.0], [1012.0, 794.0], [1012.0, 793.0], [1011.0, 792.0], [1011.0, 791.0], [1010.0, 790.0], [1010.0, 789.0], [1010.0, 788.0], [1009.0, 787.0], [1009.0, 786.0], [1008.0, 785.0], [1008.0, 784.0], [1007.0, 783.0], [1006.0, 782.0], [1005.0, 781.0], [1004.0, 780.0], [1003.0, 779.0], [1002.0, 778.0], [1001.0, 777.0], [1000.0, 776.0], [999.0, 775.0], [999.0, 774.0], [998.0, 773.0], [997.0, 772.0], [996.0, 771.0], [996.0, 770.0], [995.0, 769.0], [995.0, 768.0], [995.0, 767.0], [994.0, 766.0], [994.0, 765.0], [994.0, 764.0], [993.0, 763.0], [993.0, 762.0], [993.0, 761.0], [992.0, 760.0], [992.0, 759.0], [992.0, 758.0], [991.0, 757.0], [991.0, 756.0], [991.0, 755.0], [990.0, 754.0], [990.0, 753.0], [990.0, 752.0], [989.0, 751.0], [989.0, 750.0], [989.0, 749.0], [988.0, 748.0], [988.0, 747.0], [988.0, 746.0], [987.0, 745.0], [986.0, 744.0], [985.0, 743.0], [984.0, 742.0], [983.0, 741.0], [982.0, 740.0], [981.0, 739.0], [980.0, 738.0], [979.0, 737.0], [978.0, 736.0], [977.0, 735.0], [976.0, 734.0], [975.0, 733.0], [974.0, 732.0], [973.0, 731.0], [972.0, 730.0], [971.0, 729.0], [970.0, 728.0], [969.0, 727.0], [969.0, 726.0], [968.0, 725.0], [967.0, 724.0], [966.0, 723.0], [965.0, 722.0], [964.0, 721.0], [963.0, 720.0], [962.0, 719.0], [961.0, 718.0], [960.0, 717.0], [959.0, 716.0], [959.0, 715.0], [958.0, 714.0], [957.0, 713.0], [956.0, 712.0], [955.0, 711.0], [954.0, 710.0], [953.0, 709.0], [952.0, 709.0], [951.0, 708.0], [950.0, 707.0], [949.0, 706.0], [948.0, 706.0], [947.0, 705.0], [946.0, 704.0], [945.0, 703.0], [944.0, 703.0], [943.0, 702.0], [942.0, 701.0], [941.0, 700.0], [940.0, 699.0], [939.0, 698.0], [938.0, 697.0], [937.0, 696.0], [936.0, 695.0], [936.0, 694.0], [935.0, 693.0], [934.0, 692.0], [934.0, 691.0], [933.0, 690.0], [932.0, 689.0], [932.0, 688.0], [932.0, 687.0], [932.0, 686.0], [931.0, 685.0], [931.0, 684.0], [931.0, 683.0], [931.0, 682.0], [930.0, 681.0], [930.0, 680.0], [930.0, 679.0], [930.0, 678.0], [930.0, 677.0], [930.0, 676.0], [929.0, 675.0], [929.0, 674.0], [929.0, 673.0], [929.0, 672.0], [929.0, 671.0], [929.0, 670.0], [929.0, 669.0], [929.0, 668.0], [928.0, 667.0], [928.0, 666.0], [928.0, 665.0], [928.0, 664.0], [928.0, 663.0], [928.0, 662.0], [928.0, 661.0], [928.0, 660.0], [927.0, 659.0], [927.0, 658.0], [927.0, 657.0], [927.0, 656.0], [927.0, 655.0], [927.0, 654.0], [927.0, 653.0], [926.0, 652.0], [926.0, 651.0], [926.0, 650.0], [926.0, 649.0], [926.0, 648.0], [926.0, 647.0], [926.0, 646.0], [926.0, 645.0], [926.0, 644.0], [925.0, 643.0], [925.0, 642.0], [925.0, 641.0], [925.0, 640.0], [925.0, 639.0], [925.0, 638.0], [925.0, 637.0], [925.0, 636.0], [925.0, 635.0], [925.0, 634.0], [926.0, 633.0], [926.0, 632.0], [926.0, 631.0], [927.0, 630.0], [927.0, 629.0], [927.0, 628.0], [928.0, 627.0], [928.0, 626.0], [928.0, 625.0], [928.0, 624.0], [929.0, 623.0], [929.0, 622.0], [929.0, 621.0], [929.0, 620.0], [930.0, 619.0], [930.0, 618.0], [930.0, 617.0], [931.0, 616.0], [931.0, 615.0], [932.0, 614.0], [932.0, 613.0], [932.0, 612.0], [933.0, 611.0], [933.0, 610.0], [934.0, 609.0], [934.0, 608.0], [934.0, 607.0], [934.0, 606.0], [934.0, 605.0], [934.0, 604.0], [934.0, 603.0], [934.0, 602.0], [934.0, 601.0], [934.0, 600.0], [934.0, 599.0], [934.0, 598.0], [934.0, 597.0], [934.0, 596.0], [934.0, 595.0], [934.0, 594.0], [934.0, 593.0], [934.0, 592.0], [934.0, 591.0], [934.0, 590.0], [934.0, 589.0], [934.0, 588.0], [934.0, 587.0], [934.0, 586.0], [934.0, 585.0], [934.0, 584.0], [934.0, 583.0], [934.0, 582.0], [934.0, 581.0], [934.0, 580.0], [934.0, 579.0], [933.0, 578.0], [933.0, 577.0], [933.0, 576.0], [933.0, 575.0], [933.0, 574.0], [932.0, 573.0], [932.0, 572.0], [931.0, 571.0], [931.0, 570.0], [931.0, 569.0], [930.0, 568.0], [930.0, 567.0], [930.0, 566.0], [930.0, 565.0], [930.0, 564.0], [930.0, 563.0], [929.0, 562.0], [929.0, 561.0], [929.0, 560.0], [929.0, 559.0], [929.0, 558.0], [928.0, 557.0], [928.0, 556.0], [928.0, 555.0], [928.0, 554.0], [927.0, 553.0], [927.0, 552.0], [926.0, 551.0]]}}, {"type": "Feature", "properties": {"label": 6, "method": "smoothed_spline"}, "geometry": {"type": "LineString", "coordinates": [[1022.7316974201077, 831.1182783466254], [1022.5976629722348, 829.5404200412809], [1022.4432119285317, 827.970251038167], [1022.2684940101234, 826.4077161097088], [1022.0736589381379, 824.8527600283327], [1021.8588564337014, 823.3053275664648], [1021.6242362179404, 821.7653634965311], [1021.3699480119822, 820.2328125909578], [1021.0961415369526, 818.7076196221706], [1020.8029665139794, 817.189729362596], [1020.4905726641889, 815.6790865846598], [1020.1591097087072, 814.1756360607878], [1019.8087273686623, 812.679322563407], [1019.4395753651796, 811.1900908649424], [1019.0518034193866, 809.7078857378203], [1018.6455612524101, 808.2326519544675], [1018.2209985853759, 806.7643342873091], [1017.7782651394118, 805.3028775087716], [1017.3175106356435, 803.8482263912811], [1016.8388847951991, 802.4003257072635], [1016.3425373392041, 800.9591202291451], [1015.8286179887853, 799.5245547293514], [1015.2972764650698, 798.0965739803089], [1014.7486624891845, 796.6751227544438], [1014.1829257822559, 795.260145824182], [1013.6002160654102, 793.8515879619493], [1013.0006830597752, 792.4493939401722], [1012.3844764864765, 791.0535085312762], [1011.7517460666414, 789.663876507688], [1011.1026415213967, 788.2804426418329], [1010.4373125718689, 786.9031517061379], [1009.7559089391847, 785.5319484730283], [1009.0585803444706, 784.1667777149303], [1008.3454765088542, 782.8075842042704], [1007.6167471534611, 781.454312713474], [1006.8725419994187, 780.1069080149673], [1006.1130107678534, 778.765314881177], [1005.338303179892, 777.4294780845281], [1004.5485689566617, 776.0993423974478], [1003.7439578192884, 774.7748525923614], [1002.9246194888996, 773.4559534416952], [1002.0907036866208, 772.142589717875], [1001.2423601335804, 770.8347061933273], [1000.3797385509037, 769.5322476404777], [999.5029886597179, 768.2351588317526], [998.6122601811503, 766.9433845395782], [997.7077028363268, 765.6568695363801], [996.7894663463741, 764.3755585945842], [995.8577004324197, 763.0993964866175], [994.9125548155896, 761.8283279849051], [993.954179217011, 760.5622978618735], [992.9827233578102, 759.3012508899486], [991.9983598931046, 758.0451245492444], [991.0015608461525, 756.7937611299012], [989.9930081684388, 755.546936171262], [988.9733881481286, 754.3044238337363], [987.9433870733886, 753.0659982777337], [986.9036912323847, 751.8314336636644], [985.8549869132823, 750.6005041519376], [984.797960404248, 749.372983902963], [983.7332979934476, 748.1486470771509], [982.661685969047, 746.9272678349106], [981.583810619212, 745.7086203366517], [980.5003582321093, 744.4924787427847], [979.4120150959038, 743.2786172137179], [978.3194674987623, 742.0668099098625], [977.2234017288505, 740.8568309916274], [976.1245040743345, 739.6484546194224], [975.0234608233802, 738.4414549536577], [973.9209582641531, 737.2356061547423], [972.8176826848197, 736.0306823830862], [971.7143203735461, 734.8264577990994], [970.6115576184983, 733.6227065631916], [969.5100807078418, 732.4192028357722], [968.4105759297425, 731.215720777251], [967.3137295723674, 730.0120345480381], [966.220227923881, 728.8079183085425], [965.1307572724505, 727.6031462191746], [964.0460039062414, 726.397492440344], [962.9666541134196, 725.19073113246], [961.8933941821515, 723.982636455933], [960.8269104006023, 722.772982571172], [959.7678890569388, 721.5615436385871], [958.7170164393262, 720.3480938185883], [957.6749788359311, 719.1324072715847], [956.6424625349194, 717.9142581579864], [955.6201538244567, 716.6934206382031], [954.6087389927094, 715.4696688726445], [953.608904327843, 714.2427770217203], [952.6213361180238, 713.0125192458402], [951.6467206514183, 711.7786697054141], [950.6857442161911, 710.5410025608513], [949.7390931005095, 709.2992919725621], [948.8074535925386, 708.0533121009557], [947.8915119804449, 706.802837106442], [946.9919545523945, 705.5476411494312], [946.1094675965528, 704.2874983903323], [945.244737401086, 703.0221829895552], [944.3984502541604, 701.7514691075099], [943.5712924439415, 700.4751309046061], [942.7639502585956, 699.1929425412533], [941.9771099862886, 697.9046781778612], [941.2114579151864, 696.6101119748398], [940.467680333455, 695.3090180925985], [939.7464635292604, 694.0011706915474], [939.0484937907685, 692.6863439320956], [938.3744574061454, 691.3643119746538], [937.7250406635569, 690.0348489796306], [937.1008845174836, 688.6977430971373], [936.5020099838156, 687.3529737865751], [935.927989052059, 686.000659074166], [935.3783836791184, 684.6409200821324], [934.8527558218968, 683.2738779326969], [934.3506674372983, 681.8996537480818], [933.8716804822265, 680.5183686505096], [933.415356913585, 679.1301437622029], [932.9812586882778, 677.7351002053838], [932.5689477632081, 676.3333591022748], [932.1779860952805, 674.9250415750986], [931.8079356413978, 673.5102687460771], [931.4583583584641, 672.0891617374333], [931.1288162033834, 670.6618416713893], [930.8188711330591, 669.2284296701677], [930.528085104395, 667.7890468559907], [930.2560200742948, 666.3438143510809], [930.0022379996626, 664.8928532776611], [929.7663008374013, 663.4362847579528], [929.5477705444152, 661.9742299141791], [929.3462090776079, 660.5068098685623], [929.1611783938832, 659.0341457433246], [928.9922404501448, 657.556358660689], [928.8389572032962, 656.0735697428776], [928.7008906102418, 654.5859001121129], [928.5776026278844, 653.0934708906168], [928.4686552131283, 651.5964032006123], [928.3736103228771, 650.0948181643217], [928.2920299140346, 648.5888369039677], [928.2234759435042, 647.0785805417722], [928.1675103681902, 645.5641701999579], [928.1236951449956, 644.0457270007472], [928.0915922308247, 642.5233720663625], [928.0707635825812, 640.9972265190264], [928.0607711571683, 639.4674114809611], [928.0611769114903, 637.9340480743891], [928.0715428024507, 636.3972574215329], [928.0914307869532, 634.8571606446147], [928.1204028219016, 633.3138788658574], [928.1580208641997, 631.7675332074831], [928.2038468707507, 630.2182447917141], [928.2574427984591, 628.6661347407731], [928.318370604228, 627.1113241768824], [928.3861922449615, 625.5539342222644], [928.4604696775632, 623.9940859991417], [928.5407648589369, 622.4319006297366], [928.626639745986, 620.8674992362713], [928.7176562956148, 619.3010029409688], [928.8133764647265, 617.732532866051], [928.9133622102252, 616.1622101337407], [929.0171754890139, 614.5901558662599], [929.1243782579975, 613.0164911858317], [929.2345324740787, 611.4413372146778], [929.3472000941617, 609.864815075021], [929.4619430751502, 608.2870458890836], [929.5783233739479, 606.7081507790882], [929.6959029474582, 605.1282508672571], [929.8142437525855, 603.5474672758128], [929.9329077462329, 601.9659211269775], [930.0514568853043, 600.3837335429741], [930.169453126704, 598.8010256460248], [930.2864584273345, 597.2179185583516], [930.4020347441005, 595.6345334021776], [930.5157440339054, 594.0509912997247], [930.6271482536533, 592.4674133732159], [930.7358093602472, 590.883920744873], [930.8412893105914, 589.3006345369188], [930.9431500615894, 587.7176758715757], [931.040953570145, 586.135165871066], [931.1342617931621, 584.5532256576125], [931.2226366875439, 582.9719763534371], [931.3056402101945, 581.3915390807623], [931.3828343180178, 579.8120349618109], [931.4537809679169, 578.2335851188051], [931.5180421167963, 576.6563106739674], [931.5751797215592, 575.08033274952], [931.6247557391093, 573.5057724676858], [931.6663321263507, 571.9327509506866], [931.6994708401868, 570.3613893207454], [931.7237338375214, 568.7918087000844], [931.7386830752582, 567.224130210926], [931.7438805103011, 565.6584749754925], [931.7388880995538, 564.0949641160066], [931.72326779992, 562.5337187546907], [931.6965815683029, 560.974860013767], [931.6583913616072, 559.4185090154582], [931.608259136736, 557.8647868819866], [931.5457468505928, 556.3138147355744], [931.4704164600818, 554.7657136984444], [931.3818299221068, 553.2206048928191], [931.279549193571, 551.6786094409205], [931.1631362313788, 550.1398484649714]]}}, {"type": "Feature", "properties": {"label": 7, "method": "skeleton_longest_path"}, "geometry": {"type": "LineString", "coordinates": [[725.0, 655.0], [725.0, 656.0], [725.0, 657.0], [724.0, 658.0], [724.0, 659.0], [724.0, 660.0], [724.0, 661.0], [724.0, 662.0], [724.0, 663.0], [724.0, 664.0], [725.0, 665.0], [726.0, 666.0], [726.0, 667.0], [727.0, 668.0], [728.0, 669.0], [729.0, 670.0], [730.0, 671.0], [731.0, 672.0], [732.0, 673.0], [733.0, 674.0], [734.0, 675.0], [735.0, 676.0], [736.0, 677.0], [737.0, 678.0], [738.0, 679.0], [739.0, 680.0], [740.0, 681.0], [741.0, 682.0], [742.0, 683.0], [743.0, 684.0], [744.0, 685.0], [745.0, 686.0], [746.0, 687.0], [747.0, 688.0], [748.0, 689.0], [749.0, 690.0], [750.0, 691.0], [751.0, 692.0], [752.0, 693.0], [753.0, 694.0], [754.0, 695.0], [755.0, 696.0], [756.0, 697.0], [757.0, 698.0], [758.0, 699.0], [759.0, 700.0], [760.0, 701.0], [761.0, 702.0], [762.0, 703.0], [763.0, 704.0], [764.0, 705.0], [765.0, 705.0], [765.0, 705.0], [765.0, 706.0], [765.0, 707.0], [765.0, 708.0], [765.0, 709.0], [765.0, 710.0], [765.0, 711.0], [766.0, 712.0], [766.0, 713.0], [766.0, 714.0], [766.0, 715.0], [766.0, 716.0], [765.0, 717.0], [765.0, 717.0], [765.0, 718.0], [765.0, 719.0], [766.0, 720.0], [766.0, 721.0], [766.0, 722.0], [766.0, 723.0], [766.0, 724.0], [766.0, 725.0], [767.0, 726.0], [767.0, 727.0], [767.0, 728.0], [767.0, 729.0], [768.0, 730.0], [768.0, 731.0], [768.0, 732.0], [769.0, 733.0], [769.0, 734.0], [769.0, 735.0], [770.0, 736.0], [770.0, 737.0], [770.0, 738.0], [770.0, 739.0], [770.0, 740.0], [770.0, 741.0], [770.0, 742.0], [770.0, 743.0], [770.0, 744.0], [770.0, 745.0], [770.0, 746.0], [770.0, 747.0], [770.0, 748.0], [769.0, 749.0], [769.0, 750.0], [768.0, 751.0], [768.0, 752.0], [768.0, 753.0], [768.0, 754.0], [768.0, 755.0], [768.0, 756.0], [768.0, 757.0], [768.0, 758.0], [768.0, 759.0], [768.0, 760.0], [768.0, 761.0], [768.0, 762.0], [768.0, 763.0], [768.0, 764.0], [768.0, 765.0], [767.0, 766.0], [767.0, 767.0], [766.0, 768.0], [766.0, 769.0], [766.0, 770.0], [766.0, 771.0], [766.0, 772.0], [765.0, 773.0], [765.0, 774.0], [765.0, 775.0], [765.0, 776.0], [765.0, 776.0], [766.0, 776.0], [767.0, 777.0], [768.0, 778.0], [768.0, 779.0], [769.0, 780.0], [770.0, 781.0], [770.0, 782.0], [771.0, 783.0], [772.0, 784.0], [772.0, 785.0], [773.0, 786.0], [774.0, 787.0], [775.0, 787.0], [776.0, 788.0], [777.0, 789.0], [778.0, 789.0], [779.0, 790.0], [780.0, 791.0], [781.0, 792.0], [782.0, 793.0], [782.0, 793.0], [782.0, 794.0], [782.0, 795.0], [782.0, 796.0], [782.0, 797.0], [782.0, 798.0], [782.0, 799.0], [782.0, 800.0], [782.0, 801.0], [782.0, 802.0], [782.0, 803.0], [782.0, 804.0], [782.0, 805.0], [782.0, 806.0], [782.0, 807.0], [782.0, 808.0], [782.0, 809.0], [782.0, 810.0], [782.0, 811.0], [781.0, 812.0], [781.0, 813.0], [781.0, 814.0], [780.0, 815.0], [780.0, 816.0], [780.0, 817.0], [779.0, 818.0], [779.0, 819.0], [778.0, 820.0], [778.0, 821.0], [778.0, 822.0], [777.0, 823.0], [777.0, 824.0], [776.0, 825.0], [776.0, 826.0], [775.0, 827.0], [775.0, 828.0], [775.0, 829.0], [774.0, 830.0], [774.0, 831.0], [774.0, 832.0], [773.0, 833.0], [773.0, 834.0], [773.0, 835.0], [772.0, 836.0], [772.0, 837.0], [772.0, 838.0], [772.0, 839.0], [771.0, 840.0], [771.0, 841.0], [771.0, 842.0], [770.0, 843.0], [770.0, 844.0], [770.0, 845.0], [770.0, 846.0], [769.0, 847.0], [769.0, 848.0], [769.0, 849.0], [768.0, 850.0], [768.0, 851.0], [767.0, 852.0], [767.0, 853.0], [767.0, 854.0], [766.0, 855.0], [766.0, 856.0], [765.0, 857.0], [765.0, 858.0], [765.0, 859.0], [764.0, 860.0], [764.0, 861.0], [763.0, 862.0], [763.0, 863.0], [763.0, 864.0], [762.0, 865.0], [762.0, 866.0], [761.0, 867.0], [761.0, 868.0], [761.0, 869.0], [760.0, 870.0], [760.0, 871.0], [760.0, 872.0], [759.0, 873.0], [759.0, 874.0], [759.0, 875.0], [758.0, 876.0], [758.0, 877.0], [757.0, 878.0], [757.0, 879.0], [756.0, 880.0], [756.0, 881.0], [755.0, 882.0], [755.0, 883.0], [754.0, 884.0], [754.0, 885.0], [753.0, 886.0], [752.0, 887.0], [751.0, 888.0], [750.0, 889.0], [749.0, 889.0], [748.0, 890.0], [747.0, 891.0], [746.0, 892.0], [745.0, 893.0], [744.0, 894.0], [744.0, 895.0], [743.0, 896.0], [742.0, 897.0], [742.0, 898.0], [741.0, 899.0], [740.0, 900.0], [739.0, 901.0], [738.0, 902.0], [737.0, 903.0], [736.0, 904.0], [735.0, 905.0], [734.0, 906.0], [733.0, 907.0], [732.0, 907.0], [731.0, 908.0], [730.0, 908.0], [729.0, 909.0], [728.0, 910.0], [727.0, 911.0], [726.0, 911.0], [725.152001695995, 911.5299989400032], [724.3040033919899, 912.0599978800064], [723.4560050879849, 912.5899968200097], [722.6080067839798, 913.1199957600129], [721.7600084799748, 913.6499947000161], [720.9120101759697, 914.1799936400193], [720.0640118719647, 914.7099925800226], [719.2160135679596, 915.2399915200258], [718.3680152639546, 915.769990460029], [717.5200169599495, 916.2999894000322], [716.6720186559445, 916.8299883400355], [715.8240203519395, 917.3599872800387], [714.9760220479344, 917.8899862200419], [714.1280237439294, 918.4199851600451], [713.2800254399243, 918.9499841000484], [712.4320271359193, 919.4799830400516], [711.5840288319142, 920.0099819800548], [710.7360305279092, 920.539980920058], [709.8880322239041, 921.0699798600613], [709.0400339198991, 921.5999788000645], [708.192035615894, 922.1299777400677], [707.344037311889, 922.6599766800709], [706.496039007884, 923.1899756200742], [705.6480407038789, 923.7199745600774], [704.8000423998739, 924.2499735000806], [703.9520440958688, 924.7799724400838], [703.1040457918638, 925.3099713800871], [702.2560474878587, 925.8399703200903], [701.4080491838537, 926.3699692600935], [700.5600508798486, 926.8999682000967], [699.7120525758436, 927.4299671401], [698.8640542718385, 927.9599660801032], [698.0160559678335, 928.4899650201064], [697.1680576638284, 929.0199639601096], [696.3200593598234, 929.5499629001129], [695.4720610558184, 930.0799618401161], [694.6240627518133, 930.6099607801193], [693.7760644478083, 931.1399597201225], [692.9280661438032, 931.6699586601258]]}}, {"type": "Feature", "properties": {"label": 7, "method": "geodesic_dt"}, "geometry": {"type": "LineString", "coordinates": [[709.0, 944.0], [710.0, 943.0], [710.0, 942.0], [711.0, 941.0], [711.0, 940.0], [711.0, 939.0], [711.0, 938.0], [712.0, 937.0], [712.0, 936.0], [712.0, 935.0], [713.0, 934.0], [713.0, 933.0], [713.0, 932.0], [714.0, 931.0], [714.0, 930.0], [714.0, 929.0], [715.0, 928.0], [715.0, 927.0], [716.0, 926.0], [716.0, 925.0], [716.0, 924.0], [717.0, 923.0], [717.0, 922.0], [718.0, 921.0], [719.0, 920.0], [720.0, 919.0], [721.0, 918.0], [722.0, 917.0], [723.0, 916.0], [724.0, 915.0], [725.0, 914.0], [726.0, 913.0], [727.0, 912.0], [728.0, 911.0], [729.0, 910.0], [730.0, 909.0], [731.0, 908.0], [732.0, 907.0], [733.0, 906.0], [734.0, 905.0], [735.0, 904.0], [736.0, 903.0], [737.0, 902.0], [738.0, 901.0], [739.0, 900.0], [740.0, 899.0], [741.0, 898.0], [742.0, 897.0], [743.0, 896.0], [744.0, 895.0], [745.0, 894.0], [746.0, 893.0], [747.0, 892.0], [748.0, 891.0], [749.0, 890.0], [750.0, 889.0], [751.0, 888.0], [752.0, 887.0], [753.0, 886.0], [754.0, 885.0], [755.0, 884.0], [756.0, 883.0], [757.0, 882.0], [758.0, 881.0], [759.0, 880.0], [760.0, 879.0], [761.0, 878.0], [762.0, 877.0], [763.0, 876.0], [764.0, 875.0], [765.0, 874.0], [766.0, 873.0], [767.0, 872.0], [767.0, 871.0], [768.0, 870.0], [769.0, 869.0], [769.0, 868.0], [770.0, 867.0], [771.0, 866.0], [771.0, 865.0], [772.0, 864.0], [773.0, 863.0], [773.0, 862.0], [774.0, 861.0], [774.0, 860.0], [775.0, 859.0], [776.0, 858.0], [776.0, 857.0], [777.0, 856.0], [777.0, 855.0], [778.0, 854.0], [778.0, 853.0], [778.0, 852.0], [779.0, 851.0], [779.0, 850.0], [779.0, 849.0], [780.0, 848.0], [780.0, 847.0], [780.0, 846.0], [781.0, 845.0], [781.0, 844.0], [781.0, 843.0], [782.0, 842.0], [782.0, 841.0], [782.0, 840.0], [782.0, 839.0], [783.0, 838.0], [783.0, 837.0], [783.0, 836.0], [784.0, 835.0], [784.0, 834.0], [784.0, 833.0], [784.0, 832.0], [785.0, 831.0], [785.0, 830.0], [785.0, 829.0], [786.0, 828.0], [786.0, 827.0], [786.0, 826.0], [786.0, 825.0], [787.0, 824.0], [787.0, 823.0], [787.0, 822.0], [788.0, 821.0], [788.0, 820.0], [788.0, 819.0], [788.0, 818.0], [788.0, 817.0], [788.0, 816.0], [788.0, 815.0], [787.0, 814.0], [787.0, 813.0], [786.0, 812.0], [786.0, 811.0], [785.0, 810.0], [785.0, 809.0], [784.0, 808.0], [784.0, 807.0], [783.0, 806.0], [783.0, 805.0], [782.0, 804.0], [782.0, 803.0], [781.0, 802.0], [781.0, 801.0], [780.0, 800.0], [780.0, 799.0], [779.0, 798.0], [779.0, 797.0], [778.0, 796.0], [777.0, 795.0], [777.0, 794.0], [776.0, 793.0], [776.0, 792.0], [775.0, 791.0], [774.0, 790.0], [774.0, 789.0], [773.0, 788.0], [772.0, 787.0], [771.0, 786.0], [771.0, 785.0], [770.0, 784.0], [770.0, 783.0], [770.0, 782.0], [770.0, 781.0], [769.0, 780.0], [769.0, 779.0], [769.0, 778.0], [769.0, 777.0], [769.0, 776.0], [769.0, 775.0], [769.0, 774.0], [769.0, 773.0], [769.0, 772.0], [769.0, 771.0], [769.0, 770.0], [769.0, 769.0], [769.0, 768.0], [769.0, 767.0], [769.0, 766.0], [768.0, 765.0], [768.0, 764.0], [768.0, 763.0], [768.0, 762.0], [768.0, 761.0], [768.0, 760.0], [767.0, 759.0], [767.0, 758.0], [767.0, 757.0], [767.0, 756.0], [767.0, 755.0], [767.0, 754.0], [766.0, 753.0], [766.0, 752.0], [766.0, 751.0], [766.0, 750.0], [766.0, 749.0], [766.0, 748.0], [766.0, 747.0], [766.0, 746.0], [766.0, 745.0], [766.0, 744.0], [766.0, 743.0], [766.0, 742.0], [766.0, 741.0], [766.0, 740.0], [766.0, 739.0], [766.0, 738.0], [766.0, 737.0], [766.0, 736.0], [766.0, 735.0], [767.0, 734.0], [767.0, 733.0], [767.0, 732.0], [767.0, 731.0], [767.0, 730.0], [767.0, 729.0], [768.0, 728.0], [768.0, 727.0], [768.0, 726.0], [768.0, 725.0], [768.0, 724.0], [769.0, 723.0], [769.0, 722.0], [769.0, 721.0], [769.0, 720.0], [769.0, 719.0], [769.0, 718.0], [769.0, 717.0], [770.0, 716.0], [770.0, 715.0], [770.0, 714.0], [770.0, 713.0], [770.0, 712.0], [770.0, 711.0], [770.0, 710.0], [770.0, 709.0], [770.0, 708.0], [770.0, 707.0], [770.0, 706.0], [770.0, 705.0], [770.0, 704.0], [770.0, 703.0], [770.0, 702.0], [770.0, 701.0], [770.0, 700.0], [770.0, 699.0], [770.0, 698.0], [770.0, 697.0], [770.0, 696.0], [770.0, 695.0], [770.0, 694.0], [770.0, 693.0], [770.0, 692.0], [770.0, 691.0], [770.0, 690.0], [770.0, 689.0], [770.0, 688.0], [770.0, 687.0], [770.0, 686.0], [770.0, 685.0], [771.0, 684.0], [771.0, 683.0], [772.0, 682.0], [772.0, 681.0], [773.0, 680.0], [773.0, 679.0], [774.0, 678.0], [774.0, 677.0], [775.0, 676.0], [775.0, 675.0], [776.0, 674.0], [777.0, 673.0], [777.0, 672.0], [778.0, 671.0], [779.0, 670.0], [779.0, 669.0], [780.0, 668.0], [781.0, 667.0], [781.0, 666.0], [782.0, 665.0], [782.0, 664.0], [783.0, 663.0], [783.0, 662.0], [783.0, 661.0], [784.0, 660.0], [784.0, 659.0], [784.0, 658.0], [785.0, 657.0], [785.0, 656.0], [785.0, 655.0], [786.0, 654.0], [786.0, 653.0], [786.0, 652.0], [786.0, 651.0], [787.0, 650.0], [787.0, 649.0], [788.0, 648.0]]}}, {"type": "Feature", "properties": {"label": 7, "method": "smoothed_spline"}, "geometry": {"type": "LineString", "coordinates": [[708.3847489783237, 942.9108045712533], [708.6880193600002, 941.5101578594675], [709.0528550627193, 940.1168576663889], [709.4774107214771, 938.7306774460914], [709.9598409712723, 937.3513906526522], [710.4983004471018, 935.9787707401459], [711.0909437839631, 934.6125911626483], [711.7359256168543, 933.2526253742362], [712.431400580772, 931.8986468289838], [713.1755233107147, 930.550428980968], [713.9664484416791, 929.2077452842638], [714.8023306086627, 927.8703691929463], [715.6813244466639, 926.5380741610925], [716.6015845906791, 925.2106336427769], [717.5612656757066, 923.8878210920761], [718.5585223367435, 922.5694099630655], [719.5915092087873, 921.2551737098202], [720.658380926836, 919.9448857864166], [721.7572921258866, 918.6383196469299], [722.8863974409367, 917.3352487454362], [724.0438515069839, 916.0354465360106], [725.2278089590252, 914.738686472729], [726.4364244320589, 913.4447420096673], [727.6678525610823, 912.1533866009014], [728.9202479810924, 910.8643937005063], [730.1917653270875, 909.5775367625581], [731.4805592340643, 908.2925892411322], [732.784784337021, 907.0093245903046], [734.1025952709547, 905.7275162641507], [735.432146670863, 904.4469377167464], [736.7715931717432, 903.1673624021673], [738.1190894085931, 901.888563774489], [739.47279001641, 900.6103152877869], [740.8308496301917, 899.3323903961374], [742.1914228849355, 898.0545625536155], [743.5526644156389, 896.7766052142973], [744.9127288572993, 895.4982918322578], [746.2697708449144, 894.2193958615736], [747.6219450134821, 892.93969075632], [748.9674059979988, 891.6589499705722], [750.3043084334629, 890.376946958407], [751.6308069548716, 889.0934551738987], [752.9450561972222, 887.8082480711237], [754.2452107955129, 886.5210991041578], [755.5294253847408, 885.2317817270765], [756.7958545999034, 883.9400693939554], [758.0426530759978, 882.6457355588702], [759.2679754480221, 881.3485536758965], [760.4699763509735, 880.0482971991102], [761.6468104198497, 878.7447395825867], [762.7966322896481, 877.4376542804021], [763.9175965953661, 876.1268147466313], [765.0078579720015, 874.8119944353509], [766.0655710545516, 873.492966800636], [767.0888904780138, 872.1695052965625], [768.075970877386, 870.8413833772061], [769.0249668876652, 869.508374496642], [769.9340987389362, 868.1702585023066], [770.8028549695144, 866.8269388599139], [771.6318717160405, 865.4784308882146], [772.4218264925366, 864.1247539388917], [773.1733968130252, 862.7659273636282], [773.8872601915284, 861.4019705141073], [774.5640941420689, 860.0329027420122], [775.2045761786686, 858.6587433990252], [775.8093838153502, 857.2795118368299], [776.3791945661357, 855.8952274071088], [776.9146859450477, 854.5059094615455], [777.4165354661083, 853.1115773518225], [777.8854206433399, 851.7122504296229], [778.3220189907648, 850.3079480466299], [778.7270080224054, 848.8986895545262], [779.1010652522839, 847.484494304995], [779.4448681944227, 846.0653816497195], [779.7590943628442, 844.6413709403821], [780.0444212715707, 843.2124815286663], [780.3015264346244, 841.778732766255], [780.5310873660277, 840.3401440048309], [780.7337815798029, 838.8967345960775], [780.9102865899721, 837.4485238916773], [781.0612799105585, 835.9955312433137], [781.1874390555832, 834.5377760026695], [781.2894415390692, 833.0752775214276], [781.3679648750389, 831.6080551512712], [781.4236865775142, 830.1361282438833], [781.4572841605182, 828.6595161509467], [781.4694351380717, 827.1782382241444], [781.4608170241991, 825.6923138151598], [781.4321073329211, 824.2017622756754], [781.3839835782605, 822.7066029573741], [781.31712327424, 821.2068552119397], [781.2322039348812, 819.7025383910543], [781.1299030742073, 818.1936718464015], [781.0108982062397, 816.6802749296639], [780.8758668450014, 815.1623669925248], [780.7254865045146, 813.6399673866673], [780.5604346988014, 812.1130954637738], [780.381388941884, 810.5817705755276], [780.1890267477854, 809.046012073612], [779.9840256305272, 807.5058393097096], [779.7670631041321, 805.9612716355039], [779.5388166826224, 804.4123284026768], [779.2999638800202, 802.8590289629126], [779.0511822103481, 801.3013926678938], [778.7931491876283, 799.7394388693031], [778.5265423258832, 798.1731869188238], [778.2520391391349, 796.602656168139], [777.9702958418145, 795.0278805336382], [777.6818744386218, 793.4489583525286], [777.3873108956918, 791.8660057672444], [777.0871411782742, 790.2791389208259], [776.7819012516178, 788.6884739563131], [776.4721270809719, 787.0941270167459], [776.1583546315851, 785.4962142451648], [775.8411198687068, 783.8948517846093], [775.5209587575861, 782.2901557781204], [775.1984072634722, 780.6822423687375], [774.8740013516137, 779.071227699501], [774.5482769872602, 777.4572279134511], [774.2217701356606, 775.8403591536276], [773.895016762064, 774.2207375630707], [773.5685528317194, 772.5984792848207], [773.2429143098759, 770.9737004619176], [772.9186371617826, 769.3465172374016], [772.5962573526886, 767.7170457543126], [772.2763108478431, 766.0854021556911], [771.959333612495, 764.4517025845768], [771.6458616118933, 762.81606318401], [771.3364308112874, 761.1786000970308], [771.031577175926, 759.5394294666793], [770.7318366710588, 757.8986674359957], [770.4377452619342, 756.25643014802], [770.1498389138015, 754.6128337457923], [769.8686535919101, 752.9679943723526], [769.5947252615085, 751.3220281707415], [769.3285898878463, 749.6750512839984], [769.0707834361722, 748.0271798551641], [768.8218418717356, 746.3785300272784], [768.5823011597855, 744.7292179433813], [768.3526972655709, 743.0793597465131], [768.1335661543407, 741.4290715797138], [767.9254437913446, 739.7784695860238], [767.728866141831, 738.1276699084827], [767.5443691710494, 736.476788690131], [767.3724888442487, 734.8259420740088], [767.2137611266778, 733.175246203156], [767.0687219835862, 731.5248172206128], [766.937907380223, 729.8747712694194], [766.8218532818368, 728.2252244926159], [766.7210956536768, 726.5762930332422], [766.6361704609925, 724.9280930343386], [766.5676136690328, 723.2807406389455], [766.5159612430466, 721.6343519901025], [766.481749148283, 719.9890432308499], [766.4655133499913, 718.344930504228], [766.4677898134204, 716.7021299532765], [766.4891145038193, 715.060757721036], [766.5300233864375, 713.4209299505462], [766.5910524265237, 711.7827627848477], [766.672737589327, 710.14637236698], [766.7756148400966, 708.5118748399836], [766.9002201440815, 706.8793863468985], [767.0470894665308, 705.2490230307649], [767.2167587726938, 703.620901034623], [767.4097640278192, 701.9951365015125], [767.6266411971562, 700.3718455744738], [767.8679262459542, 698.7511443965473], [768.1341551394621, 697.1331491107726], [768.4258638429285, 695.51797586019], [768.7435883216032, 693.9057407878396], [769.0878645407349, 692.2965600367615], [769.4592284655728, 690.6905497499961], [769.858216061366, 689.0878260705832], [770.2853632933636, 687.488505141563], [770.7412061268144, 685.8927031059754], [771.2262805269677, 684.3005361068609], [771.7411224590728, 682.7121202872595], [772.2862678883785, 681.1275717902112], [772.8622527801339, 679.547006758756], [773.4696130995881, 677.9705413359343], [774.1088848119903, 676.3982916647863], [774.7806038825893, 674.8303738883515], [775.4853062766344, 673.2669041496705], [776.2235279593749, 671.7079985917837], [776.9958048960594, 670.1537733577304], [777.8026730519374, 668.6043445905514], [778.6446683922577, 667.0598284332863], [779.5223268822696, 665.5203410289756], [780.4361844872219, 663.9859985206593], [781.386777172364, 662.4569170513777], [782.3746409029447, 660.9332127641704], [783.4003116442133, 659.415001802078], [784.4643253614188, 657.9024003081405], [785.5672180198102, 656.3955244253978], [786.7095255846368, 654.8944902968904], [787.8917840211475, 653.3994140656579], [789.1145292945912, 651.9104118747408], [790.3782973702174, 650.4275998671791], [791.683624213275, 648.9510941860132], [793.0310457890131, 647.4810109742825]]}}, {"type": "Feature", "properties": {"label": 8, "method": "skeleton_longest_path"}, "geometry": {"type": "LineString", "coordinates": [[1303.1999999999998, 873.5999999999999], [1302.3999999999999, 874.1999999999999], [1301.6, 874.8], [1300.8, 875.4], [1300.0, 876.0], [1299.0, 876.0], [1298.0, 876.0], [1297.0, 877.0], [1296.0, 878.0], [1295.0, 879.0], [1294.0, 880.0], [1293.0, 881.0], [1292.0, 882.0], [1292.0, 883.0], [1292.0, 884.0], [1291.0, 885.0], [1290.0, 886.0], [1290.0, 887.0], [1289.0, 888.0], [1288.0, 889.0], [1287.0, 890.0], [1286.0, 891.0], [1285.0, 891.0], [1284.0, 892.0], [1284.0, 892.0], [1283.0, 891.0], [1282.0, 891.0], [1281.0, 891.0], [1280.0, 891.0], [1279.0, 890.0], [1278.0, 890.0], [1277.0, 890.0], [1276.0, 890.0], [1275.0, 890.0], [1274.0, 889.0], [1273.0, 888.0], [1272.0, 887.0], [1271.0, 886.0], [1270.0, 885.0], [1269.0, 884.0], [1268.0, 883.0], [1267.0, 882.0], [1266.0, 881.0], [1265.0, 880.0], [1264.0, 880.0], [1263.0, 879.0], [1262.0, 878.0], [1261.0, 877.0], [1260.0, 876.0], [1259.0, 875.0], [1258.0, 874.0], [1257.0, 873.0], [1256.0, 872.0], [1255.0, 871.0], [1254.0, 871.0], [1253.0, 870.0], [1252.0, 870.0], [1251.0, 870.0], [1250.0, 869.0], [1249.0, 869.0], [1248.0, 869.0], [1247.0, 869.0], [1246.0, 869.0], [1245.0, 869.0], [1244.0, 869.0], [1243.0, 869.0], [1242.0, 869.0], [1241.0, 869.0], [1240.0, 869.0], [1239.0, 870.0], [1239.0, 870.0], [1238.0, 870.0], [1237.0, 870.0], [1236.0, 869.0], [1235.0, 868.0], [1234.0, 867.0], [1233.0, 866.0], [1232.0, 866.0], [1231.0, 865.0], [1230.0, 864.0], [1229.0, 864.0], [1228.0, 863.0], [1227.0, 863.0], [1226.0, 862.0], [1225.0, 861.0], [1224.0, 860.0], [1223.0, 860.0], [1222.0, 859.0], [1221.0, 859.0], [1220.0, 858.0], [1219.0, 857.0], [1218.0, 856.0], [1217.0, 855.0], [1216.0, 854.0], [1215.0, 853.0], [1214.0, 852.0], [1214.0, 851.0], [1213.0, 850.0], [1212.0, 849.0], [1211.0, 848.0], [1210.0, 847.0], [1210.0, 846.0], [1209.0, 845.0], [1208.0, 844.0], [1207.0, 843.0], [1206.0, 842.0], [1206.0, 841.0], [1205.0, 840.0], [1204.0, 839.0], [1204.0, 838.0], [1203.0, 837.0], [1202.0, 836.0], [1202.0, 835.0], [1201.0, 834.0], [1200.0, 833.0], [1200.0, 832.0], [1199.0, 831.0], [1198.0, 830.0], [1198.0, 829.0], [1197.0, 828.0], [1196.0, 827.0], [1196.0, 826.0], [1195.0, 825.0], [1195.0, 824.0], [1194.0, 823.0], [1194.0, 822.0], [1193.0, 821.0], [1193.0, 820.0], [1192.0, 819.0], [1192.0, 818.0], [1191.0, 817.0], [1191.0, 816.0], [1190.0, 815.0], [1189.0, 814.0], [1189.0, 813.0], [1188.0, 812.0], [1188.0, 811.0], [1187.0, 810.0], [1187.0, 809.0], [1186.0, 808.0], [1186.0, 807.0], [1186.0, 806.0], [1185.0, 805.0], [1185.0, 804.0], [1185.0, 803.0], [1184.0, 802.0], [1184.0, 801.0], [1184.0, 800.0], [1183.0, 799.0], [1183.0, 798.0], [1183.0, 797.0], [1183.0, 796.0], [1182.0, 795.0], [1182.0, 794.0], [1182.0, 793.0], [1181.0, 792.0], [1181.0, 791.0], [1180.0, 790.0], [1180.0, 789.0], [1180.0, 788.0], [1180.0, 787.0], [1179.0, 786.0], [1179.0, 785.0], [1178.0, 784.0], [1178.0, 783.0], [1177.0, 782.0], [1177.0, 781.0], [1177.0, 780.0], [1176.0, 779.0], [1175.0, 778.0], [1175.0, 777.0], [1175.0, 776.0], [1174.0, 775.0], [1174.0, 774.0], [1173.0, 773.0], [1173.0, 772.0], [1173.0, 771.0], [1172.0, 770.0], [1172.0, 769.0], [1171.0, 768.0], [1170.0, 767.0], [1170.0, 766.0], [1169.0, 765.0], [1169.0, 764.0], [1168.0, 763.0], [1167.0, 762.0], [1167.0, 761.0], [1166.0, 760.0], [1166.0, 759.0], [1165.0, 758.0], [1165.0, 757.0], [1164.0, 756.0], [1164.0, 755.0], [1163.0, 754.0], [1163.0, 753.0], [1162.0, 752.0], [1161.0, 751.0], [1161.0, 750.0], [1160.0, 749.0], [1160.0, 748.0], [1159.0, 747.0], [1159.0, 746.0], [1158.0, 745.0], [1157.0, 744.0], [1156.0, 743.0], [1155.0, 742.0], [1154.0, 741.0], [1154.0, 740.0], [1153.0, 739.0], [1152.0, 738.0], [1151.0, 737.0], [1150.0, 736.0], [1149.0, 735.0], [1148.0, 734.0], [1148.0, 733.0], [1147.0, 732.0], [1147.0, 731.0], [1146.0, 730.0], [1145.0, 729.0], [1144.0, 728.0], [1144.0, 727.0], [1143.0, 726.0], [1142.0, 725.0], [1142.0, 724.0], [1141.0, 723.0], [1141.0, 722.0], [1140.0, 721.0], [1139.0, 720.0], [1138.0, 719.0], [1137.0, 718.0], [1137.0, 717.0], [1136.0, 716.0], [1135.0, 715.0], [1134.0, 714.0], [1134.0, 713.0], [1133.0, 712.0], [1132.0, 711.0], [1131.0, 710.0], [1130.0, 709.0], [1130.0, 708.0], [1129.0, 707.0], [1128.0, 706.0], [1128.0, 705.0], [1127.0, 704.0], [1126.0, 703.0], [1125.0, 702.0], [1125.0, 701.0], [1124.0, 700.0], [1124.0, 699.0], [1124.0, 698.0], [1123.0, 697.0], [1123.0, 696.0], [1123.0, 695.0], [1123.0, 694.0], [1123.0, 693.0], [1122.0, 692.0], [1122.0, 691.0], [1122.0, 690.0], [1122.0, 689.0], [1122.0, 688.0], [1122.0, 687.0], [1122.0, 686.0], [1122.0, 685.0], [1122.0, 684.0], [1122.0, 683.0], [1122.0, 682.0], [1122.0, 681.0], [1122.0, 680.0], [1121.0, 679.0], [1121.0, 678.0], [1120.8759652654107, 677.0077221232864], [1120.7519305308215, 676.0154442465728], [1120.6278957962322, 675.0231663698592], [1120.503861061643, 674.0308884931455], [1120.3798263270537, 673.0386106164319], [1120.2557915924644, 672.0463327397183], [1120.1317568578752, 671.0540548630047], [1120.007722123286, 670.0617769862911], [1119.8836873886967, 669.0694991095775], [1119.7596526541074, 668.0772212328638], [1119.6356179195182, 667.0849433561502], [1119.511583184929, 666.0926654794366], [1119.3875484503396, 665.100387602723], [1119.2635137157504, 664.1081097260094], [1119.1394789811611, 663.1158318492958], [1119.0154442465719, 662.1235539725822], [1118.8914095119826, 661.1312760958685], [1118.7673747773933, 660.1389982191549], [1118.643340042804, 659.1467203424413], [1118.5193053082148, 658.1544424657277], [1118.3952705736256, 657.1621645890141], [1118.2712358390363, 656.1698867123005], [1118.147201104447, 655.1776088355869], [1118.0231663698578, 654.1853309588732], [1117.8991316352685, 653.1930530821596], [1117.7750969006793, 652.200775205446], [1117.65106216609, 651.2084973287324]]}}, {"type": "Feature", "properties": {"label": 8, "method": "geodesic_dt"}, "geometry": {"type": "LineString", "coordinates": [[1279.0, 922.0], [1278.0, 921.0], [1278.0, 920.0], [1277.0, 919.0], [1277.0, 918.0], [1277.0, 917.0], [1277.0, 916.0], [1276.0, 915.0], [1276.0, 914.0], [1276.0, 913.0], [1276.0, 912.0], [1275.0, 911.0], [1274.0, 910.0], [1273.0, 909.0], [1273.0, 908.0], [1272.0, 907.0], [1271.0, 906.0], [1270.0, 905.0], [1269.0, 904.0], [1269.0, 903.0], [1268.0, 902.0], [1267.0, 901.0], [1266.0, 900.0], [1265.0, 899.0], [1265.0, 898.0], [1264.0, 897.0], [1264.0, 896.0], [1263.0, 895.0], [1262.0, 894.0], [1261.0, 893.0], [1260.0, 892.0], [1260.0, 891.0], [1259.0, 890.0], [1258.0, 889.0], [1257.0, 888.0], [1256.0, 887.0], [1256.0, 886.0], [1255.0, 885.0], [1254.0, 884.0], [1253.0, 883.0], [1253.0, 882.0], [1252.0, 881.0], [1251.0, 880.0], [1250.0, 879.0], [1249.0, 878.0], [1248.0, 877.0], [1247.0, 876.0], [1246.0, 875.0], [1245.0, 874.0], [1244.0, 873.0], [1243.0, 872.0], [1242.0, 871.0], [1241.0, 870.0], [1240.0, 869.0], [1239.0, 868.0], [1238.0, 867.0], [1237.0, 866.0], [1236.0, 865.0], [1235.0, 864.0], [1234.0, 864.0], [1233.0, 863.0], [1232.0, 863.0], [1231.0, 862.0], [1230.0, 862.0], [1229.0, 861.0], [1228.0, 860.0], [1227.0, 859.0], [1226.0, 858.0], [1225.0, 858.0], [1224.0, 857.0], [1223.0, 856.0], [1222.0, 856.0], [1221.0, 855.0], [1220.0, 854.0], [1219.0, 854.0], [1218.0, 853.0], [1217.0, 852.0], [1216.0, 852.0], [1215.0, 851.0], [1214.0, 850.0], [1213.0, 850.0], [1212.0, 849.0], [1211.0, 848.0], [1210.0, 847.0], [1209.0, 846.0], [1208.0, 845.0], [1207.0, 844.0], [1207.0, 843.0], [1206.0, 842.0], [1206.0, 841.0], [1205.0, 840.0], [1205.0, 839.0], [1204.0, 838.0], [1204.0, 837.0], [1203.0, 836.0], [1203.0, 835.0], [1202.0, 834.0], [1202.0, 833.0], [1201.0, 832.0], [1200.0, 831.0], [1200.0, 830.0], [1199.0, 829.0], [1199.0, 828.0], [1198.0, 827.0], [1198.0, 826.0], [1197.0, 825.0], [1197.0, 824.0], [1196.0, 823.0], [1196.0, 822.0], [1196.0, 821.0], [1195.0, 820.0], [1195.0, 819.0], [1194.0, 818.0], [1194.0, 817.0], [1193.0, 816.0], [1193.0, 815.0], [1193.0, 814.0], [1192.0, 813.0], [1192.0, 812.0], [1191.0, 811.0], [1191.0, 810.0], [1190.0, 809.0], [1190.0, 808.0], [1190.0, 807.0], [1189.0, 806.0], [1189.0, 805.0], [1188.0, 804.0], [1188.0, 803.0], [1187.0, 802.0], [1187.0, 801.0], [1187.0, 800.0], [1186.0, 799.0], [1186.0, 798.0], [1186.0, 797.0], [1185.0, 796.0], [1185.0, 795.0], [1184.0, 794.0], [1184.0, 793.0], [1184.0, 792.0], [1183.0, 791.0], [1183.0, 790.0], [1182.0, 789.0], [1182.0, 788.0], [1182.0, 787.0], [1181.0, 786.0], [1181.0, 785.0], [1181.0, 784.0], [1180.0, 783.0], [1180.0, 782.0], [1179.0, 781.0], [1179.0, 780.0], [1179.0, 779.0], [1178.0, 778.0], [1178.0, 777.0], [1177.0, 776.0], [1177.0, 775.0], [1176.0, 774.0], [1175.0, 773.0], [1174.0, 772.0], [1174.0, 771.0], [1173.0, 770.0], [1172.0, 769.0], [1171.0, 768.0], [1171.0, 767.0], [1170.0, 766.0], [1169.0, 765.0], [1169.0, 764.0], [1168.0, 763.0], [1167.0, 762.0], [1167.0, 761.0], [1166.0, 760.0], [1166.0, 759.0], [1165.0, 758.0], [1165.0, 757.0], [1164.0, 756.0], [1163.0, 755.0], [1163.0, 754.0], [1162.0, 753.0], [1162.0, 752.0], [1161.0, 751.0], [1160.0, 750.0], [1160.0, 749.0], [1159.0, 748.0], [1158.0, 747.0], [1157.0, 746.0], [1157.0, 745.0], [1156.0, 744.0], [1155.0, 743.0], [1155.0, 742.0], [1154.0, 741.0], [1153.0, 740.0], [1153.0, 739.0], [1152.0, 738.0], [1152.0, 737.0], [1151.0, 736.0], [1151.0, 735.0], [1150.0, 734.0], [1149.0, 733.0], [1149.0, 732.0], [1148.0, 731.0], [1148.0, 730.0], [1147.0, 729.0], [1146.0, 728.0], [1145.0, 727.0], [1145.0, 726.0], [1144.0, 725.0], [1143.0, 724.0], [1142.0, 723.0], [1142.0, 722.0], [1141.0, 721.0], [1140.0, 720.0], [1139.0, 719.0], [1139.0, 718.0], [1138.0, 717.0], [1137.0, 716.0], [1137.0, 715.0], [1136.0, 714.0], [1136.0, 713.0], [1135.0, 712.0], [1135.0, 711.0], [1134.0, 710.0], [1134.0, 709.0], [1133.0, 708.0], [1133.0, 707.0], [1132.0, 706.0], [1132.0, 705.0], [1131.0, 704.0], [1131.0, 703.0], [1130.0, 702.0], [1129.0, 701.0], [1129.0, 700.0], [1128.0, 699.0], [1128.0, 698.0], [1127.0, 697.0], [1126.0, 696.0], [1126.0, 695.0], [1126.0, 694.0], [1125.0, 693.0], [1125.0, 692.0], [1124.0, 691.0], [1124.0, 690.0], [1123.0, 689.0], [1123.0, 688.0], [1123.0, 687.0], [1123.0, 686.0], [1123.0, 685.0], [1122.0, 684.0], [1122.0, 683.0], [1122.0, 682.0], [1122.0, 681.0], [1121.0, 680.0], [1121.0, 679.0], [1121.0, 678.0], [1120.0, 677.0], [1120.0, 676.0], [1119.0, 675.0], [1119.0, 674.0], [1118.0, 673.0], [1118.0, 672.0], [1117.0, 671.0], [1117.0, 670.0], [1116.0, 669.0], [1116.0, 668.0], [1115.0, 667.0], [1115.0, 666.0], [1114.0, 665.0], [1114.0, 664.0], [1113.0, 663.0], [1113.0, 662.0], [1112.0, 661.0], [1111.0, 660.0], [1111.0, 659.0], [1110.0, 658.0], [1110.0, 657.0], [1109.0, 656.0], [1109.0, 655.0], [1108.0, 654.0], [1108.0, 653.0], [1107.0, 652.0]]}}, {"type": "Feature", "properties": {"label": 8, "method": "smoothed_spline"}, "geometry": {"type": "LineString", "coordinates": [[1284.4398755703512, 919.0143645724551], [1283.1721190401208, 917.8253237594257], [1281.9079505928826, 916.6373532583505], [1280.6474348378154, 915.450360736396], [1279.3906363840963, 914.2642538607278], [1278.137619840904, 913.0789402985113], [1276.8884498174164, 911.8943277169127], [1275.6431909228108, 910.7103237830972], [1274.4019077662663, 909.5268361642312], [1273.1646649569593, 908.3437725274799], [1271.9315271040698, 907.1610405400095], [1270.7025588167737, 905.9785478689852], [1269.4778247042505, 904.7962021815733], [1268.257389375677, 903.613911144939], [1267.0413174402318, 902.4315824262485], [1265.8296735070933, 901.2491236926676], [1264.6225221854386, 900.0664426113615], [1263.4199280844462, 898.8834468494965], [1262.2219558132933, 897.7000440742379], [1261.028669981159, 896.5161419527517], [1259.840135197221, 895.3316481522037], [1258.6564160706562, 894.1464703397594], [1257.4775772106439, 892.9605161825849], [1256.3036832263615, 891.7736933478456], [1255.134798726987, 890.5859095027074], [1253.970988321698, 889.397072314336], [1252.812316409677, 888.2070895820929], [1251.6588384803108, 887.0158747141901], [1250.5105979976495, 885.82334868897], [1249.3676375750226, 884.6294330203175], [1248.2299998257586, 883.434049222117], [1247.0977273631868, 882.237118808254], [1245.9708628006363, 881.0385632926121], [1244.849448751436, 879.838304189077], [1243.733527828915, 878.6362630115332], [1242.6231426464021, 877.4323612738648], [1241.5183358172264, 876.2265204899574], [1240.419149954717, 875.0186621736949], [1239.3256276722034, 873.808707838963], [1238.2378115830131, 872.5965789996451], [1237.1557443004772, 871.3821971696273], [1236.0794684379227, 870.165483862793], [1235.0090266086797, 868.9463605930277], [1233.9444614260772, 867.7247488742163], [1232.8858155034445, 866.5005702202429], [1231.8331314541097, 865.2737461449925], [1230.7864518914018, 864.0441981623499], [1229.7458194286507, 862.8118477861996], [1228.7112766791854, 861.5766165304266], [1227.6828662563337, 860.3384259089152], [1226.6606307734262, 859.0971974355506], [1225.6446128437906, 857.8528526242173], [1224.6348550807568, 856.6053129887997], [1223.631399203692, 855.3545007128181], [1222.6342362428113, 854.1003759492693], [1221.6432803102114, 852.8429564678305], [1220.6584390905416, 851.5822648527549], [1219.679620268454, 850.318323688295], [1218.7067315285983, 849.0511555587036], [1217.7396805556255, 847.7807830482337], [1216.7783750341862, 846.5072287411382], [1215.8227226489307, 845.2305152216695], [1214.87263108451, 843.9506650740806], [1213.9280080255744, 842.6677008826246], [1212.9887611567747, 841.3816452315539], [1212.0547981627622, 840.0925207051216], [1211.1260267281862, 838.8003498875803], [1210.2023545376983, 837.5051553631828], [1209.283689275949, 836.2069597161824], [1208.369938627588, 834.9057855308309], [1207.4610102772674, 833.6016553913822], [1206.5568119096367, 832.2945918820886], [1205.6572512093471, 830.9846175872027], [1204.762235861049, 829.671755090978], [1203.8716735493929, 828.3560269776664], [1202.9854719590296, 827.0374558315212], [1202.1035387746101, 825.7160642367955], [1201.2257816807842, 824.3918747777418], [1200.352108362203, 823.0649100386124], [1199.482426503517, 821.7351926036612], [1198.6166437893773, 820.4027450571404], [1197.754667904434, 819.0675899833025], [1196.8964065333373, 817.7297499664007], [1196.041767360739, 816.3892475906879], [1195.190658071289, 815.0461054404166], [1194.3429863496378, 813.70034609984], [1193.4986598804364, 812.3519921532106], [1192.6575863483351, 811.001066184781], [1191.819673437985, 809.6475907788048], [1190.9848288340354, 808.2915885195337], [1190.1529602211394, 806.9330819912218], [1189.3239752839456, 805.5720937781209], [1188.4977817071053, 804.2086464644842], [1187.6742871752685, 802.8427626345643], [1186.8533993730866, 801.4744648726142], [1186.0350259852105, 800.1037757628869], [1185.2190746962895, 798.7307178896348], [1184.4054531909753, 797.355313837111], [1183.5940691539183, 795.9775861895681], [1182.784830269769, 794.5975575312591], [1181.9776442231782, 793.2152504464367], [1181.1724187021314, 791.8306875207584], [1180.3690731403783, 790.4438962875361], [1179.5675650585426, 789.0549203233672], [1178.7678596833764, 787.6638064508941], [1177.9699222416298, 786.2706014927566], [1177.173717960055, 784.8753522715964], [1176.379212065404, 783.4781056100546], [1175.5863697844272, 782.0789083307719], [1174.7951563438771, 780.6778072563899], [1174.0055369705046, 779.2748492095498], [1173.2174768910613, 777.8700810128922], [1172.4309413322992, 776.4635494890583], [1171.645895520969, 775.0553014606895], [1170.8623046838225, 773.6453837504266], [1170.0801340476112, 772.2338431809106], [1169.299348839087, 770.8207265747835], [1168.5199142850008, 769.406080754685], [1167.7417956121042, 767.9899525432573], [1166.9649580471491, 766.572388763141], [1166.1893668168866, 765.1534362369774], [1165.4149871480686, 763.7331417874075], [1164.6417842674464, 762.3115522370725], [1163.869723401771, 760.8887144086132], [1163.0987697777944, 759.464675124671], [1162.328888622268, 758.0394812078871], [1161.5600451619434, 756.6131794809021], [1160.792204623572, 755.1858167663576], [1160.0253322339054, 753.7574398868945], [1159.2593932196949, 752.3280956651539], [1158.4943528076922, 750.897830923777], [1157.7301762246484, 749.4666924854048], [1156.9668286973156, 748.0347271726783], [1156.2042754524446, 746.6019818082387], [1155.4424817167874, 745.1685032147273], [1154.6814127170958, 743.7343382147851], [1153.9210336801204, 742.2995336310528], [1153.1613098326131, 740.8641362861721], [1152.4022064013259, 739.4281930027838], [1151.6436886130095, 737.9917506035288], [1150.885721694416, 736.5548559110485], [1150.1282708722968, 735.117555747984], [1149.3713013734025, 733.6798969369765], [1148.6147784244858, 732.2419263006667], [1147.858667252298, 730.8036906616959], [1147.1029330835897, 729.3652368427051], [1146.3475411451136, 727.926611666336], [1145.5924566636204, 726.487861955229], [1144.8376448658619, 725.0490345320253], [1144.0830709785894, 723.6101762193662], [1143.3287002285545, 722.1713338398927], [1142.574497842509, 720.732554216246], [1141.8204290472036, 719.2938841710671], [1141.0664590693905, 717.855370526997], [1140.312553135821, 716.417060106677], [1139.5586764732464, 714.978999732748], [1138.8047943084189, 713.5412362278516], [1138.050871868089, 712.1038164146282], [1137.2968743790088, 710.6667871157194], [1136.54276706793, 709.2301951537662], [1135.788515161603, 707.7940873514093], [1135.034083886781, 706.3585105312904], [1134.279438470214, 704.9235115160504], [1133.524544138654, 703.48913712833], [1132.7693661188528, 702.0554341907709], [1132.0138696375614, 700.6224495260138], [1131.2580199215317, 699.1902299567], [1130.5017821975152, 697.7588223054706], [1129.745121692263, 696.3282733949666], [1128.9880036325271, 694.8986300478291], [1128.230393245058, 693.4699390866989], [1127.4722557566088, 692.042247334218], [1126.7135563939296, 690.6156016130267], [1125.9542603837722, 689.190048745766], [1125.1943329528888, 687.7656355550778], [1124.4337393280302, 686.3424088636026], [1123.6724447359481, 684.9204154939816], [1122.910414403394, 683.499702268856], [1122.1476135571193, 682.0803160108667], [1121.384007423876, 680.6623035426551], [1120.6195612304148, 679.2457116868619], [1119.8542402034877, 677.8305872661286], [1119.0880095698458, 676.4169771030961], [1118.3208345562412, 675.0049280204055], [1117.5526803894252, 673.5944868406982], [1116.7835122961485, 672.1857003866146], [1116.0132955031638, 670.7786154807966], [1115.241995237222, 669.3732789458847], [1114.4695767250746, 667.9697376045204], [1113.6960051934732, 666.5680382793446], [1112.921245869169, 665.1682277929983], [1112.1452639789138, 663.7703529681228], [1111.3680247494592, 662.3744606273592], [1110.5894934075563, 660.9805975933485], [1109.809635179957, 659.588810688732], [1109.0284152934125, 658.1991467361503], [1108.2457989746745, 656.8116525582452], [1107.4617514504944, 655.4263749776571], [1106.6762379476238, 654.0433608170277], [1105.8892236928139, 652.6626568989977]]}}, {"type": "Feature", "properties": {"label": 9, "method": "skeleton_longest_path"}, "geometry": {"type": "LineString", "coordinates": [[504.26099033699944, 756.1304951684999], [503.3665631459995, 755.6832815729999], [502.4721359549996, 755.2360679774999], [501.5777087639997, 754.788854382], [500.68328157299976, 754.3416407865], [499.78885438199984, 753.894427191], [498.8944271909999, 753.4472135955], [498.0, 753.0], [497.0, 752.0], [496.0, 751.0], [495.0, 750.0], [494.0, 750.0], [493.0, 750.0], [492.0, 749.0], [491.0, 749.0], [490.0, 749.0], [489.0, 748.0], [488.0, 748.0], [487.0, 748.0], [486.0, 747.0], [485.0, 747.0], [484.0, 746.0], [483.0, 746.0], [482.0, 746.0], [481.0, 745.0], [480.0, 745.0], [479.0, 744.0], [478.0, 744.0], [477.0, 743.0], [476.0, 743.0], [475.0, 742.0], [474.0, 741.0], [473.0, 740.0], [472.0, 739.0], [471.0, 738.0], [470.0, 737.0], [469.0, 736.0], [468.0, 736.0], [467.0, 735.0], [466.0, 735.0], [465.0, 735.0], [464.0, 735.0], [463.0, 735.0], [462.0, 735.0], [461.0, 735.0], [460.0, 735.0], [459.0, 735.0], [458.0, 736.0], [457.0, 737.0], [456.0, 738.0], [455.0, 739.0], [454.0, 740.0], [453.0, 741.0], [452.0, 742.0], [451.0, 743.0], [450.0, 744.0], [449.0, 745.0], [448.0, 746.0], [447.0, 747.0], [446.0, 748.0], [445.0, 749.0], [444.0, 750.0], [443.0, 751.0], [442.0, 752.0], [441.0, 753.0], [440.0, 754.0], [439.0, 755.0], [438.0, 756.0], [437.0, 757.0], [436.0, 758.0], [435.0, 759.0], [434.0, 760.0], [433.0, 761.0], [432.0, 762.0], [431.0, 763.0], [430.0, 764.0], [429.0, 765.0], [428.0, 766.0], [427.0, 767.0], [426.0, 768.0], [425.0, 769.0], [424.0, 770.0], [423.0, 771.0], [422.0, 772.0], [421.0, 772.0], [421.0, 772.0], [421.0, 773.0], [422.0, 774.0], [422.0, 775.0], [422.0, 776.0], [423.0, 777.0], [423.0, 778.0], [423.0, 779.0], [423.0, 780.0], [423.0, 781.0], [424.0, 782.0], [424.0, 783.0], [424.0, 784.0], [424.0, 785.0], [424.0, 786.0], [424.0, 787.0], [424.0, 788.0], [424.0, 789.0], [424.0, 790.0], [424.0, 791.0], [424.0, 792.0], [424.0, 793.0], [424.0, 794.0], [424.0, 795.0], [424.0, 796.0], [424.0, 797.0], [424.0, 798.0], [424.0, 799.0], [424.0, 800.0], [424.0, 801.0], [424.0, 802.0], [424.0, 803.0], [424.0, 804.0], [424.0, 805.0], [424.0, 806.0], [424.0, 807.0], [424.0, 808.0], [424.0, 809.0], [424.0, 810.0], [424.0, 811.0], [424.0, 812.0], [424.0, 813.0], [424.0, 814.0], [424.0, 815.0], [424.0, 816.0], [424.0, 817.0], [424.0, 818.0], [424.0, 819.0], [424.0, 820.0], [424.0, 821.0], [424.0, 822.0], [423.0, 823.0], [423.0, 824.0], [423.0, 825.0], [423.0, 826.0], [423.0, 827.0], [423.0, 828.0], [423.0, 829.0], [423.0, 830.0], [423.0, 831.0], [423.0, 832.0], [423.0, 833.0], [423.0, 834.0], [422.0, 835.0], [422.0, 836.0], [422.0, 837.0], [423.0, 838.0], [423.0, 839.0], [422.0, 840.0], [422.0, 841.0], [422.0, 842.0], [422.0, 843.0], [422.0, 844.0], [422.0, 845.0], [422.0, 846.0], [422.0, 847.0], [422.0, 848.0], [421.0, 849.0], [421.0, 850.0], [421.0, 851.0], [421.0, 852.0], [421.0, 853.0], [421.0, 854.0], [421.0, 855.0], [421.0, 856.0], [421.0, 857.0], [421.0, 858.0], [421.0, 859.0], [421.0, 860.0], [421.0, 861.0], [421.0, 862.0], [420.0, 863.0], [420.0, 864.0], [420.0, 865.0], [420.0, 866.0], [420.0, 867.0], [420.0, 868.0], [420.0, 869.0], [420.0, 870.0], [420.0, 871.0], [420.0, 872.0], [420.0, 873.0], [420.0, 874.0], [420.0, 875.0], [419.0, 876.0], [419.0, 877.0], [419.0, 878.0], [419.0, 879.0], [419.0, 880.0], [419.0, 881.0], [419.0, 882.0], [419.0, 883.0], [418.0, 884.0], [418.0, 885.0], [418.0, 886.0], [418.0, 887.0], [418.0, 888.0], [418.0, 889.0], [418.0, 890.0], [418.0, 891.0], [418.0, 892.0], [418.0, 893.0], [418.0, 894.0], [419.0, 895.0], [419.0, 896.0], [419.0, 897.0], [419.0, 898.0], [419.0, 899.0], [419.0, 900.0], [420.0, 901.0], [420.0, 902.0], [420.0, 903.0], [420.0, 904.0], [420.0, 905.0], [420.0, 906.0], [421.0, 907.0], [421.0, 908.0], [421.0, 909.0], [421.0, 910.0], [422.0, 911.0], [422.0, 912.0], [422.0, 913.0], [422.0, 914.0], [423.0, 915.0], [423.0, 916.0], [423.0, 917.0], [423.0, 918.0], [424.0, 919.0], [424.0, 920.0], [424.0, 921.0], [424.0, 922.0], [424.0, 923.0], [425.0, 924.0], [425.0, 925.0], [425.0, 926.0], [425.0, 927.0], [425.0, 928.0], [425.0, 929.0], [426.0, 930.0], [426.0, 931.0], [426.0, 932.0], [426.0, 933.0], [426.0, 934.0], [426.0, 935.0], [426.0, 936.0], [426.0, 937.0], [426.0, 938.0], [426.0, 939.0], [426.0, 940.0], [426.0, 941.0], [426.0, 942.0], [426.0, 943.0], [426.0, 944.0], [426.0, 945.0], [426.0, 946.0], [426.0, 947.0], [426.0, 948.0], [426.0, 949.0], [426.0, 950.0], [426.0, 951.0], [426.0, 952.0], [426.0, 953.0], [426.0, 954.0], [426.0, 955.0], [427.0, 956.0], [427.1240347345892, 956.9922778767136], [427.2480694691784, 957.9845557534272], [427.3721042037676, 958.9768336301408], [427.4961389383568, 959.9691115068545], [427.620173672946, 960.9613893835681], [427.7442084075352, 961.9536672602817], [427.8682431421244, 962.9459451369953], [427.9922778767136, 963.9382230137089], [428.1163126113028, 964.9305008904225], [428.240347345892, 965.9227787671362], [428.3643820804812, 966.9150566438498], [428.4884168150704, 967.9073345205634], [428.6124515496596, 968.899612397277], [428.7364862842488, 969.8918902739906], [428.860521018838, 970.8841681507042], [428.98455575342723, 971.8764460274178], [429.10859048801643, 972.8687239041315], [429.23262522260563, 973.8610017808451], [429.35665995719484, 974.8532796575587], [429.48069469178404, 975.8455575342723], [429.60472942637324, 976.8378354109859], [429.72876416096244, 977.8301132876995], [429.85279889555164, 978.8223911644131], [429.97683363014085, 979.8146690411268], [430.10086836473005, 980.8069469178404], [430.22490309931925, 981.799224794554], [430.34893783390845, 982.7915026712676], [430.47297256849765, 983.7837805479812], [430.59700730308685, 984.7760584246948], [430.72104203767606, 985.7683363014085], [430.84507677226526, 986.7606141781221], [430.96911150685446, 987.7528920548357], [431.09314624144366, 988.7451699315493], [431.21718097603286, 989.7374478082629], [431.34121571062207, 990.7297256849765], [431.46525044521127, 991.7220035616901], [431.58928517980047, 992.7142814384038], [431.7133199143897, 993.7065593151174]]}}, {"type": "Feature", "properties": {"label": 9, "method": "geodesic_dt"}, "geometry": {"type": "LineString", "coordinates": [[435.0, 994.0], [434.0, 993.0], [434.0, 992.0], [433.0, 991.0], [433.0, 990.0], [433.0, 989.0], [433.0, 988.0], [432.0, 987.0], [432.0, 986.0], [432.0, 985.0], [432.0, 984.0], [432.0, 983.0], [431.0, 982.0], [431.0, 981.0], [431.0, 980.0], [430.0, 979.0], [430.0, 978.0], [430.0, 977.0], [429.0, 976.0], [429.0, 975.0], [429.0, 974.0], [429.0, 973.0], [429.0, 972.0], [428.0, 971.0], [428.0, 970.0], [428.0, 969.0], [428.0, 968.0], [428.0, 967.0], [428.0, 966.0], [427.0, 965.0], [427.0, 964.0], [427.0, 963.0], [427.0, 962.0], [427.0, 961.0], [427.0, 960.0], [427.0, 959.0], [427.0, 958.0], [427.0, 957.0], [426.0, 956.0], [426.0, 955.0], [426.0, 954.0], [426.0, 953.0], [426.0, 952.0], [425.0, 951.0], [425.0, 950.0], [425.0, 949.0], [425.0, 948.0], [425.0, 947.0], [424.0, 946.0], [424.0, 945.0], [424.0, 944.0], [423.0, 943.0], [423.0, 942.0], [423.0, 941.0], [423.0, 940.0], [422.0, 939.0], [422.0, 938.0], [422.0, 937.0], [422.0, 936.0], [421.0, 935.0], [421.0, 934.0], [421.0, 933.0], [420.0, 932.0], [420.0, 931.0], [420.0, 930.0], [420.0, 929.0], [420.0, 928.0], [420.0, 927.0], [420.0, 926.0], [420.0, 925.0], [420.0, 924.0], [420.0, 923.0], [420.0, 922.0], [420.0, 921.0], [420.0, 920.0], [420.0, 919.0], [420.0, 918.0], [420.0, 917.0], [420.0, 916.0], [420.0, 915.0], [420.0, 914.0], [420.0, 913.0], [420.0, 912.0], [420.0, 911.0], [420.0, 910.0], [420.0, 909.0], [420.0, 908.0], [420.0, 907.0], [420.0, 906.0], [420.0, 905.0], [420.0, 904.0], [420.0, 903.0], [420.0, 902.0], [420.0, 901.0], [420.0, 900.0], [420.0, 899.0], [421.0, 898.0], [421.0, 897.0], [421.0, 896.0], [421.0, 895.0], [421.0, 894.0], [421.0, 893.0], [421.0, 892.0], [421.0, 891.0], [422.0, 890.0], [422.0, 889.0], [422.0, 888.0], [422.0, 887.0], [422.0, 886.0], [422.0, 885.0], [422.0, 884.0], [422.0, 883.0], [422.0, 882.0], [422.0, 881.0], [422.0, 880.0], [422.0, 879.0], [422.0, 878.0], [422.0, 877.0], [423.0, 876.0], [423.0, 875.0], [423.0, 874.0], [423.0, 873.0], [423.0, 872.0], [423.0, 871.0], [423.0, 870.0], [423.0, 869.0], [423.0, 868.0], [423.0, 867.0], [423.0, 866.0], [424.0, 865.0], [424.0, 864.0], [424.0, 863.0], [424.0, 862.0], [424.0, 861.0], [424.0, 860.0], [424.0, 859.0], [424.0, 858.0], [424.0, 857.0], [424.0, 856.0], [424.0, 855.0], [424.0, 854.0], [424.0, 853.0], [424.0, 852.0], [424.0, 851.0], [424.0, 850.0], [424.0, 849.0], [424.0, 848.0], [424.0, 847.0], [424.0, 846.0], [424.0, 845.0], [424.0, 844.0], [424.0, 843.0], [424.0, 842.0], [424.0, 841.0], [424.0, 840.0], [424.0, 839.0], [424.0, 838.0], [424.0, 837.0], [424.0, 836.0], [424.0, 835.0], [424.0, 834.0], [424.0, 833.0], [424.0, 832.0], [424.0, 831.0], [424.0, 830.0], [424.0, 829.0], [424.0, 828.0], [424.0, 827.0], [424.0, 826.0], [424.0, 825.0], [424.0, 824.0], [424.0, 823.0], [424.0, 822.0], [424.0, 821.0], [424.0, 820.0], [424.0, 819.0], [424.0, 818.0], [424.0, 817.0], [424.0, 816.0], [424.0, 815.0], [424.0, 814.0], [424.0, 813.0], [424.0, 812.0], [424.0, 811.0], [424.0, 810.0], [424.0, 809.0], [424.0, 808.0], [424.0, 807.0], [424.0, 806.0], [424.0, 805.0], [424.0, 804.0], [423.0, 803.0], [423.0, 802.0], [423.0, 801.0], [423.0, 800.0], [423.0, 799.0], [422.0, 798.0], [421.0, 797.0], [421.0, 796.0], [420.0, 795.0], [419.0, 794.0], [419.0, 793.0], [418.0, 792.0], [417.0, 791.0], [417.0, 790.0], [416.0, 789.0], [416.0, 788.0], [415.0, 787.0], [414.0, 786.0], [414.0, 785.0], [413.0, 784.0], [413.0, 783.0], [412.0, 782.0], [412.0, 781.0], [411.0, 780.0], [411.0, 779.0], [410.0, 778.0], [410.0, 777.0], [409.0, 776.0], [409.0, 775.0], [408.0, 774.0], [408.0, 773.0], [407.0, 772.0], [407.0, 771.0], [406.0, 770.0], [406.0, 769.0], [406.0, 768.0], [405.0, 767.0], [405.0, 766.0], [404.0, 765.0], [404.0, 764.0], [403.0, 763.0], [403.0, 762.0], [402.0, 761.0], [402.0, 760.0], [402.0, 759.0], [401.0, 758.0], [401.0, 757.0], [401.0, 756.0], [400.0, 755.0], [400.0, 754.0], [400.0, 753.0], [400.0, 752.0], [399.0, 751.0], [399.0, 750.0], [399.0, 749.0], [398.0, 748.0], [398.0, 747.0], [398.0, 746.0], [398.0, 745.0], [397.0, 744.0], [397.0, 743.0], [396.0, 742.0], [396.0, 741.0], [396.0, 740.0], [396.0, 739.0], [395.0, 738.0], [395.0, 737.0], [395.0, 736.0], [395.0, 735.0], [395.0, 734.0], [395.0, 733.0], [395.0, 732.0], [394.0, 731.0], [394.0, 730.0], [394.0, 729.0], [393.0, 728.0], [393.0, 727.0], [392.0, 726.0], [392.0, 725.0], [391.0, 724.0], [391.0, 723.0], [390.0, 722.0], [390.0, 721.0], [389.0, 720.0], [389.0, 719.0], [388.0, 718.0], [388.0, 717.0], [387.0, 716.0], [387.0, 715.0], [386.0, 714.0], [386.0, 713.0], [385.0, 712.0], [385.0, 711.0], [384.0, 710.0], [384.0, 709.0], [383.0, 708.0], [383.0, 707.0], [383.0, 706.0], [382.0, 705.0], [382.0, 704.0], [381.0, 703.0], [381.0, 702.0], [380.0, 701.0], [379.0, 700.0], [379.0, 699.0], [378.0, 698.0], [378.0, 697.0], [377.0, 696.0], [377.0, 695.0], [376.0, 694.0], [376.0, 693.0], [375.0, 692.0], [374.0, 691.0], [374.0, 690.0], [373.0, 689.0], [373.0, 688.0], [372.0, 687.0], [372.0, 686.0], [371.0, 685.0], [370.0, 684.0], [370.0, 683.0], [369.0, 682.0], [369.0, 681.0], [368.0, 680.0], [368.0, 679.0], [368.0, 678.0], [367.0, 677.0], [367.0, 676.0], [367.0, 675.0], [367.0, 674.0], [367.0, 673.0], [366.0, 672.0], [366.0, 671.0], [366.0, 670.0], [366.0, 669.0], [365.0, 668.0], [365.0, 667.0], [364.0, 666.0]]}}, {"type": "Feature", "properties": {"label": 9, "method": "smoothed_spline"}, "geometry": {"type": "LineString", "coordinates": [[431.9635289897837, 994.8952612800443], [431.56014328296607, 993.2488478843866], [431.169829355141, 991.5985327650455], [430.7923620602886, 989.9443843565759], [430.4275162523894, 988.2864710935341], [430.07506678542336, 986.624861410475], [429.7347885133711, 984.9596237419546], [429.40645629021293, 983.290826522529], [429.08984496992883, 981.618538186753], [428.78472940649954, 979.9428271691828], [428.4908844539049, 978.2637619043734], [428.2080849661256, 976.5814108268811], [427.93610579714186, 974.8958423712614], [427.6747218009336, 973.2071249720693], [427.42370783148164, 971.515327063861], [427.18283874276597, 969.8205170811922], [426.9518893887669, 968.1227634586181], [426.7306346234649, 966.4221346306945], [426.51884930084015, 964.7186990319773], [426.3163082748729, 963.0125250970216], [426.1227863995436, 961.3036812603834], [425.9380585288324, 959.5922359566181], [425.7618995167196, 957.8782576202815], [425.59408421718575, 956.1618146859291], [425.4343874842109, 954.4429755881166], [425.28258417177545, 952.7218087613996], [425.13844913385947, 950.9983826403336], [425.0017572244436, 949.2727656594743], [424.872283297508, 947.5450262533773], [424.74980220703304, 945.8152328565986], [424.6340888069987, 944.0834539036932], [424.52491795138565, 942.3497578292169], [424.42206449417404, 940.6142130677254], [424.32530328934416, 938.8768880537743], [424.2344091908765, 937.1378512219195], [424.14915705275104, 935.3971710067165], [424.0693217289483, 933.6549158427202], [423.99467807344837, 931.911154164487], [423.92500094023177, 930.1659544065724], [423.8600651832787, 928.4193850035318], [423.7996456565697, 926.6715143899214], [423.7435172140846, 924.9224110002959], [423.6914547098039, 923.1721432692113], [423.6432329977082, 921.4207796312239], [423.5986269317773, 919.6683885208882], [423.557411365992, 917.9150383727606], [423.5193611543321, 916.1607976213963], [423.4842511507782, 914.4057347013511], [423.4518562093107, 912.6499180471808], [423.4219511839096, 910.8934160934407], [423.39431092855534, 909.1362972746865], [423.3687102972283, 907.378630025474], [423.3449241439087, 905.6204827803585], [423.3227273225767, 903.8619239738958], [423.3018946872129, 902.1030220406417], [423.28220109179745, 900.3438454151515], [423.2634213903105, 898.5844625319809], [423.2453304367325, 896.8249418256856], [423.22770308504386, 895.0653517308215], [423.2103141892246, 893.3057606819435], [423.1929386032553, 891.5462371136078], [423.175351181116, 889.7868494603698], [423.1573267767872, 888.0276661567851], [423.1386402442492, 886.2687556374096], [423.11906643748216, 884.5101863367985], [423.0983802104665, 882.7520266895077], [423.0763564171824, 880.9943451300928], [423.05276991161026, 879.2372100931091], [423.02739554773035, 877.4806900131128], [423.000008179523, 875.7248533246591], [422.9703826609684, 873.9697684623036], [422.938293846047, 872.2155038606021], [422.903516588739, 870.4621279541102], [422.86582574302474, 868.7097091773834], [422.82499616288436, 866.9583159649774], [422.78080270229856, 865.208016751448], [422.7330202152471, 863.4588799713503], [422.68142355571075, 861.7109740592405], [422.6257875776695, 859.9643674496737], [422.56588713510394, 858.2191285772061], [422.50149708199405, 856.4753258763928], [422.4323922723203, 854.7330277817897], [422.358347560063, 852.9923027279522], [422.2791377992024, 851.2532191494363], [422.1945378437187, 849.515845480797], [422.1043225475926, 847.7802501565908], [422.00826676480386, 846.0465016113725], [421.90614534933314, 844.3146682796983], [421.7977331551606, 842.5848185961231], [421.6828050362665, 840.8570209952032], [421.56113584663143, 839.1313439114942], [421.4325004402352, 837.407855779551], [421.29667367105856, 835.6866250339302], [421.1534303930815, 833.9677201091868], [421.00254546028447, 832.2512094398764], [420.84379395462713, 830.5371613981945], [420.6770104237884, 828.82562809028], [420.50216802732785, 827.1166237068401], [420.31925963576634, 825.4101570469107], [420.1282781196246, 823.7062369095273], [419.92921634942365, 822.0048720937268], [419.722067195684, 820.3060713985442], [419.5068235289266, 818.6098436230156], [419.28347821967213, 816.916197566177], [419.0520241384416, 815.2251420270645], [418.8124541557556, 813.5366858047137], [418.56476114213496, 811.8508376981606], [418.3089379681006, 810.1676065064413], [418.0449775041733, 808.4870010285914], [417.7728726208738, 806.8090300636472], [417.4926161887229, 805.1337024106444], [417.20420107824134, 803.4610268686189], [416.90762015995006, 801.7910122366067], [416.6028663043698, 800.1236673136436], [416.2899323820214, 798.4590008987656], [415.9688112634254, 796.7970217910084], [415.639495819103, 795.1377387894082], [415.30197891957476, 793.481160693001], [414.9562534353616, 791.8272963008225], [414.60231223698423, 790.1761544119084], [414.2401481949634, 788.527743825295], [413.86975417982, 786.8820733400182], [413.4911230620749, 785.2391517551137], [413.1042477122487, 783.5989878696173], [412.7091210008624, 781.9615904825655], [412.30573579843673, 780.3269683929934], [411.89408497549243, 778.6951303999377], [411.47416140255035, 777.066085302434], [411.04595795013125, 775.439841899518], [410.60946748875597, 773.8164089902258], [410.1646828889454, 772.1957953735936], [409.71159702122014, 770.5780098486567], [409.25020275610103, 768.9630612144514], [408.78049296410916, 767.3509582700136], [408.3024605157649, 765.7417098143793], [407.81609828158935, 764.1353246465842], [407.3213991321031, 762.5318115656642], [406.8183559378272, 760.9311793706553], [406.3069615692823, 759.3334368605936], [405.7872088969891, 757.7385928345147], [405.2590907914686, 756.1466560914547], [404.72260012324153, 754.5576354304496], [404.1777297628287, 752.9715396505352], [403.62447258075076, 751.3883775507472], [403.06282144752873, 749.8081579301221], [402.49276923368325, 748.2308895876951], [401.9143088097353, 746.6565813225025], [401.3274330462054, 745.08524193358], [400.7321348136146, 743.5168802199639], [400.1284069824837, 741.9515049806902], [399.5162424233332, 740.389125014794], [398.89563400668436, 738.829749121312], [398.2665746030575, 737.2733860992796], [397.6290570829739, 735.7200447477333], [396.9830743169539, 734.1697338657085], [396.3286191755186, 732.6224622522412], [395.6656845291887, 731.0782387063675], [394.99426324848497, 729.5370720271231], [394.3143482039284, 727.9989710135443], [393.62593226603946, 726.4639444646665], [392.92900830533915, 724.932001179526], [392.2235691923484, 723.4031499571587], [391.5096077975878, 721.8773995966001], [390.78711699157816, 720.3547588968866], [390.0560896448405, 718.835236657054], [389.3165186278952, 717.3188416761378], [388.56839681126337, 715.8055827531745], [387.8117170654659, 714.2954686871997], [387.0464722610234, 712.7885082772495], [386.2726552684566, 711.2847103223594], [385.4902589582865, 709.784083621566], [384.69927620103385, 708.2866369739046], [383.8996998672194, 706.7923791784115], [383.091522827364, 705.3013190341223], [382.27473795198836, 703.8134653400732], [381.4493381116132, 702.3288268952997], [380.6153161767596, 700.8474124988384], [379.77266501794827, 699.3692309497246], [378.92137750569987, 697.8942910469943], [378.0614465105353, 696.4226015896841], [377.19286490297526, 694.9541713768288], [376.3156255535407, 693.489009207465], [375.4297213327525, 692.0271238806287], [374.53514511113104, 690.5685241953554], [373.6318897591975, 689.1132189506812], [372.7199481474727, 687.6612169456421], [371.79931314647706, 686.2125269792739], [370.86997762673184, 684.7671578506128], [369.9319344587576, 683.3251183586943], [368.98517651307515, 681.8864173025545], [368.0296966602053, 680.4510634812293], [367.0654877706688, 679.0190656937547], [366.0925427149867, 677.5904327391665], [365.1108543636795, 676.1651734165007], [364.1204155872681, 674.7432965247932], [363.1212192562733, 673.3248108630797], [362.11325824121593, 671.9097252303965], [361.09652541261676, 670.4980484257792], [360.0710136409967, 669.089789248264], [359.03671579687636, 667.6849564968865]]}}, {"type": "Feature", "properties": {"label": 10, "method": "skeleton_longest_path"}, "geometry": {"type": "LineString", "coordinates": [[1386.9738181263403, 879.1047274946218], [1386.7312825013041, 880.0748699947671], [1386.488746876268, 881.0450124949125], [1386.2462112512317, 882.0151549950579], [1386.0036756261954, 882.9852974952032], [1385.7611400011592, 883.9554399953486], [1385.518604376123, 884.9255824954939], [1385.2760687510868, 885.8957249956393], [1385.0335331260505, 886.8658674957846], [1384.7909975010143, 887.83600999593], [1384.548461875978, 888.8061524960754], [1384.3059262509419, 889.7762949962207], [1384.0633906259056, 890.7464374963661], [1383.8208550008694, 891.7165799965114], [1383.5783193758332, 892.6867224966568], [1383.335783750797, 893.6568649968021], [1383.0932481257607, 894.6270074969475], [1382.8507125007245, 895.5971499970929], [1382.6081768756883, 896.5672924972382], [1382.365641250652, 897.5374349973836], [1382.1231056256158, 898.5075774975289], [1381.8805700005796, 899.4777199976743], [1381.6380343755434, 900.4478624978196], [1381.3954987505072, 901.418004997965], [1381.152963125471, 902.3881474981104], [1380.9104275004347, 903.3582899982557], [1380.6678918753985, 904.3284324984011], [1380.4253562503623, 905.2985749985464], [1380.182820625326, 906.2687174986918], [1379.9402850002898, 907.2388599988371], [1379.6977493752536, 908.2090024989825], [1379.4552137502174, 909.1791449991279], [1379.2126781251811, 910.1492874992732], [1378.970142500145, 911.1194299994186], [1378.7276068751087, 912.0895724995639], [1378.4850712500725, 913.0597149997093], [1378.2425356250362, 914.0298574998546], [1378.0, 915.0], [1377.0, 916.0], [1377.0, 917.0], [1377.0, 918.0], [1377.0, 919.0], [1377.0, 920.0], [1376.0, 921.0], [1376.0, 922.0], [1376.0, 923.0], [1376.0, 924.0], [1376.0, 925.0], [1375.0, 926.0], [1375.0, 927.0], [1375.0, 928.0], [1375.0, 929.0], [1375.0, 930.0], [1374.0, 931.0], [1374.0, 932.0], [1374.0, 933.0], [1374.0, 934.0], [1374.0, 935.0], [1373.0, 936.0], [1373.0, 937.0], [1373.0, 938.0], [1373.0, 939.0], [1373.0, 940.0], [1373.0, 941.0], [1373.0, 942.0], [1374.0, 943.0], [1375.0, 944.0], [1375.0, 945.0], [1376.0, 946.0], [1376.0, 947.0], [1377.0, 948.0], [1378.0, 949.0], [1379.0, 950.0], [1380.0, 951.0], [1380.0, 952.0], [1381.0, 953.0], [1382.0, 954.0], [1382.0, 955.0], [1383.0, 956.0], [1383.0, 957.0], [1384.0, 958.0], [1384.0, 959.0], [1384.0, 960.0], [1385.0, 961.0], [1386.0, 962.0], [1386.0, 963.0], [1386.0, 964.0], [1387.0, 965.0], [1388.0, 966.0], [1388.0, 967.0], [1389.0, 968.0], [1390.0, 969.0], [1391.0, 970.0], [1392.0, 971.0], [1392.0, 972.0], [1393.0, 973.0], [1394.0, 974.0], [1394.0, 975.0], [1395.0, 976.0], [1395.0, 977.0], [1395.0, 978.0], [1396.0, 979.0], [1396.0, 980.0], [1396.0, 981.0], [1397.0, 982.0], [1397.0, 983.0], [1397.0, 984.0], [1398.0, 985.0], [1398.0, 986.0], [1398.0, 987.0], [1399.0, 988.0], [1399.0, 989.0], [1399.0, 990.0], [1400.0, 991.0], [1401.0, 992.0], [1401.0, 993.0], [1402.0, 994.0], [1403.0, 995.0], [1404.0, 996.0], [1405.0, 997.0], [1406.0, 998.0], [1406.0, 999.0], [1407.0, 1000.0], [1408.0, 1001.0], [1409.0, 1002.0], [1410.0, 1003.0], [1410.0, 1004.0], [1411.0, 1005.0], [1412.0, 1006.0], [1413.0, 1007.0], [1414.0, 1008.0], [1415.0, 1009.0], [1416.0, 1010.0], [1417.0, 1011.0], [1418.0, 1012.0], [1418.0, 1013.0], [1419.0, 1014.0], [1420.0, 1015.0], [1421.0, 1016.0], [1422.0, 1017.0], [1423.0, 1018.0], [1424.0, 1019.0], [1425.0, 1020.0], [1426.0, 1021.0], [1427.0, 1022.0], [1428.0, 1023.0], [1429.0, 1023.0], [1430.0, 1024.0], [1431.0, 1025.0], [1431.0, 1026.0], [1432.0, 1027.0], [1433.0, 1028.0], [1434.0, 1029.0], [1434.0, 1030.0], [1435.0, 1031.0], [1436.0, 1032.0], [1436.0, 1033.0], [1437.0, 1034.0], [1437.0, 1035.0], [1438.0, 1036.0], [1439.0, 1037.0], [1440.0, 1038.0], [1441.0, 1039.0], [1442.0, 1040.0], [1443.0, 1041.0], [1444.0, 1042.0], [1445.0, 1043.0], [1446.0, 1044.0], [1446.0, 1045.0], [1447.0, 1046.0], [1448.0, 1047.0], [1449.0, 1048.0], [1450.0, 1049.0], [1451.0, 1050.0], [1452.0, 1051.0], [1453.0, 1052.0], [1454.0, 1053.0], [1455.0, 1054.0], [1456.0, 1055.0], [1457.0, 1055.0], [1458.0, 1056.0], [1459.0, 1057.0], [1460.0, 1057.0], [1461.0, 1058.0], [1462.0, 1059.0], [1463.0, 1060.0], [1463.0, 1061.0], [1464.0, 1062.0], [1465.0, 1063.0], [1466.0, 1064.0], [1467.0, 1065.0], [1468.0, 1066.0], [1469.0, 1067.0], [1470.0, 1068.0], [1471.0, 1069.0], [1472.0, 1070.0], [1473.0, 1071.0], [1474.0, 1072.0], [1475.0, 1072.0], [1476.0, 1073.0], [1477.0, 1074.0], [1478.0, 1075.0], [1479.0, 1075.0], [1480.0, 1076.0], [1481.0, 1077.0], [1482.0, 1077.0], [1483.0, 1078.0], [1484.0, 1079.0], [1485.0, 1080.0], [1486.0, 1080.0], [1487.0, 1081.0], [1488.0, 1082.0], [1489.0, 1082.0], [1490.0, 1083.0], [1491.0, 1084.0], [1492.0, 1085.0], [1493.0, 1085.0], [1494.0, 1086.0], [1495.0, 1087.0], [1496.0, 1088.0], [1497.0, 1088.0], [1498.0, 1089.0], [1499.0, 1089.0], [1500.0, 1090.0], [1501.0, 1091.0], [1502.0, 1091.0], [1503.0, 1091.0], [1504.0, 1091.0], [1505.0, 1091.0], [1506.0, 1091.0], [1507.0, 1091.0], [1508.0, 1091.0], [1509.0, 1091.0], [1510.0, 1091.0], [1511.0, 1091.0], [1512.0, 1091.0], [1513.0, 1091.0], [1514.0, 1092.0], [1515.0, 1092.0], [1516.0, 1092.0], [1517.0, 1092.0], [1518.0, 1092.0], [1519.0, 1092.0], [1520.0, 1092.0], [1521.0, 1093.0], [1522.0, 1093.0], [1522.9922778767136, 1093.1240347345893], [1523.9845557534272, 1093.2480694691785], [1524.9768336301408, 1093.3721042037678], [1525.9691115068545, 1093.496138938357], [1526.961389383568, 1093.6201736729463], [1527.9536672602817, 1093.7442084075356], [1528.9459451369953, 1093.8682431421248], [1529.938223013709, 1093.992277876714], [1530.9305008904225, 1094.1163126113033], [1531.9227787671362, 1094.2403473458926], [1532.9150566438498, 1094.3643820804818], [1533.9073345205634, 1094.488416815071], [1534.899612397277, 1094.6124515496604], [1535.8918902739906, 1094.7364862842496], [1536.8841681507042, 1094.8605210188389], [1537.8764460274178, 1094.9845557534281], [1538.8687239041315, 1095.1085904880174], [1539.861001780845, 1095.2326252226067], [1540.8532796575587, 1095.356659957196], [1541.8455575342723, 1095.4806946917852]]}}, {"type": "Feature", "properties": {"label": 10, "method": "geodesic_dt"}, "geometry": {"type": "LineString", "coordinates": [[1524.0, 1117.0], [1523.0, 1116.0], [1523.0, 1115.0], [1522.0, 1114.0], [1522.0, 1113.0], [1522.0, 1112.0], [1522.0, 1111.0], [1521.0, 1110.0], [1521.0, 1109.0], [1521.0, 1108.0], [1520.0, 1107.0], [1519.0, 1106.0], [1518.0, 1105.0], [1517.0, 1104.0], [1516.0, 1103.0], [1515.0, 1102.0], [1514.0, 1101.0], [1513.0, 1100.0], [1512.0, 1099.0], [1511.0, 1098.0], [1510.0, 1097.0], [1509.0, 1096.0], [1508.0, 1095.0], [1507.0, 1094.0], [1506.0, 1093.0], [1505.0, 1092.0], [1504.0, 1091.0], [1503.0, 1090.0], [1502.0, 1089.0], [1501.0, 1088.0], [1500.0, 1087.0], [1499.0, 1086.0], [1498.0, 1086.0], [1497.0, 1086.0], [1496.0, 1085.0], [1495.0, 1085.0], [1494.0, 1084.0], [1493.0, 1084.0], [1492.0, 1083.0], [1491.0, 1083.0], [1490.0, 1082.0], [1489.0, 1082.0], [1488.0, 1081.0], [1487.0, 1080.0], [1486.0, 1080.0], [1485.0, 1079.0], [1484.0, 1078.0], [1483.0, 1077.0], [1482.0, 1077.0], [1481.0, 1076.0], [1480.0, 1075.0], [1479.0, 1075.0], [1478.0, 1074.0], [1477.0, 1073.0], [1476.0, 1073.0], [1475.0, 1072.0], [1474.0, 1071.0], [1473.0, 1071.0], [1472.0, 1070.0], [1471.0, 1069.0], [1470.0, 1068.0], [1469.0, 1067.0], [1468.0, 1066.0], [1467.0, 1065.0], [1466.0, 1064.0], [1465.0, 1063.0], [1464.0, 1062.0], [1463.0, 1061.0], [1462.0, 1060.0], [1461.0, 1059.0], [1460.0, 1058.0], [1459.0, 1057.0], [1458.0, 1056.0], [1457.0, 1055.0], [1456.0, 1054.0], [1455.0, 1054.0], [1454.0, 1053.0], [1453.0, 1052.0], [1452.0, 1051.0], [1451.0, 1050.0], [1450.0, 1049.0], [1449.0, 1048.0], [1448.0, 1047.0], [1447.0, 1046.0], [1447.0, 1045.0], [1446.0, 1044.0], [1445.0, 1043.0], [1445.0, 1042.0], [1444.0, 1041.0], [1443.0, 1040.0], [1442.0, 1039.0], [1441.0, 1038.0], [1440.0, 1037.0], [1440.0, 1036.0], [1439.0, 1035.0], [1438.0, 1034.0], [1437.0, 1033.0], [1436.0, 1032.0], [1436.0, 1031.0], [1435.0, 1030.0], [1434.0, 1029.0], [1433.0, 1028.0], [1432.0, 1027.0], [1431.0, 1026.0], [1430.0, 1025.0], [1429.0, 1024.0], [1428.0, 1023.0], [1427.0, 1022.0], [1426.0, 1021.0], [1425.0, 1020.0], [1424.0, 1019.0], [1423.0, 1018.0], [1422.0, 1017.0], [1421.0, 1016.0], [1420.0, 1015.0], [1419.0, 1014.0], [1418.0, 1013.0], [1417.0, 1012.0], [1416.0, 1011.0], [1416.0, 1010.0], [1415.0, 1009.0], [1414.0, 1008.0], [1413.0, 1007.0], [1412.0, 1006.0], [1411.0, 1005.0], [1410.0, 1004.0], [1409.0, 1003.0], [1408.0, 1002.0], [1408.0, 1001.0], [1407.0, 1000.0], [1406.0, 999.0], [1405.0, 998.0], [1405.0, 997.0], [1404.0, 996.0], [1403.0, 995.0], [1402.0, 994.0], [1401.0, 993.0], [1400.0, 992.0], [1399.0, 991.0], [1398.0, 990.0], [1397.0, 989.0], [1397.0, 988.0], [1396.0, 987.0], [1395.0, 986.0], [1394.0, 985.0], [1394.0, 984.0], [1393.0, 983.0], [1392.0, 982.0], [1391.0, 981.0], [1391.0, 980.0], [1390.0, 979.0], [1390.0, 978.0], [1389.0, 977.0], [1388.0, 976.0], [1388.0, 975.0], [1387.0, 974.0], [1386.0, 973.0], [1386.0, 972.0], [1386.0, 971.0], [1385.0, 970.0], [1385.0, 969.0], [1384.0, 968.0], [1384.0, 967.0], [1384.0, 966.0], [1383.0, 965.0], [1383.0, 964.0], [1383.0, 963.0], [1382.0, 962.0], [1382.0, 961.0], [1382.0, 960.0], [1381.0, 959.0], [1381.0, 958.0], [1381.0, 957.0], [1380.0, 956.0], [1380.0, 955.0], [1379.0, 954.0], [1379.0, 953.0], [1378.0, 952.0], [1377.0, 951.0], [1377.0, 950.0], [1376.0, 949.0], [1376.0, 948.0], [1375.0, 947.0], [1375.0, 946.0], [1374.0, 945.0], [1374.0, 944.0], [1373.0, 943.0], [1373.0, 942.0], [1372.0, 941.0], [1372.0, 940.0], [1371.0, 939.0], [1371.0, 938.0], [1371.0, 937.0], [1371.0, 936.0], [1371.0, 935.0], [1371.0, 934.0], [1371.0, 933.0], [1372.0, 932.0], [1372.0, 931.0], [1372.0, 930.0], [1372.0, 929.0], [1372.0, 928.0], [1372.0, 927.0], [1372.0, 926.0], [1372.0, 925.0], [1372.0, 924.0], [1372.0, 923.0], [1372.0, 922.0], [1372.0, 921.0], [1372.0, 920.0], [1372.0, 919.0], [1372.0, 918.0], [1372.0, 917.0], [1372.0, 916.0], [1372.0, 915.0], [1372.0, 914.0], [1372.0, 913.0], [1372.0, 912.0], [1372.0, 911.0], [1372.0, 910.0], [1372.0, 909.0], [1372.0, 908.0], [1372.0, 907.0], [1372.0, 906.0], [1372.0, 905.0], [1372.0, 904.0], [1372.0, 903.0], [1371.0, 902.0], [1371.0, 901.0], [1370.0, 900.0], [1370.0, 899.0], [1370.0, 898.0], [1369.0, 897.0], [1369.0, 896.0], [1368.0, 895.0], [1368.0, 894.0], [1368.0, 893.0], [1367.0, 892.0], [1367.0, 891.0], [1367.0, 890.0], [1366.0, 889.0], [1366.0, 888.0], [1366.0, 887.0], [1365.0, 886.0], [1365.0, 885.0], [1365.0, 884.0], [1365.0, 883.0], [1364.0, 882.0], [1364.0, 881.0], [1363.0, 880.0]]}}, {"type": "Feature", "properties": {"label": 10, "method": "smoothed_spline"}, "geometry": {"type": "LineString", "coordinates": [[1526.8813375336947, 1113.6599395847975], [1525.832363785668, 1112.7509826160767], [1524.778537259041, 1111.840572300765], [1523.7199712473011, 1110.928688449303], [1522.6567790439326, 1110.015310872132], [1521.589073942422, 1109.100419379693], [1520.5169692362551, 1108.183993782428], [1519.4405782189178, 1107.2660138907777], [1518.360014183896, 1106.346459515184], [1517.275390424675, 1105.4253104660877], [1516.1868202347407, 1104.50254655393], [1515.0944169075792, 1103.5781475891524], [1513.9982937366765, 1102.6520933821962], [1512.898564015519, 1101.724363743503], [1511.7953410375908, 1100.7949384835133], [1510.6887380963788, 1099.8637974126686], [1509.5788684853683, 1098.9309203414107], [1508.4658454980458, 1097.9962870801803], [1507.3497824278977, 1097.0598774394193], [1506.2307925684079, 1096.1216712295682], [1505.1089892130635, 1095.1816482610689], [1503.9844856553505, 1094.2397883443623], [1502.8573951887536, 1093.29607128989], [1501.72783110676, 1092.3504769080935], [1500.5959067028548, 1091.4029850094132], [1499.4617352705236, 1090.4535754042913], [1498.3254301032532, 1089.5022279031684], [1497.187104494528, 1088.5489223164861], [1496.0468717378349, 1087.5936384546858], [1494.9048451266592, 1086.6363561282085], [1493.7611379544871, 1085.6770551474954], [1492.615863514804, 1084.7157153229884], [1491.4691351010958, 1083.752316465128], [1490.3210660068492, 1082.7868383843563], [1489.171769525549, 1081.8192608911138], [1488.0213589506811, 1080.849563795842], [1486.8699475757314, 1079.8777269089826], [1485.717648694186, 1078.9037300409761], [1484.5645755995308, 1077.9275530022649], [1483.4108415852509, 1076.9491756032887], [1482.256559944834, 1075.968577654491], [1481.1018439717632, 1074.9857389663111], [1479.9468069595262, 1074.0006393491908], [1478.7915622016085, 1073.0132586135721], [1477.6362229914953, 1072.023576569895], [1476.4809026226733, 1071.0315730286022], [1475.3257143886276, 1070.037227800134], [1474.170771582844, 1069.040520694932], [1473.0161874988096, 1068.0414315234377], [1471.862075430008, 1067.0399400960919], [1470.7085486699273, 1066.0360262233362], [1469.555720512052, 1065.0296697156118], [1468.403704249868, 1064.02085038336], [1467.2526131768618, 1063.0095480370221], [1466.102560586518, 1061.9957424870393], [1464.9536597723243, 1060.979413543853], [1463.8060240277644, 1059.9605410179045], [1462.6597666463256, 1058.9391047196345], [1461.5150009214935, 1057.9150844594856], [1460.371840146753, 1056.8884600478975], [1459.2303976155913, 1055.859211295313], [1458.0907866214932, 1054.8273180121719], [1456.9531204579448, 1053.7927600089165], [1455.817512418432, 1052.755517095988], [1454.6840757964403, 1051.715569083827], [1453.5529238854565, 1050.6728957828757], [1452.4241699789654, 1049.6274770035745], [1451.2979273704534, 1048.5792925563653], [1450.1743093534058, 1047.5283222516896], [1449.0534292213085, 1046.4745458999876], [1447.9354002676484, 1045.417943311702], [1446.82033578591, 1044.3584942972725], [1445.7083490695793, 1043.2961786671417], [1444.5995534121428, 1042.2309762317504], [1443.4940621070855, 1041.1628668015394], [1442.3919884478944, 1040.0918301869513], [1441.2934457280537, 1039.017846198426], [1440.1985472410506, 1037.9408946464055], [1439.1074062803705, 1036.8609553413307], [1438.0201361394986, 1035.778008093643], [1436.9368501119225, 1034.6920327137843], [1435.8576614911256, 1033.603009012195], [1434.7826835705953, 1032.5109167993166], [1433.7120296438172, 1031.4157358855907], [1432.6458130042765, 1030.317446081458], [1431.5841469454604, 1029.216027197361], [1430.527144760853, 1028.1114590437394], [1429.474919743941, 1027.0037214310355], [1428.4275851882103, 1025.8927941696904], [1427.3852543871467, 1024.7786570701453], [1426.3480406342362, 1023.6612899428414], [1425.3160572229638, 1022.5406725982202], [1424.289417446816, 1021.4167848467226], [1423.2682345992785, 1020.2896064987904], [1422.2526219738368, 1019.159117364864], [1421.242692863978, 1018.0252972553862], [1420.238560563186, 1016.8881259807966], [1419.240338364948, 1015.7475833515375], [1418.248139562749, 1014.6036491780502], [1417.2620774500751, 1013.4563032707752], [1416.282265320413, 1012.3055254401546], [1415.3088164672472, 1011.1512954966295], [1414.3418441840647, 1009.9935932506409], [1413.3814617643502, 1008.8323985126301], [1412.42778250159, 1007.6676910930387], [1411.4809196892704, 1006.4994508023078], [1410.5409866208763, 1005.3276574508786], [1409.6080965898939, 1004.1522908491922], [1408.6823628898096, 1002.9733308076906], [1407.7638988141084, 1001.7907571368144], [1406.8528176562768, 1000.6045496470051], [1405.9492327097998, 999.414688148704], [1405.053257268164, 998.2211524523525], [1404.165004624855, 997.0239223683916], [1403.284588073359, 995.8229777072626], [1402.4121209071607, 994.6182982794071], [1401.547716419747, 993.4098638952662], [1400.691487904603, 992.197654365281], [1399.8435486552153, 990.9816494998931], [1399.004011965069, 989.7618291095436], [1398.1729911276502, 988.5381730046738], [1397.3505994364448, 987.3106609957251], [1396.5369501849386, 986.0792728931385], [1395.7321566666171, 984.8439885073554], [1394.9363321749668, 983.6047876488175], [1394.149590003473, 982.3616501279656], [1393.3720434456218, 981.1145557552411], [1392.6038057948988, 979.863484341085], [1391.8449903447893, 978.6084156959389], [1391.0957103887802, 977.3493296302444], [1390.3560792203568, 976.0862059544422], [1389.626210133005, 974.8190244789738], [1388.9062164202105, 973.5477650142806], [1388.1962113754594, 972.2724073708035], [1387.496308292237, 970.9929313589844], [1386.80662046403, 969.709316789264], [1386.1272611843233, 968.4215434720841], [1385.4583437466033, 967.1295912178854], [1384.7999814443551, 965.8334398371094], [1384.1522875710657, 964.5330691401978], [1383.51537542022, 963.2284589375911], [1382.889358285304, 961.9195890397314], [1382.2743494598037, 960.6064392570595], [1381.670462237205, 959.2889894000166], [1381.0778099109934, 957.9672192790443], [1380.496505774655, 956.641108704584], [1379.9266631216751, 955.3106374870763], [1379.3683952455408, 953.9757854369634], [1378.8218154397362, 952.6365323646855], [1378.2870369977484, 951.2928580806847], [1377.7641732130626, 949.9447423954022], [1377.2533373791648, 948.5921651192789], [1376.7546427895413, 947.2351060627566], [1376.2682027376773, 945.873545036276], [1375.7941305170584, 944.507461850279], [1375.332539421171, 943.1368363152062], [1374.883542743501, 941.7616482414996], [1374.4472537775337, 940.3818774395997], [1374.0237858167557, 938.9975037199486], [1373.6132521546517, 937.608506892987], [1373.2157660847083, 936.2148667691563], [1372.8314409004115, 934.8165631588979], [1372.4603898952464, 933.413575872653], [1372.1027263626993, 932.0058847208629], [1371.758563596256, 930.593469513969], [1371.4280148894022, 929.1763100624124], [1371.1111935356237, 927.7543861766344], [1370.8082128284063, 926.3276776670764], [1370.5191860612363, 924.8961643441796], [1370.244226527599, 923.4598260183852], [1369.9834475209802, 922.0186425001347], [1369.7369623348661, 920.5725935998692], [1369.5048842627425, 919.1216591280302], [1369.2873265980948, 917.6658188950586], [1369.0844026344091, 916.2050527113959], [1368.896225665171, 914.7393403874835], [1368.7229089838665, 913.2686617337623], [1368.5645658839817, 911.7929965606742], [1368.421309659002, 910.3123246786599], [1368.2932536024136, 908.826625898161], [1368.180511007702, 907.3358800296187], [1368.083195168353, 905.8400668834743], [1368.0014193778525, 904.3391662701688], [1367.9352969296867, 902.833158000144], [1367.884941117341, 901.3220218838408], [1367.850465234301, 899.8057377317007], [1367.8319825740532, 898.2842853541647], [1367.8296064300828, 896.7576445616742], [1367.843450095876, 895.2257951646707], [1367.8736268649186, 893.6887169735953], [1367.9202500306965, 892.1463897988892], [1367.983432886695, 890.598793450994], [1368.0632887264005, 889.0459077403506], [1368.1599308432985, 887.4877124774005], [1368.2734725308746, 885.9241874725847], [1368.4040270826156, 884.3553125363451], [1368.5517077920065, 882.7810674791223], [1368.7166279525331, 881.2014321113578], [1368.8989008576816, 879.6163862434933], [1369.0986398009375, 878.0259096859694]]}}, {"type": "Feature", "properties": {"label": 11, "method": "skeleton_longest_path"}, "geometry": {"type": "LineString", "coordinates": [[1197.3513416439437, 1041.5810822945023], [1196.35906376723, 1041.7051170290915], [1195.3667858905164, 1041.8291517636808], [1194.3745080138028, 1041.95318649827], [1193.3822301370892, 1042.0772212328593], [1192.3899522603756, 1042.2012559674486], [1191.397674383662, 1042.3252907020378], [1190.4053965069484, 1042.449325436627], [1189.4131186302347, 1042.5733601712163], [1188.4208407535211, 1042.6973949058056], [1187.4285628768075, 1042.8214296403949], [1186.436285000094, 1042.945464374984], [1185.4440071233803, 1043.0694991095734], [1184.4517292466667, 1043.1935338441626], [1183.459451369953, 1043.317568578752], [1182.4671734932394, 1043.4416033133411], [1181.4748956165258, 1043.5656380479304], [1180.4826177398122, 1043.6896727825197], [1179.4903398630986, 1043.813707517109], [1178.498061986385, 1043.9377422516982], [1177.5057841096714, 1044.0617769862874], [1176.5135062329578, 1044.1858117208767], [1175.5212283562441, 1044.309846455466], [1174.5289504795305, 1044.4338811900552], [1173.536672602817, 1044.5579159246445], [1172.5443947261033, 1044.6819506592337], [1171.5521168493897, 1044.805985393823], [1170.559838972676, 1044.9300201284123], [1169.5675610959624, 1045.0540548630015], [1168.5752832192488, 1045.1780895975908], [1167.5830053425352, 1045.30212433218], [1166.5907274658216, 1045.4261590667693], [1165.598449589108, 1045.5501938013585], [1164.6061717123944, 1045.6742285359478], [1163.6138938356808, 1045.798263270537], [1162.6216159589671, 1045.9222980051263], [1161.6293380822535, 1046.0463327397156], [1160.63706020554, 1046.1703674743048], [1159.6447823288263, 1046.294402208894], [1158.6525044521127, 1046.4184369434834], [1157.660226575399, 1046.5424716780726], [1156.6679486986854, 1046.6665064126619], [1155.6756708219718, 1046.7905411472511], [1154.6833929452582, 1046.9145758818404], [1153.6911150685446, 1047.0386106164297], [1152.698837191831, 1047.162645351019], [1151.7065593151174, 1047.2866800856082], [1150.7142814384038, 1047.4107148201974], [1149.7220035616901, 1047.5347495547867], [1148.7297256849765, 1047.658784289376], [1147.737447808263, 1047.7828190239652], [1146.7451699315493, 1047.9068537585545], [1145.7528920548357, 1048.0308884931437], [1144.760614178122, 1048.154923227733], [1143.7683363014085, 1048.2789579623222], [1142.7760584246948, 1048.4029926969115], [1141.7837805479812, 1048.5270274315008], [1140.7915026712676, 1048.65106216609], [1139.799224794554, 1048.7750969006793], [1138.8069469178404, 1048.8991316352685], [1137.8146690411268, 1049.0231663698578], [1136.8223911644131, 1049.147201104447], [1135.8301132876995, 1049.2712358390363], [1134.837835410986, 1049.3952705736256], [1133.8455575342723, 1049.5193053082148], [1132.8532796575587, 1049.643340042804], [1131.861001780845, 1049.7673747773933], [1130.8687239041315, 1049.8914095119826], [1129.8764460274178, 1050.0154442465719], [1128.8841681507042, 1050.1394789811611], [1127.8918902739906, 1050.2635137157504], [1126.899612397277, 1050.3875484503396], [1125.9073345205634, 1050.511583184929], [1124.9150566438498, 1050.6356179195182], [1123.9227787671362, 1050.7596526541074], [1122.9305008904225, 1050.8836873886967], [1121.938223013709, 1051.007722123286], [1120.9459451369953, 1051.1317568578752], [1119.9536672602817, 1051.2557915924644], [1118.961389383568, 1051.3798263270537], [1117.9691115068545, 1051.503861061643], [1116.9768336301408, 1051.6278957962322], [1115.9845557534272, 1051.7519305308215], [1114.9922778767136, 1051.8759652654107], [1114.0, 1052.0], [1113.0, 1052.0], [1112.0, 1052.0], [1111.0, 1053.0], [1110.0, 1053.0], [1109.0, 1053.0], [1108.0, 1053.0], [1107.0, 1053.0], [1106.0, 1053.0], [1105.0, 1053.0], [1104.0, 1053.0], [1103.0, 1053.0], [1102.0, 1053.0], [1101.0, 1054.0], [1100.0, 1054.0], [1099.0, 1054.0], [1098.0, 1054.0], [1097.0, 1054.0], [1096.0, 1054.0], [1095.0, 1054.0], [1094.0, 1054.0], [1093.0, 1054.0], [1092.0, 1055.0], [1091.0, 1055.0], [1090.0, 1055.0], [1089.0, 1055.0], [1088.0, 1055.0], [1087.0, 1055.0], [1086.0, 1055.0], [1085.0, 1056.0], [1114.0, 1052.0], [1115.0, 1053.0], [1116.0, 1054.0], [1117.0, 1055.0], [1118.0, 1056.0], [1119.0, 1057.0], [1120.0, 1057.0], [1121.0, 1058.0], [1122.0, 1059.0], [1123.0, 1060.0], [1124.0, 1061.0], [1125.0, 1061.0], [1126.0, 1062.0], [1127.0, 1063.0], [1128.0, 1064.0], [1129.0, 1065.0], [1129.0, 1066.0], [1130.0, 1067.0], [1131.0, 1068.0], [1131.0, 1069.0], [1132.0, 1070.0], [1132.0, 1071.0], [1133.0, 1072.0], [1134.0, 1073.0], [1134.0, 1074.0], [1135.0, 1075.0], [1135.0, 1076.0], [1136.0, 1077.0], [1137.0, 1078.0], [1138.0, 1079.0], [1138.0, 1080.0], [1139.0, 1081.0], [1140.0, 1082.0], [1140.0, 1083.0], [1141.0, 1084.0], [1141.0, 1085.0], [1141.0, 1086.0], [1142.0, 1087.0], [1143.0, 1088.0], [1143.0, 1089.0], [1144.0, 1090.0], [1144.0, 1091.0], [1144.0, 1092.0], [1145.0, 1093.0], [1145.0, 1094.0], [1145.0, 1095.0], [1146.0, 1096.0], [1146.0, 1097.0], [1147.0, 1098.0], [1147.0, 1099.0], [1147.0, 1100.0], [1147.0, 1101.0], [1148.0, 1102.0], [1148.0, 1103.0], [1149.0, 1104.0], [1149.0, 1105.0], [1150.0, 1106.0], [1150.0, 1107.0], [1151.0, 1108.0], [1152.0, 1109.0], [1153.0, 1110.0], [1153.0, 1111.0], [1154.0, 1112.0], [1154.0, 1113.0], [1155.0, 1114.0], [1155.0, 1115.0], [1156.0, 1116.0], [1157.0, 1117.0], [1157.0, 1118.0], [1158.0, 1119.0], [1158.0, 1120.0], [1159.0, 1121.0], [1159.0, 1122.0], [1159.0, 1123.0], [1160.0, 1124.0], [1161.0, 1125.0], [1161.0, 1126.0], [1162.0, 1127.0], [1162.0, 1128.0], [1162.0, 1129.0], [1163.0, 1130.0], [1164.0, 1131.0], [1164.0, 1132.0], [1164.0, 1133.0], [1165.0, 1134.0], [1165.0, 1135.0], [1165.0, 1136.0], [1166.0, 1137.0], [1167.0, 1138.0], [1168.0, 1139.0], [1168.0, 1140.0], [1169.0, 1141.0], [1170.0, 1142.0], [1171.0, 1143.0], [1171.0, 1144.0], [1172.0, 1145.0], [1173.0, 1146.0], [1173.0, 1147.0], [1174.0, 1148.0], [1175.0, 1149.0], [1176.0, 1150.0], [1177.0, 1151.0], [1178.0, 1152.0], [1179.0, 1153.0], [1180.0, 1153.0], [1181.0, 1154.0], [1182.0, 1155.0], [1183.0, 1155.0], [1184.0, 1155.0], [1185.0, 1156.0], [1186.0, 1156.0], [1187.0, 1157.0], [1188.0, 1157.0], [1189.0, 1158.0], [1190.0, 1159.0], [1191.0, 1159.0], [1192.0, 1160.0], [1193.0, 1161.0], [1194.0, 1162.0], [1195.0, 1163.0], [1196.0, 1164.0], [1197.0, 1165.0], [1198.0, 1166.0], [1199.0, 1167.0], [1200.0, 1168.0], [1201.0, 1169.0], [1202.0, 1170.0], [1203.0, 1171.0], [1204.0, 1172.0], [1205.0, 1172.0], [1206.0, 1173.0], [1207.0, 1174.0], [1208.0, 1174.0], [1209.0, 1174.0], [1210.0, 1175.0], [1211.0, 1175.0], [1212.0, 1176.0], [1213.0, 1177.0], [1214.0, 1177.0], [1215.0, 1178.0], [1216.0, 1178.0], [1217.0, 1179.0], [1218.0, 1179.0], [1219.0, 1180.0], [1220.0, 1180.0], [1221.0, 1181.0], [1222.0, 1181.0], [1223.0, 1181.0], [1224.0, 1182.0], [1225.0, 1182.0], [1225.936329177569, 1182.3511234415885], [1226.872658355138, 1182.702246883177], [1227.8089875327069, 1183.0533703247654], [1228.7453167102758, 1183.4044937663539], [1229.6816458878448, 1183.7556172079424], [1230.6179750654137, 1184.1067406495308], [1231.5543042429827, 1184.4578640911193], [1232.4906334205516, 1184.8089875327078], [1233.4269625981206, 1185.1601109742962], [1234.3632917756895, 1185.5112344158847], [1235.2996209532585, 1185.8623578574732], [1236.2359501308274, 1186.2134812990616], [1237.1722793083964, 1186.56460474065], [1238.1086084859653, 1186.9157281822386], [1239.0449376635343, 1187.266851623827], [1239.9812668411032, 1187.6179750654155], [1240.9175960186722, 1187.969098507004], [1241.853925196241, 1188.3202219485925], [1242.79025437381, 1188.671345390181], [1243.726583551379, 1189.0224688317694], [1244.662912728948, 1189.3735922733579], [1245.599241906517, 1189.7247157149463], [1246.5355710840859, 1190.0758391565348], [1247.4719002616548, 1190.4269625981233], [1248.4082294392238, 1190.7780860397118], [1249.3445586167927, 1191.1292094813002], [1250.2808877943617, 1191.4803329228887], [1251.2172169719306, 1191.8314563644772], [1252.1535461494996, 1192.1825798060656], [1253.0898753270685, 1192.533703247654], [1254.0262045046375, 1192.8848266892426], [1254.9625336822064, 1193.235950130831], [1255.8988628597754, 1193.5870735724195], [1256.8351920373443, 1193.938197014008], [1257.7715212149133, 1194.2893204555965], [1258.7078503924822, 1194.640443897185], [1259.6441795700512, 1194.9915673387734], [1260.5805087476201, 1195.3426907803619], [1261.516837925189, 1195.6938142219503], [1262.453167102758, 1196.0449376635388], [1263.389496280327, 1196.3960611051273], [1264.325825457896, 1196.7471845467157], [1265.2621546354649, 1197.0983079883042], [1266.1984838130338, 1197.4494314298927]]}}, {"type": "Feature", "properties": {"label": 11, "method": "geodesic_dt"}, "geometry": {"type": "LineString", "coordinates": [[1246.0, 1218.0], [1245.0, 1217.0], [1245.0, 1216.0], [1244.0, 1215.0], [1244.0, 1214.0], [1244.0, 1213.0], [1244.0, 1212.0], [1243.0, 1211.0], [1243.0, 1210.0], [1243.0, 1209.0], [1242.0, 1208.0], [1241.0, 1207.0], [1240.0, 1206.0], [1239.0, 1205.0], [1238.0, 1204.0], [1237.0, 1203.0], [1236.0, 1202.0], [1235.0, 1201.0], [1234.0, 1200.0], [1233.0, 1199.0], [1232.0, 1198.0], [1231.0, 1197.0], [1230.0, 1196.0], [1229.0, 1195.0], [1228.0, 1194.0], [1227.0, 1193.0], [1226.0, 1192.0], [1225.0, 1191.0], [1224.0, 1190.0], [1223.0, 1189.0], [1222.0, 1188.0], [1221.0, 1187.0], [1220.0, 1186.0], [1219.0, 1185.0], [1218.0, 1184.0], [1217.0, 1183.0], [1216.0, 1182.0], [1215.0, 1181.0], [1214.0, 1180.0], [1213.0, 1179.0], [1212.0, 1178.0], [1211.0, 1177.0], [1210.0, 1176.0], [1209.0, 1176.0], [1208.0, 1175.0], [1207.0, 1175.0], [1206.0, 1174.0], [1205.0, 1173.0], [1204.0, 1172.0], [1203.0, 1171.0], [1202.0, 1170.0], [1201.0, 1169.0], [1200.0, 1168.0], [1199.0, 1167.0], [1198.0, 1166.0], [1197.0, 1165.0], [1196.0, 1164.0], [1195.0, 1163.0], [1194.0, 1162.0], [1193.0, 1161.0], [1192.0, 1160.0], [1191.0, 1159.0], [1190.0, 1158.0], [1189.0, 1157.0], [1188.0, 1156.0], [1187.0, 1155.0], [1186.0, 1154.0], [1185.0, 1153.0], [1184.0, 1152.0], [1183.0, 1151.0], [1182.0, 1150.0], [1181.0, 1149.0], [1180.0, 1148.0], [1179.0, 1147.0], [1178.0, 1146.0], [1177.0, 1145.0], [1176.0, 1145.0], [1175.0, 1144.0], [1174.0, 1143.0], [1173.0, 1143.0], [1172.0, 1142.0], [1171.0, 1141.0], [1170.0, 1141.0], [1169.0, 1140.0], [1168.0, 1139.0], [1167.0, 1138.0], [1166.0, 1137.0], [1165.0, 1136.0], [1164.0, 1135.0], [1163.0, 1134.0], [1162.0, 1133.0], [1161.0, 1132.0], [1160.0, 1131.0], [1159.0, 1130.0], [1158.0, 1129.0], [1157.0, 1128.0], [1156.0, 1127.0], [1155.0, 1126.0], [1154.0, 1125.0], [1154.0, 1124.0], [1153.0, 1123.0], [1153.0, 1122.0], [1152.0, 1121.0], [1151.0, 1120.0], [1150.0, 1119.0], [1150.0, 1118.0], [1149.0, 1117.0], [1148.0, 1116.0], [1147.0, 1115.0], [1147.0, 1114.0], [1146.0, 1113.0], [1145.0, 1112.0], [1145.0, 1111.0], [1144.0, 1110.0], [1143.0, 1109.0], [1143.0, 1108.0], [1142.0, 1107.0], [1142.0, 1106.0], [1141.0, 1105.0], [1141.0, 1104.0], [1140.0, 1103.0], [1140.0, 1102.0], [1140.0, 1101.0], [1139.0, 1100.0], [1139.0, 1099.0], [1138.0, 1098.0], [1138.0, 1097.0], [1137.0, 1096.0], [1137.0, 1095.0], [1136.0, 1094.0], [1136.0, 1093.0], [1135.0, 1092.0], [1135.0, 1091.0], [1134.0, 1090.0], [1134.0, 1089.0], [1133.0, 1088.0], [1133.0, 1087.0], [1132.0, 1086.0], [1132.0, 1085.0], [1131.0, 1084.0], [1131.0, 1083.0], [1130.0, 1082.0], [1130.0, 1081.0], [1130.0, 1080.0], [1129.0, 1079.0], [1129.0, 1078.0], [1128.0, 1077.0], [1128.0, 1076.0], [1127.0, 1075.0], [1127.0, 1074.0], [1126.0, 1073.0], [1126.0, 1072.0], [1125.0, 1071.0], [1125.0, 1070.0], [1124.0, 1069.0], [1124.0, 1068.0], [1123.0, 1067.0], [1122.0, 1066.0], [1122.0, 1065.0], [1121.0, 1064.0], [1121.0, 1063.0], [1120.0, 1062.0], [1120.0, 1061.0], [1119.0, 1060.0], [1118.0, 1059.0], [1118.0, 1058.0], [1117.0, 1057.0], [1117.0, 1056.0], [1116.0, 1055.0], [1115.0, 1054.0], [1115.0, 1053.0], [1114.0, 1052.0], [1113.0, 1051.0], [1112.0, 1050.0], [1111.0, 1049.0], [1110.0, 1048.0], [1110.0, 1047.0], [1110.0, 1046.0], [1109.0, 1045.0], [1109.0, 1044.0], [1108.0, 1043.0], [1108.0, 1042.0], [1108.0, 1041.0], [1107.0, 1040.0], [1107.0, 1039.0], [1107.0, 1038.0], [1106.0, 1037.0], [1106.0, 1036.0], [1105.0, 1035.0], [1105.0, 1034.0], [1105.0, 1033.0], [1104.0, 1032.0], [1104.0, 1031.0], [1104.0, 1030.0], [1103.0, 1029.0], [1103.0, 1028.0], [1103.0, 1027.0], [1102.0, 1026.0], [1102.0, 1025.0], [1101.0, 1024.0], [1101.0, 1023.0], [1100.0, 1022.0], [1100.0, 1021.0], [1099.0, 1020.0], [1099.0, 1019.0], [1098.0, 1018.0], [1098.0, 1017.0], [1097.0, 1016.0], [1097.0, 1015.0], [1096.0, 1014.0], [1096.0, 1013.0], [1095.0, 1012.0], [1095.0, 1011.0], [1094.0, 1010.0], [1094.0, 1009.0], [1093.0, 1008.0], [1093.0, 1007.0], [1092.0, 1006.0], [1091.0, 1005.0], [1091.0, 1004.0], [1090.0, 1003.0], [1090.0, 1002.0], [1090.0, 1001.0], [1089.0, 1000.0], [1089.0, 999.0], [1088.0, 998.0], [1088.0, 997.0], [1088.0, 996.0], [1087.0, 995.0], [1087.0, 994.0], [1086.0, 993.0], [1086.0, 992.0], [1086.0, 991.0], [1085.0, 990.0], [1085.0, 989.0], [1084.0, 988.0], [1084.0, 987.0], [1084.0, 986.0], [1083.0, 985.0], [1083.0, 984.0], [1083.0, 983.0], [1082.0, 982.0], [1082.0, 981.0], [1082.0, 980.0], [1081.0, 979.0], [1081.0, 978.0], [1081.0, 977.0], [1081.0, 976.0], [1080.0, 975.0], [1080.0, 974.0], [1079.0, 973.0]]}}, {"type": "Feature", "properties": {"label": 11, "method": "smoothed_spline"}, "geometry": {"type": "LineString", "coordinates": [[1252.007592967384, 1214.8002478614142], [1250.6714352742747, 1213.8110715627097], [1249.340696353131, 1212.819323945235], [1248.0153663642498, 1211.8250088283762], [1246.6954354679249, 1210.8281300315186], [1245.3808938244526, 1209.8286913740471], [1244.07173159413, 1208.826696675349], [1242.7679389372513, 1207.8221497548084], [1241.4695060141137, 1206.8150544318123], [1240.1764229850116, 1205.8054145257456], [1238.8886800102414, 1204.7932338559942], [1237.6062672500987, 1203.7785162419432], [1236.3291748648796, 1202.7612655029795], [1235.0573930148803, 1201.7414854584886], [1233.7909118603952, 1200.719179927855], [1232.5297215617213, 1199.6943527304652], [1231.2738122791534, 1198.6670076857047], [1230.023174172988, 1197.6371486129594], [1228.7777974035212, 1196.604779331615], [1227.5376721310477, 1195.569903661057], [1226.302788515864, 1194.5325254206707], [1225.0731367182655, 1193.4926484298426], [1223.8487068985485, 1192.450276507958], [1222.6294892170085, 1191.4054134744028], [1221.4154738339412, 1190.3580631485622], [1220.2066509096423, 1189.3082293498219], [1219.0030106044076, 1188.2559158975682], [1217.804543078533, 1187.2011266111858], [1216.6112384923147, 1186.1438653100618], [1215.4230870060474, 1185.0841358135808], [1214.240078780028, 1184.0219419411287], [1213.0622039745513, 1182.9572875120912], [1211.8894527499135, 1181.8901763458541], [1210.721815266411, 1180.8206122618033], [1209.5592816843387, 1179.7485990793239], [1208.4018421639928, 1178.6741406178019], [1207.2494868656684, 1177.5972406966227], [1206.1022059496622, 1176.517903135173], [1204.95998957627, 1175.4361317528371], [1203.8228279057862, 1174.3519303690011], [1202.6907110985087, 1173.265302803052], [1201.5636293147315, 1172.1762528743739], [1200.441572714751, 1171.0847844023524], [1199.3245314588632, 1169.9909012063745], [1198.2124957073634, 1168.8946071058242], [1197.1054556205481, 1167.7959059200891], [1196.003401358712, 1166.6948014685536], [1194.9063230821519, 1165.5912975706035], [1193.8142109511632, 1164.485398045625], [1192.727055126041, 1163.3771067130028], [1191.6448457670824, 1162.2664273921241], [1190.5675730345822, 1161.1533639023737], [1189.4952270888366, 1160.0379200631369], [1188.4277980901413, 1158.9200996938], [1187.3652761987914, 1157.7999066137481], [1186.3076515750843, 1156.6773446423683], [1185.254914379314, 1155.5524175990442], [1184.2070547717774, 1154.4251293031627], [1183.1640629127699, 1153.29548357411], [1182.1259289625868, 1152.1634842312703], [1181.0926430815252, 1151.0291350940308], [1180.0641954298796, 1149.892439981776], [1179.040576167946, 1148.7534027138922], [1178.021775456021, 1147.612027109765], [1177.007783454399, 1146.4683169887794], [1175.9985903233771, 1145.3222761703228], [1174.9941862232506, 1144.173908473779], [1173.9945613143145, 1143.0232177185346], [1172.9997057568662, 1141.8702077239757], [1172.0096097111998, 1140.7148823094867], [1171.0242633376124, 1139.5572452944548], [1170.043656796399, 1138.3973004982643], [1169.0677802478556, 1137.235051740302], [1168.096623852278, 1136.070502839953], [1167.1301777699612, 1134.9036576166025], [1166.1684321612029, 1133.7345198896373], [1165.211377186297, 1132.5630934784422], [1164.25900300554, 1131.3893822024036], [1163.311299779228, 1130.2133898809068], [1162.3682576676558, 1129.0351203333369], [1161.4298668311203, 1127.854577379081], [1160.4961174299165, 1126.6717648375234], [1159.5669996243407, 1125.4866865280505], [1158.6425035746881, 1124.2993462700479], [1157.7226194412547, 1123.109747882901], [1156.807337384337, 1121.9178951859963], [1155.8966475642296, 1120.723791998718], [1154.990540141229, 1119.5274421404533], [1154.089005275631, 1118.328849430587], [1153.1920331277308, 1117.1280176885052], [1152.2996138578249, 1115.9249507335935], [1151.4117376262084, 1114.7196523852372], [1150.5283945931776, 1113.5121264628224], [1149.649574919028, 1112.3023767857346], [1148.7752687640552, 1111.0904071733596], [1147.905466288556, 1109.8762214450835], [1147.0401576528245, 1108.6598234202909], [1146.179333017158, 1107.4412169183684], [1145.3229825418514, 1106.2204057587012], [1144.4710963872005, 1104.997393760675], [1143.6236647135017, 1103.7721847436762], [1142.7806776810503, 1102.5447825270899], [1141.9421254501422, 1101.3151909303015], [1141.1079981810728, 1100.083413772697], [1140.2782860341385, 1098.8494548736624], [1139.4529791696348, 1097.613318052583], [1138.6320677478575, 1096.3750071288446], [1137.8155419291022, 1095.1345259218324], [1137.0033918736647, 1093.8918782509331], [1136.1956077418413, 1092.6470679355316], [1135.3921796939271, 1091.400098795014], [1134.593097890218, 1090.1509746487654], [1133.79835249101, 1088.8996993161722], [1133.0079336565989, 1087.6462766166196], [1132.2218315472803, 1086.3907103694935], [1131.4400363233501, 1085.1330043941796], [1130.662538145104, 1083.8731625100634], [1129.8893271728377, 1082.6111885365308], [1129.1203935668473, 1081.347086292967], [1128.355727487428, 1080.0808595987585], [1127.5953190948762, 1078.8125122732904], [1126.8391585494876, 1077.5420481359486], [1126.0872360115575, 1076.2694710061187], [1125.3395416413819, 1074.9947847031863], [1124.5960655992567, 1073.7179930465372], [1123.8567980454777, 1072.439099855557], [1123.1217291403404, 1071.1581089496317], [1122.3908490441409, 1069.8750241481466], [1121.6641479171747, 1068.5898492704873], [1120.9416159197378, 1067.3025881360402], [1120.223243212126, 1066.01324456419], [1119.5090199546348, 1064.7218223743232], [1118.79893630756, 1063.428325385825], [1118.0929824311977, 1062.1327574180814], [1117.3911484858436, 1060.8351222904776], [1116.6934246317933, 1059.5354238224], [1115.9998010293425, 1058.2336658332338], [1115.3102678387872, 1056.9298521423646], [1114.624815220423, 1055.6239865691782], [1113.943433334546, 1054.3160729330607], [1113.2661123414514, 1053.006115053397], [1112.5928424014355, 1051.6941167495736], [1111.9236136747938, 1050.3800818409754], [1111.258416321822, 1049.0640141469887], [1110.5972405028165, 1047.7459174869991], [1109.9400763780727, 1046.4257956803922], [1109.2869141078859, 1045.1036525465533], [1108.6377438525524, 1043.7794919048688], [1107.992555772368, 1042.4533175747238], [1107.3513400276279, 1041.125133375504], [1106.7140867786288, 1039.7949431265954], [1106.0807861856656, 1038.4627506473835], [1105.4514284090349, 1037.1285597572544], [1104.8260036090317, 1035.7923742755934], [1104.204501945952, 1034.454198021786], [1103.5869135800917, 1033.1140348152178], [1102.973228671747, 1031.7718884752753], [1102.3634373812129, 1030.4277628213433], [1101.7575298687855, 1029.081661672808], [1101.1554962947605, 1027.7335888490547], [1100.557326819434, 1026.3835481694696], [1099.9630116031012, 1025.0315434534382], [1099.3725408060586, 1023.6775785203458], [1098.7859045886014, 1022.3216571895784], [1098.2030931110255, 1020.9637832805217], [1097.624096533627, 1019.6039606125615], [1097.0489050167012, 1018.2421930050832], [1096.4775087205442, 1016.8784842774726], [1095.9098978054515, 1015.5128382491152], [1095.346062431719, 1014.1452587393971], [1094.7859927596428, 1012.7757495677038], [1094.229678949518, 1011.4043145534208], [1093.6771111616413, 1010.0309575159341], [1093.1282795563077, 1008.655682274629], [1092.583174293813, 1007.2784926488914], [1092.0417855344535, 1005.8993924581071], [1091.5041034385245, 1004.5183855216617], [1090.9701181663222, 1003.1354756589405], [1090.4398198781419, 1001.75066668933], [1089.9131987342796, 1000.3639624322152], [1089.3902448950312, 998.975366706982], [1088.8709485206923, 997.5848833330161], [1088.3552997715585, 996.1925161297031], [1087.8432888079262, 994.7982689164289], [1087.3349057900907, 993.402145512579], [1086.8301408783477, 992.004149737539], [1086.3289842329932, 990.6042854106948], [1085.831426014323, 989.2025563514319], [1085.3374563826326, 987.7989663791361], [1084.8470654982182, 986.3935193131932], [1084.360243521375, 984.9862189729886], [1083.8769806123992, 983.5770691779081], [1083.3972669315867, 982.1660737473375], [1082.921092639233, 980.7532365006624], [1082.4484478956338, 979.3385612572682], [1081.9793228610854, 977.9220518365413], [1081.5137076958829, 976.5037120578667], [1081.0515925603222, 975.0835457406304], [1080.5929676146995, 973.661556704218], [1080.1378230193102, 972.2377487680152]]}}, {"type": "Feature", "properties": {"label": 12, "method": "skeleton_longest_path"}, "geometry": {"type": "LineString", "coordinates": [[773.4558441227159, 980.5441558772841], [772.7487373415294, 981.2512626584706], [772.0416305603428, 981.9583694396572], [771.3345237791563, 982.6654762208437], [770.6274169979697, 983.3725830020303], [769.9203102167832, 984.0796897832168], [769.2132034355966, 984.7867965644034], [768.50609665441, 985.49390334559], [767.7989898732235, 986.2010101267765], [767.0918830920369, 986.9081169079631], [766.3847763108504, 987.6152236891496], [765.6776695296638, 988.3223304703362], [764.9705627484773, 989.0294372515227], [764.2634559672907, 989.7365440327093], [763.5563491861042, 990.4436508138958], [762.8492424049176, 991.1507575950824], [762.1421356237311, 991.8578643762689], [761.4350288425445, 992.5649711574555], [760.727922061358, 993.272077938642], [760.0208152801714, 993.9791847198286], [759.3137084989849, 994.6862915010151], [758.6066017177983, 995.3933982822017], [757.8994949366117, 996.1005050633883], [757.1923881554252, 996.8076118445748], [756.4852813742386, 997.5147186257614], [755.7781745930521, 998.2218254069479], [755.0710678118655, 998.9289321881345], [754.363961030679, 999.636038969321], [753.6568542494924, 1000.3431457505076], [752.9497474683059, 1001.0502525316941], [752.2426406871193, 1001.7573593128807], [751.5355339059328, 1002.4644660940672], [750.8284271247462, 1003.1715728752538], [750.1213203435597, 1003.8786796564403], [749.4142135623731, 1004.5857864376269], [748.7071067811866, 1005.2928932188134], [748.0, 1006.0], [747.0, 1007.0], [747.0, 1008.0], [746.0, 1009.0], [745.0, 1010.0], [744.0, 1011.0], [743.0, 1012.0], [742.0, 1012.0], [741.0, 1013.0], [740.0, 1014.0], [739.0, 1014.0], [738.0, 1015.0], [737.0, 1016.0], [736.0, 1016.0], [735.0, 1017.0], [734.0, 1017.0], [733.0, 1018.0], [732.0, 1019.0], [731.0, 1020.0], [730.0, 1021.0], [729.0, 1022.0], [728.0, 1023.0], [727.0, 1023.0], [726.0, 1024.0], [725.0, 1025.0], [724.0, 1026.0], [723.0, 1027.0], [722.0, 1028.0], [721.0, 1029.0], [720.0, 1030.0], [719.0, 1031.0], [718.0, 1032.0], [717.0, 1033.0], [716.0, 1034.0], [715.0, 1035.0], [715.0, 1036.0], [714.0, 1037.0], [713.0, 1038.0], [712.0, 1039.0], [711.0, 1040.0], [710.0, 1041.0], [709.0, 1042.0], [708.0, 1043.0], [707.0, 1044.0], [706.0, 1045.0], [705.0, 1046.0], [704.0, 1047.0], [703.0, 1048.0], [702.0, 1049.0], [701.0, 1050.0], [700.0, 1051.0], [699.0, 1052.0], [698.0, 1053.0], [697.0, 1054.0], [696.0, 1055.0], [695.0, 1056.0], [694.0, 1057.0], [693.0, 1058.0], [692.0, 1059.0], [691.0, 1060.0], [690.0, 1061.0], [689.0, 1062.0], [689.0, 1063.0], [689.0, 1064.0], [689.0, 1065.0], [689.0, 1066.0], [689.0, 1067.0], [688.0, 1068.0], [688.0, 1069.0], [688.0, 1070.0], [688.0, 1071.0], [688.0, 1072.0], [688.0, 1073.0], [687.0, 1074.0], [686.7574643749637, 1074.9701425001454], [686.5149287499273, 1075.9402850002907], [686.272393124891, 1076.910427500436], [686.0298574998546, 1077.8805700005814], [685.7873218748183, 1078.8507125007268], [685.544786249782, 1079.8208550008721], [685.3022506247456, 1080.7909975010175], [685.0597149997093, 1081.7611400011629], [684.817179374673, 1082.7312825013082], [684.5746437496366, 1083.7014250014536], [684.3321081246003, 1084.671567501599], [684.0895724995639, 1085.6417100017443], [683.8470368745276, 1086.6118525018896], [683.6045012494912, 1087.581995002035], [683.3619656244549, 1088.5521375021804], [683.1194299994186, 1089.5222800023257], [682.8768943743822, 1090.492422502471], [682.6343587493459, 1091.4625650026164], [682.3918231243096, 1092.4327075027618], [682.1492874992732, 1093.4028500029071], [681.9067518742369, 1094.3729925030525], [681.6642162492005, 1095.3431350031979], [681.4216806241642, 1096.3132775033432], [681.1791449991279, 1097.2834200034886], [680.9366093740915, 1098.253562503634], [680.6940737490552, 1099.2237050037793], [680.4515381240188, 1100.1938475039246], [680.2090024989825, 1101.16399000407], [679.9664668739462, 1102.1341325042154], [679.7239312489098, 1103.1042750043607], [679.4813956238735, 1104.074417504506], [679.2388599988371, 1105.0445600046514], [678.9963243738008, 1106.0147025047968], [678.7537887487645, 1106.9848450049421], [678.5112531237281, 1107.9549875050875], [678.2687174986918, 1108.9251300052329], [678.0261818736554, 1109.8952725053782], [677.7836462486191, 1110.8654150055236], [677.5411106235828, 1111.835557505669], [677.2985749985464, 1112.8057000058143], [677.0560393735101, 1113.7758425059596]]}}, {"type": "Feature", "properties": {"label": 12, "method": "geodesic_dt"}, "geometry": {"type": "LineString", "coordinates": [[670.0, 1113.0], [671.0, 1112.0], [671.0, 1111.0], [672.0, 1110.0], [672.0, 1109.0], [672.0, 1108.0], [672.0, 1107.0], [673.0, 1106.0], [673.0, 1105.0], [673.0, 1104.0], [674.0, 1103.0], [674.0, 1102.0], [674.0, 1101.0], [675.0, 1100.0], [675.0, 1099.0], [675.0, 1098.0], [675.0, 1097.0], [676.0, 1096.0], [676.0, 1095.0], [676.0, 1094.0], [677.0, 1093.0], [677.0, 1092.0], [678.0, 1091.0], [678.0, 1090.0], [678.0, 1089.0], [679.0, 1088.0], [679.0, 1087.0], [680.0, 1086.0], [680.0, 1085.0], [681.0, 1084.0], [682.0, 1083.0], [682.0, 1082.0], [683.0, 1081.0], [684.0, 1080.0], [684.0, 1079.0], [685.0, 1078.0], [686.0, 1077.0], [686.0, 1076.0], [687.0, 1075.0], [688.0, 1074.0], [688.0, 1073.0], [688.0, 1072.0], [688.0, 1071.0], [688.0, 1070.0], [688.0, 1069.0], [689.0, 1068.0], [689.0, 1067.0], [689.0, 1066.0], [690.0, 1065.0], [690.0, 1064.0], [690.0, 1063.0], [691.0, 1062.0], [691.0, 1061.0], [692.0, 1060.0], [692.0, 1059.0], [693.0, 1058.0], [694.0, 1057.0], [695.0, 1056.0], [696.0, 1055.0], [697.0, 1054.0], [698.0, 1053.0], [699.0, 1052.0], [700.0, 1051.0], [701.0, 1050.0], [702.0, 1049.0], [703.0, 1048.0], [704.0, 1047.0], [704.0, 1046.0], [705.0, 1045.0], [706.0, 1044.0], [707.0, 1043.0], [708.0, 1042.0], [709.0, 1041.0], [710.0, 1040.0], [711.0, 1039.0], [712.0, 1038.0], [713.0, 1037.0], [714.0, 1036.0], [715.0, 1035.0], [716.0, 1034.0], [717.0, 1033.0], [718.0, 1032.0], [719.0, 1031.0], [720.0, 1031.0], [721.0, 1030.0], [722.0, 1029.0], [723.0, 1028.0], [724.0, 1027.0], [725.0, 1026.0], [726.0, 1026.0], [727.0, 1025.0], [728.0, 1024.0], [729.0, 1024.0], [730.0, 1023.0], [731.0, 1023.0], [732.0, 1022.0], [733.0, 1021.0], [734.0, 1020.0], [735.0, 1019.0], [736.0, 1018.0], [737.0, 1017.0], [738.0, 1016.0], [739.0, 1015.0], [739.0, 1014.0], [740.0, 1013.0], [741.0, 1012.0], [742.0, 1011.0], [743.0, 1010.0], [744.0, 1009.0], [745.0, 1008.0], [746.0, 1007.0], [747.0, 1006.0], [748.0, 1005.0], [749.0, 1004.0], [750.0, 1003.0], [751.0, 1002.0], [752.0, 1001.0], [753.0, 1000.0], [754.0, 999.0], [755.0, 998.0], [756.0, 997.0], [757.0, 996.0], [758.0, 995.0], [759.0, 994.0], [760.0, 993.0], [761.0, 992.0], [761.0, 991.0], [761.0, 990.0], [762.0, 989.0], [762.0, 988.0], [762.0, 987.0], [763.0, 986.0], [763.0, 985.0], [763.0, 984.0], [764.0, 983.0], [764.0, 982.0], [764.0, 981.0], [764.0, 980.0], [765.0, 979.0], [765.0, 978.0], [766.0, 977.0]]}}, {"type": "Feature", "properties": {"label": 12, "method": "smoothed_spline"}, "geometry": {"type": "LineString", "coordinates": [[672.5920023323446, 1114.5711178540118], [672.628098163801, 1113.651944748695], [672.6736664861141, 1112.7378040753933], [672.7286313032475, 1111.8286550624211], [672.7929166191644, 1110.9244569380924], [672.866446437828, 1110.025168930721], [672.9491447632022, 1109.1307502686223], [673.0409355992501, 1108.24116018011], [673.1417429499353, 1107.3563578934986], [673.2514908192211, 1106.4763026371024], [673.3701032110708, 1105.6009536392357], [673.4975041294481, 1104.7302701282129], [673.633617578316, 1103.864211332348], [673.7783675616388, 1103.0027364799564], [673.931678083379, 1102.1458047993515], [674.0934731475002, 1101.2933755188476], [674.2636767579661, 1100.4454078667588], [674.4422129187399, 1099.6018610714004], [674.6290056337853, 1098.7626943610867], [674.8239789070653, 1097.9278669641308], [675.0270567425437, 1097.0973381088477], [675.2381631441835, 1096.2710670235522], [675.4572221159488, 1095.4490129365581], [675.6841576618025, 1094.63113507618], [675.9188937857082, 1093.817392670732], [676.161354491629, 1093.0077449485286], [676.4114637835286, 1092.2021511378841], [676.6691456653705, 1091.4005704671126], [676.934324141118, 1090.602962164529], [677.2069232147347, 1089.8092854584472], [677.4868668901837, 1089.0194995771817], [677.7740791714286, 1088.2335637490467], [678.0684840624327, 1087.451437202356], [678.3700055671598, 1086.6730791654254], [678.6785676895728, 1085.898448866568], [678.9940944336353, 1085.1275055340986], [679.3165098033107, 1084.3602083963312], [679.6457378025627, 1083.5965166815802], [679.9817024353547, 1082.8363896181609], [680.3243277056495, 1082.0797864343856], [680.6735376174114, 1081.3266663585712], [681.0292561746032, 1080.5769886190299], [681.3914073811884, 1079.8307124440767], [681.7599152411308, 1079.0877970620268], [682.1347037583931, 1078.3482017011931], [682.5156969369397, 1077.611885589891], [682.902818780733, 1076.8788079564342], [683.2959932937372, 1076.1489280291376], [683.6951444799155, 1075.4222050363153], [684.1001963432309, 1074.6985982062808], [684.5110728876473, 1073.97806676735], [684.927698117128, 1073.260569947836], [685.3499960356367, 1072.546066976054], [685.7778906471362, 1071.8345170803175], [686.2113059555902, 1071.125879488941], [686.6501659649625, 1070.42011343024], [687.0943946792158, 1069.717178132527], [687.5439161023143, 1069.0170328241177], [687.9986542382208, 1068.3196367333262], [688.4585330908989, 1067.6249490884659], [688.9234766643125, 1066.9329291178524], [689.393408962424, 1066.243536049799], [689.8682539891977, 1065.5567291126208], [690.3479357485968, 1064.8724675346318], [690.8323782445843, 1064.1907105441462], [691.3215054811245, 1063.5114173694792], [691.81524146218, 1062.8345472389437], [692.3135101917145, 1062.1600593808546], [692.8162356736917, 1061.4879130235272], [693.3233419120743, 1060.8180673952743], [693.8347529108266, 1060.1504817244117], [694.3503926739113, 1059.4851152392523], [694.8701852052923, 1058.8219271681119], [695.394054508933, 1058.1608767393036], [695.9219245887961, 1057.501923181142], [696.4537194488462, 1056.8450257219422], [696.9893630930458, 1056.1901435900174], [697.5287795253587, 1055.537236013683], [698.0718927497481, 1054.8862622212528], [698.6186267701776, 1054.2371814410408], [699.168905590611, 1053.5899529013623], [699.7226532150107, 1052.9445358305304], [700.279793647341, 1052.3008894568604], [700.8402508915651, 1051.6589730086664], [701.4039489516462, 1051.0187457142622], [701.9708118315482, 1050.3801668019632], [702.5407635352337, 1049.7431955000827], [703.1137280666669, 1049.1077910369359], [703.6896294298111, 1048.473912640836], [704.2683916286295, 1047.8415195400985], [704.8499386670857, 1047.2105709630373], [705.4341945491427, 1046.5810261379665], [706.0210832787643, 1045.9528442932005], [706.6105288599141, 1045.325984657054], [707.2024552965548, 1044.7004064578407], [707.796786592651, 1044.076068923876], [708.3934467521649, 1043.452931283473], [708.9923597790604, 1042.830952764947], [709.5934496773011, 1042.2100925966115], [710.1966404508503, 1041.5903100067815], [710.8018561036713, 1040.9715642237709], [711.4090206397277, 1040.3538144758945], [712.0180580629828, 1039.7370199914662], [712.6288923774001, 1039.1211399988006], [713.241447586943, 1038.5061337262118], [713.8556476955749, 1037.8919604020143], [714.4714167072591, 1037.2785792545224], [715.0886786259592, 1036.6659495120505], [715.7073574556387, 1036.0540304029128], [716.3273772002607, 1035.4427811554237], [716.948661863789, 1034.8321609978975], [717.5711354501866, 1034.2221291586484], [718.1947219634172, 1033.6126448659911], [718.8193454074442, 1033.0036673482396], [719.4449297862309, 1032.3951558337085], [720.071399103741, 1031.787069550712], [720.6986773639376, 1031.1793677275646], [721.3266885707841, 1030.5720095925801], [721.9553567282443, 1029.9649543740734], [722.5846058402813, 1029.3581613003585], [723.2143599108587, 1028.75158959975], [723.8445429439396, 1028.1451985005622], [724.4750789434878, 1027.5389472311092], [725.1058919134666, 1026.9327950197053], [725.7369058578392, 1026.3267010946652], [726.3680447805694, 1025.7206246843032], [726.9992326856204, 1025.1145250169334], [727.6303935769556, 1024.5083613208699], [728.2614514585385, 1023.9020928244273], [728.8923303343325, 1023.2956787559203], [729.522954208301, 1022.6890783436627], [730.1532470844074, 1022.0822508159692], [730.7831329666152, 1021.4751554011539], [731.4125358588878, 1020.8677513275313], [732.0413797651886, 1020.2599978234155], [732.669588689481, 1019.651854117121], [733.2970866357284, 1019.0432794369623], [733.9237976078942, 1018.4342330112534], [734.549645609942, 1017.8246740683087], [735.1745546458351, 1017.2145618364427], [735.7984487195367, 1016.6038555439696], [736.4212518350107, 1015.9925144192039], [737.0428879962201, 1015.3804976904596], [737.6632812071285, 1014.7677645860513], [738.2823554716995, 1014.1542743342934], [738.9000347938961, 1013.5399861635001], [739.5162431776819, 1012.9248593019855], [740.1309046270206, 1012.3088529780647], [740.7439431458752, 1011.691926420051], [741.3552827382093, 1011.0740388562594], [741.9648474079866, 1010.4551495150042], [742.5725611591699, 1009.8352176245994], [743.1783479957231, 1009.2142024133599], [743.7821319216096, 1008.5920631095995], [744.3838369407925, 1007.9687589416326], [744.9833870572354, 1007.3442491377737], [745.580706274902, 1006.7184929263373], [746.1757185977552, 1006.0914495356371], [746.768348029759, 1005.4630781939884], [747.3585185748761, 1004.8333381297045], [747.9461542370707, 1004.2021885711004], [748.5311790203057, 1003.5695887464904], [749.1135169285446, 1002.9354978841884], [749.6930919657509, 1002.2998752125092], [750.269828135888, 1001.6626799597668], [750.8436494429195, 1001.023871354276], [751.4144798908087, 1000.3834086243505], [751.9822434835187, 999.7412509983053], [752.5468642250135, 999.0973577044542], [753.1082661192559, 998.4516879711116], [753.6663731702097, 997.804201026592], [754.2211093818385, 997.1548560992098], [754.7723987581053, 996.5036124172793], [755.3201653029737, 995.8504292091147], [755.864333020407, 995.1952657030304], [756.4048259143688, 994.5380811273405], [756.9415679888225, 993.8788347103598], [757.4744832477315, 993.2174856804023], [758.0034956950593, 992.5539932657825], [758.528529334769, 991.8883166948146], [759.0495081708245, 991.2204151958131], [759.5663562071888, 990.5502479970921], [760.0789974478255, 989.8777743269661], [760.587355896698, 989.2029534137496], [761.0913555577697, 988.5257444857565], [761.5909204350041, 987.8461067713015], [762.0859745323646, 987.1639994986987], [762.5764418538143, 986.4793818962625], [763.0622464033172, 985.7922131923074], [763.5433121848364, 985.1024526151475], [764.0195632023353, 984.4100593930973], [764.4909234597774, 983.714992754471], [764.957316961126, 983.017211927583], [765.4186677103447, 982.3166761407477], [765.8748997113967, 981.6133446222792], [766.3259369682457, 980.9071766004924], [766.7717034848549, 980.198131303701], [767.2121232651878, 979.4861679602194], [767.6471203132078, 978.7712457983624], [768.0766186328783, 978.0533240464439]]}}, {"type": "Feature", "properties": {"label": 13, "method": "skeleton_longest_path"}, "geometry": {"type": "LineString", "coordinates": [[867.6678918753997, 991.3284324984011], [867.4253562503634, 992.2985749985464], [867.182820625327, 993.2687174986918], [866.9402850002907, 994.2388599988371], [866.6977493752544, 995.2090024989825], [866.455213750218, 996.1791449991279], [866.2126781251817, 997.1492874992732], [865.9701425001454, 998.1194299994186], [865.727606875109, 999.0895724995639], [865.4850712500727, 1000.0597149997093], [865.2425356250363, 1001.0298574998546], [865.0, 1002.0], [864.0, 1003.0], [864.0, 1004.0], [864.0, 1005.0], [864.0, 1006.0], [864.0, 1007.0], [864.0, 1008.0], [864.0, 1009.0], [863.0, 1010.0], [863.0, 1011.0], [863.0, 1012.0], [863.0, 1013.0], [863.0, 1014.0], [863.0, 1015.0], [864.0, 1016.0], [864.0, 1017.0], [864.0, 1018.0], [864.0, 1019.0], [865.0, 1020.0], [865.0, 1021.0], [865.0, 1022.0], [865.0, 1023.0], [865.0, 1024.0], [866.0, 1025.0], [866.0, 1026.0], [866.0, 1027.0], [866.0, 1028.0], [866.0, 1029.0], [866.0, 1030.0], [866.0, 1031.0], [866.0, 1032.0], [866.0, 1033.0], [866.0, 1034.0], [866.0, 1035.0], [866.0, 1036.0], [866.0, 1037.0], [866.0, 1038.0], [866.0, 1039.0], [866.0, 1040.0], [866.0, 1041.0], [866.0, 1042.0], [866.0, 1043.0], [866.0, 1044.0], [866.0, 1045.0], [866.0, 1046.0], [866.0, 1047.0], [866.0, 1048.0], [866.0, 1049.0], [866.0, 1050.0], [866.0, 1051.0], [866.0, 1052.0], [866.0, 1053.0], [866.0, 1054.0], [866.0, 1055.0], [866.0, 1056.0], [866.0, 1057.0], [866.0, 1057.0], [865.0, 1058.0], [864.0, 1059.0], [863.0, 1060.0], [862.0, 1061.0], [861.0, 1062.0], [861.0, 1063.0], [860.0, 1064.0], [859.0, 1065.0], [859.0, 1066.0], [858.0, 1067.0], [857.0, 1068.0], [856.0, 1069.0], [855.0, 1070.0], [854.0, 1071.0], [853.0, 1072.0], [852.0, 1073.0], [851.0, 1074.0], [850.0, 1075.0], [849.0, 1076.0], [849.0, 1077.0], [848.0, 1078.0], [848.0, 1079.0], [847.0, 1080.0], [846.0, 1081.0], [846.0, 1082.0], [845.0, 1083.0], [845.0, 1084.0], [844.0, 1085.0], [843.0, 1086.0], [843.0, 1087.0], [842.0, 1088.0], [841.0, 1089.0], [840.0, 1090.0], [840.0, 1091.0], [839.0, 1092.0], [838.0, 1093.0], [838.0, 1094.0], [837.0, 1095.0], [836.0, 1096.0], [835.0, 1097.0], [834.0, 1098.0], [834.0, 1099.0], [833.0, 1100.0], [832.0, 1101.0], [832.0, 1102.0], [831.0, 1103.0], [831.0, 1104.0], [830.0, 1105.0], [830.0, 1106.0], [829.0, 1107.0], [828.0, 1108.0], [827.0, 1109.0], [827.0, 1110.0], [826.0, 1111.0], [826.0, 1112.0], [826.0, 1113.0], [825.0, 1114.0], [824.0, 1115.0], [824.0, 1116.0], [824.0, 1117.0], [824.0, 1118.0], [823.0, 1119.0], [823.0, 1120.0], [823.0, 1121.0], [823.0, 1122.0], [822.0, 1123.0], [822.0, 1124.0], [821.0, 1125.0], [821.0, 1126.0], [820.0, 1127.0], [820.0, 1128.0], [820.0, 1129.0], [819.0, 1130.0], [818.0, 1131.0], [818.0, 1132.0], [817.0, 1133.0], [816.0, 1134.0], [815.0, 1135.0], [815.0, 1136.0], [814.0, 1137.0], [813.0, 1138.0], [812.0, 1139.0], [811.0, 1140.0], [810.0, 1141.0], [809.0, 1142.0], [809.0, 1143.0], [808.0, 1144.0], [807.0, 1145.0], [806.0, 1146.0], [806.0, 1147.0], [805.0, 1148.0], [804.0, 1149.0], [804.0, 1150.0], [803.0, 1151.0], [803.0, 1152.0], [802.0, 1153.0], [802.0, 1154.0], [801.0, 1155.0], [801.0, 1156.0], [800.0, 1157.0], [800.0, 1158.0], [799.0, 1159.0], [798.0, 1160.0], [797.0, 1161.0], [796.0, 1162.0], [796.0, 1163.0], [795.0, 1164.0], [794.0, 1165.0], [794.0, 1166.0], [793.0, 1167.0], [792.0, 1168.0], [792.0, 1169.0], [791.0, 1170.0], [791.0, 1171.0], [790.0, 1172.0], [789.0, 1173.0], [788.0, 1174.0], [788.0, 1175.0], [788.0, 1176.0], [787.0, 1177.0], [787.0, 1178.0], [786.0, 1179.0], [785.0, 1180.0], [785.0, 1181.0], [785.0, 1182.0], [784.0, 1183.0], [784.0, 1184.0], [783.0, 1185.0], [783.0, 1186.0], [782.0, 1187.0], [781.0, 1188.0], [780.0, 1189.0], [779.0, 1190.0], [778.0, 1191.0], [777.0, 1192.0], [777.0, 1193.0], [776.0, 1194.0], [775.0, 1195.0], [774.0, 1196.0], [774.0, 1197.0], [773.0, 1198.0], [773.0, 1199.0], [772.0, 1200.0], [772.0, 1201.0], [771.0, 1202.0], [770.0, 1203.0], [769.0, 1204.0], [768.0, 1205.0], [767.0, 1206.0], [766.0, 1207.0], [766.0, 1208.0], [765.0, 1209.0], [764.0, 1210.0], [764.0, 1211.0], [763.0, 1212.0], [762.0, 1213.0], [761.0, 1214.0], [760.0, 1215.0], [760.0, 1216.0], [759.0, 1217.0], [759.0, 1218.0], [758.0, 1219.0], [758.0, 1220.0], [758.0, 1221.0], [757.0, 1222.0], [757.0, 1223.0], [756.0, 1224.0], [756.0, 1225.0], [756.0, 1226.0], [756.0, 1227.0], [756.0, 1228.0], [756.0, 1229.0], [756.0, 1230.0], [756.0, 1231.0], [755.8759652654107, 1231.9922778767136], [755.7519305308215, 1232.9845557534272], [755.6278957962322, 1233.9768336301408], [755.503861061643, 1234.9691115068545], [755.3798263270537, 1235.961389383568], [755.2557915924644, 1236.9536672602817], [755.1317568578752, 1237.9459451369953], [755.0077221232859, 1238.938223013709], [754.8836873886967, 1239.9305008904225], [754.7596526541074, 1240.9227787671362], [754.6356179195182, 1241.9150566438498], [754.5115831849289, 1242.9073345205634], [754.3875484503396, 1243.899612397277], [754.2635137157504, 1244.8918902739906], [754.1394789811611, 1245.8841681507042], [754.0154442465719, 1246.8764460274178], [753.8914095119826, 1247.8687239041315], [753.7673747773933, 1248.861001780845], [753.6433400428041, 1249.8532796575587], [753.5193053082148, 1250.8455575342723], [753.3952705736256, 1251.837835410986], [753.2712358390363, 1252.8301132876995], [753.147201104447, 1253.8223911644131], [753.0231663698578, 1254.8146690411268], [752.8991316352685, 1255.8069469178404], [752.7750969006793, 1256.799224794554], [752.65106216609, 1257.7915026712676], [752.5270274315008, 1258.7837805479812], [752.4029926969115, 1259.7760584246948], [752.2789579623222, 1260.7683363014085], [752.154923227733, 1261.760614178122], [752.0308884931437, 1262.7528920548357], [751.9068537585545, 1263.7451699315493], [751.7828190239652, 1264.737447808263], [751.658784289376, 1265.7297256849765], [751.5347495547867, 1266.7220035616901], [751.4107148201974, 1267.7142814384038], [751.2866800856082, 1268.7065593151174], [751.1626453510189, 1269.698837191831], [751.0386106164297, 1270.6911150685446], [750.9145758818404, 1271.6833929452582], [750.7905411472511, 1272.6756708219718], [750.6665064126619, 1273.6679486986854], [750.5424716780726, 1274.660226575399], [750.4184369434834, 1275.6525044521127], [750.2944022088941, 1276.6447823288263]]}}, {"type": "Feature", "properties": {"label": 13, "method": "geodesic_dt"}, "geometry": {"type": "LineString", "coordinates": [[735.0, 1273.0], [736.0, 1272.0], [736.0, 1271.0], [737.0, 1270.0], [737.0, 1269.0], [737.0, 1268.0], [737.0, 1267.0], [738.0, 1266.0], [738.0, 1265.0], [738.0, 1264.0], [739.0, 1263.0], [739.0, 1262.0], [740.0, 1261.0], [740.0, 1260.0], [741.0, 1259.0], [741.0, 1258.0], [742.0, 1257.0], [742.0, 1256.0], [743.0, 1255.0], [744.0, 1254.0], [744.0, 1253.0], [745.0, 1252.0], [745.0, 1251.0], [746.0, 1250.0], [746.0, 1249.0], [747.0, 1248.0], [747.0, 1247.0], [748.0, 1246.0], [749.0, 1245.0], [749.0, 1244.0], [750.0, 1243.0], [751.0, 1242.0], [752.0, 1241.0], [753.0, 1240.0], [754.0, 1239.0], [755.0, 1238.0], [756.0, 1237.0], [757.0, 1236.0], [757.0, 1235.0], [758.0, 1234.0], [759.0, 1233.0], [759.0, 1232.0], [760.0, 1231.0], [760.0, 1230.0], [761.0, 1229.0], [761.0, 1228.0], [761.0, 1227.0], [762.0, 1226.0], [762.0, 1225.0], [763.0, 1224.0], [763.0, 1223.0], [763.0, 1222.0], [764.0, 1221.0], [764.0, 1220.0], [764.0, 1219.0], [765.0, 1218.0], [765.0, 1217.0], [765.0, 1216.0], [766.0, 1215.0], [766.0, 1214.0], [766.0, 1213.0], [766.0, 1212.0], [767.0, 1211.0], [767.0, 1210.0], [767.0, 1209.0], [767.0, 1208.0], [768.0, 1207.0], [768.0, 1206.0], [768.0, 1205.0], [769.0, 1204.0], [769.0, 1203.0], [770.0, 1202.0], [771.0, 1201.0], [772.0, 1200.0], [773.0, 1199.0], [773.0, 1198.0], [774.0, 1197.0], [775.0, 1196.0], [776.0, 1195.0], [777.0, 1194.0], [778.0, 1193.0], [779.0, 1192.0], [779.0, 1191.0], [780.0, 1190.0], [781.0, 1189.0], [782.0, 1188.0], [783.0, 1187.0], [784.0, 1186.0], [784.0, 1185.0], [785.0, 1184.0], [786.0, 1183.0], [786.0, 1182.0], [787.0, 1181.0], [788.0, 1180.0], [788.0, 1179.0], [789.0, 1178.0], [789.0, 1177.0], [790.0, 1176.0], [791.0, 1175.0], [791.0, 1174.0], [792.0, 1173.0], [792.0, 1172.0], [793.0, 1171.0], [794.0, 1170.0], [794.0, 1169.0], [795.0, 1168.0], [795.0, 1167.0], [796.0, 1166.0], [797.0, 1165.0], [797.0, 1164.0], [798.0, 1163.0], [798.0, 1162.0], [798.0, 1161.0], [799.0, 1160.0], [799.0, 1159.0], [800.0, 1158.0], [800.0, 1157.0], [801.0, 1156.0], [801.0, 1155.0], [802.0, 1154.0], [803.0, 1153.0], [803.0, 1152.0], [804.0, 1151.0], [805.0, 1150.0], [805.0, 1149.0], [806.0, 1148.0], [807.0, 1147.0], [807.0, 1146.0], [808.0, 1145.0], [809.0, 1144.0], [809.0, 1143.0], [810.0, 1142.0], [810.0, 1141.0], [811.0, 1140.0], [812.0, 1139.0], [813.0, 1138.0], [813.0, 1137.0], [814.0, 1136.0], [815.0, 1135.0], [816.0, 1134.0], [817.0, 1133.0], [817.0, 1132.0], [818.0, 1131.0], [819.0, 1130.0], [820.0, 1129.0], [820.0, 1128.0], [821.0, 1127.0], [822.0, 1126.0], [822.0, 1125.0], [823.0, 1124.0], [824.0, 1123.0], [825.0, 1122.0], [825.0, 1121.0], [826.0, 1120.0], [827.0, 1119.0], [828.0, 1118.0], [828.0, 1117.0], [829.0, 1116.0], [830.0, 1115.0], [831.0, 1114.0], [831.0, 1113.0], [832.0, 1112.0], [833.0, 1111.0], [833.0, 1110.0], [834.0, 1109.0], [835.0, 1108.0], [835.0, 1107.0], [836.0, 1106.0], [837.0, 1105.0], [837.0, 1104.0], [838.0, 1103.0], [839.0, 1102.0], [839.0, 1101.0], [840.0, 1100.0], [840.0, 1099.0], [841.0, 1098.0], [841.0, 1097.0], [842.0, 1096.0], [842.0, 1095.0], [843.0, 1094.0], [843.0, 1093.0], [843.0, 1092.0], [844.0, 1091.0], [844.0, 1090.0], [844.0, 1089.0], [845.0, 1088.0], [845.0, 1087.0], [845.0, 1086.0], [846.0, 1085.0], [846.0, 1084.0], [847.0, 1083.0], [847.0, 1082.0], [848.0, 1081.0], [848.0, 1080.0], [848.0, 1079.0], [849.0, 1078.0], [849.0, 1077.0], [850.0, 1076.0], [850.0, 1075.0], [851.0, 1074.0], [851.0, 1073.0], [852.0, 1072.0], [852.0, 1071.0], [853.0, 1070.0], [854.0, 1069.0], [854.0, 1068.0], [855.0, 1067.0], [856.0, 1066.0], [856.0, 1065.0], [857.0, 1064.0], [858.0, 1063.0], [859.0, 1062.0], [860.0, 1061.0], [861.0, 1060.0], [862.0, 1059.0], [863.0, 1058.0], [864.0, 1057.0], [865.0, 1056.0], [865.0, 1055.0], [865.0, 1054.0], [865.0, 1053.0], [865.0, 1052.0], [865.0, 1051.0], [865.0, 1050.0], [865.0, 1049.0], [865.0, 1048.0], [865.0, 1047.0], [865.0, 1046.0], [865.0, 1045.0], [865.0, 1044.0], [865.0, 1043.0], [865.0, 1042.0], [865.0, 1041.0], [865.0, 1040.0], [865.0, 1039.0], [865.0, 1038.0], [865.0, 1037.0], [865.0, 1036.0], [865.0, 1035.0], [865.0, 1034.0], [865.0, 1033.0], [865.0, 1032.0], [865.0, 1031.0], [865.0, 1030.0], [865.0, 1029.0], [865.0, 1028.0], [865.0, 1027.0], [865.0, 1026.0], [865.0, 1025.0], [865.0, 1024.0], [865.0, 1023.0], [865.0, 1022.0], [865.0, 1021.0], [865.0, 1020.0], [865.0, 1019.0], [865.0, 1018.0], [865.0, 1017.0], [865.0, 1016.0], [865.0, 1015.0], [865.0, 1014.0], [865.0, 1013.0], [865.0, 1012.0], [865.0, 1011.0], [865.0, 1010.0], [865.0, 1009.0], [865.0, 1008.0], [865.0, 1007.0], [865.0, 1006.0], [865.0, 1005.0], [865.0, 1004.0], [865.0, 1003.0], [865.0, 1002.0], [865.0, 1001.0], [865.0, 1000.0], [866.0, 999.0], [866.0, 998.0], [866.0, 997.0], [866.0, 996.0], [866.0, 995.0], [866.0, 994.0], [867.0, 993.0], [867.0, 992.0], [868.0, 991.0]]}}, {"type": "Feature", "properties": {"label": 13, "method": "smoothed_spline"}, "geometry": {"type": "LineString", "coordinates": [[737.7591710776637, 1274.1428860812798], [738.1895863708237, 1272.6272483060457], [738.6320145302957, 1271.1165864229608], [739.0863061173427, 1269.610838532474], [739.5523116932264, 1268.109942735033], [740.0298818192097, 1266.6138371310851], [740.5188670565549, 1265.1224598210802], [741.0191179665242, 1263.6357489054649], [741.5304851103804, 1262.1536424846886], [742.0528190493856, 1260.6760786591988], [742.5859703448025, 1259.2029955294431], [743.1297895578931, 1257.7343311958705], [743.6841272499202, 1256.270023758929], [744.2488339821467, 1254.8100113190671], [744.823760315834, 1253.3542319767319], [745.408756812245, 1251.9026238323722], [746.0036740326418, 1250.455124986436], [746.6083625382876, 1249.011673539372], [747.2226728904445, 1247.572207591628], [747.8464556503743, 1246.1366652436516], [748.4795613793401, 1244.7049845958916], [749.121840638604, 1243.2771037487955], [749.7731439894287, 1241.8529608028127], [750.4333219930768, 1240.4324938583902], [751.1022252108099, 1239.0156410159766], [751.7797042038911, 1237.60234037602], [752.4656095335826, 1236.1925300389685], [753.1597917611468, 1234.7861481052703], [753.8621014478465, 1233.3831326753734], [754.5723891549435, 1231.9834218497263], [755.2905054437007, 1230.5869537287767], [756.0163008753804, 1229.1936664129728], [756.7496260112447, 1227.8034980027635], [757.4903314125568, 1226.4163865985965], [758.2382676405783, 1225.032270300919], [758.9932852565721, 1223.6510872101805], [759.7552348218003, 1222.2727754268287], [760.5239668975256, 1220.8972730513115], [761.2993320450104, 1219.5245181840776], [762.0811808255169, 1218.1544489255743], [762.8693638003078, 1216.7870033762508], [763.6637315306455, 1215.4221196365545], [764.4641345777922, 1214.0597358069335], [765.2704235030106, 1212.6997899878365], [766.0824488675627, 1211.342220279711], [766.9000612327116, 1209.9869647830062], [767.723111159719, 1208.6339615981692], [768.5514492098476, 1207.2831488256481], [769.3849259443602, 1205.9344645658923], [770.2233919245185, 1204.5878469193483], [771.0666977115857, 1203.2432339864658], [771.9146938668235, 1201.9005638676915], [772.7672309514949, 1200.559774663475], [773.6241595268622, 1199.2208044742638], [774.4853301541873, 1197.8835914005049], [775.3505933947334, 1196.5480735426486], [776.2197998097623, 1195.2141890011414], [777.0927999605368, 1193.8818758764323], [777.9694444083194, 1192.5510722689694], [778.849583714372, 1191.2217162792], [779.7330684399576, 1189.8937460075736], [780.6197491463382, 1188.5670995545374], [781.5094763947765, 1187.24171502054], [782.4021007465351, 1185.917530506029], [783.2974727628756, 1184.5944841114526], [784.1954430050615, 1183.2725139372599], [785.0958620343542, 1181.9515580838981], [785.9985804120168, 1180.6315546518158], [786.9034486993121, 1179.312441741461], [787.8103174575012, 1177.9941574532816], [788.7190372478477, 1176.6766398877264], [789.6294586316135, 1175.359827145243], [790.5414321700612, 1174.0436573262798], [791.4548084244531, 1172.7280685312849], [792.3694379560516, 1171.412998860706], [793.2851713261194, 1170.0983864149925], [794.2018590959186, 1168.784169294591], [795.119351826712, 1167.4702855999506], [796.0375000797616, 1166.156673431519], [796.9561544163298, 1164.8432708897449], [797.8751653976798, 1163.5300160750764], [798.794383585073, 1162.2168470879608], [799.7136595397724, 1160.9037020288472], [800.6328438230404, 1159.5905189981834], [801.551786996139, 1158.277236096417], [802.4703396203314, 1156.9637914239975], [803.3883522568792, 1155.6501230813717], [804.3056754670455, 1154.3361691689886], [805.2221598120923, 1153.0218677872958], [806.137655853282, 1151.7071570367418], [807.0520141518775, 1150.391975017775], [807.9650852691406, 1149.0762598308427], [808.8767197663341, 1147.7599495763939], [809.7867682047204, 1146.4429823548762], [810.6950811455617, 1145.125296266738], [811.6015091501209, 1143.8068294124278], [812.5059027796598, 1142.4875198923928], [813.4081125954414, 1141.167305807082], [814.3079891587277, 1139.8461252569432], [815.2053830307811, 1138.5239163424244], [816.1001447728646, 1137.2006171639746], [816.9921249462402, 1135.8761658220408], [817.8811741121701, 1134.550500417072], [818.7671428319171, 1133.2235590495159], [819.6498816667436, 1131.8952798198206], [820.5292411779118, 1130.5656008284348], [821.4050719266843, 1129.234460175806], [822.2772244743235, 1127.9017959623827], [823.1455493820916, 1126.5675462886131], [824.0098972112514, 1125.231649254945], [824.8701185230653, 1123.8940429618272], [825.7260638787953, 1122.554665509707], [826.5775838397042, 1121.2134549990333], [827.4245289670545, 1119.8703495302539], [828.2667498221081, 1118.5252872038168], [829.104096966128, 1117.1782061201707], [829.9364209603765, 1115.8290443797632], [830.7635723661156, 1114.4777400830428], [831.5854017446081, 1113.1242313304574], [832.4017596571164, 1111.7684562224551], [833.212496664903, 1110.4103528594846], [834.0174633292302, 1109.0498593419934], [834.8165102113603, 1107.6869137704302], [835.6094878725559, 1106.3214542452424], [836.3962468740795, 1104.953418866879], [837.1766377771933, 1103.5827457357875], [837.9505111431598, 1102.2093729524167], [838.7177175332415, 1100.8332386172142], [839.4781075087008, 1099.4542808306282], [840.2315316308001, 1098.0724376931073], [840.9778404608018, 1096.687647305099], [841.7168845599683, 1095.299847767052], [842.4485144895621, 1093.908977179414], [843.1725808108456, 1092.5149736426338], [843.8889340850812, 1091.1177752571587], [844.5974248735313, 1089.7173201234375], [845.2979037374586, 1088.3135463419183], [845.9902212381251, 1086.906392013049], [846.6742279367934, 1085.4957952372777], [847.3497743947262, 1084.081694115053], [848.0167111731853, 1082.6640267468224], [848.6748888334337, 1081.2427312330346], [849.3241579367334, 1079.8177456741375], [849.9643690443471, 1078.3890081705795], [850.5953727175373, 1076.9564568228084], [851.2170195175662, 1075.5200297312726], [851.8291600056962, 1074.07966499642], [852.4316447431902, 1072.6353007186992], [853.0243242913099, 1071.1868749985579], [853.6070492113181, 1069.7343259364443], [854.1796700644772, 1068.277591632807], [854.7420374120497, 1066.8166101880934], [855.2940018152981, 1065.3513197027523], [855.8354138354846, 1063.8816582772317], [856.3661240338715, 1062.4075640119797], [856.8859829717215, 1060.9289750074445], [857.394841210297, 1059.4458293640741], [857.8925493108603, 1057.9580651823167], [858.3789578346741, 1056.4656205626204], [858.8539173430004, 1054.9684336054336], [859.317278397102, 1053.4664424112043], [859.768891558241, 1051.9595850803805], [860.2086073876799, 1050.4477997134104], [860.6362764466813, 1048.9310244107426], [861.0517492965078, 1047.4091972728247], [861.4548764984213, 1045.8822564001052], [861.8455086136844, 1044.350139893032], [862.2234962035598, 1042.8127858520536], [862.5886898293096, 1041.2701323776175], [862.9409400521964, 1039.7221175701725], [863.2800974334825, 1038.1686795301664], [863.6060125344305, 1036.6097563580477], [863.918535916303, 1035.0452861542642], [864.2175181403617, 1033.4752070192642], [864.5028097678696, 1031.8994570534956], [864.774261360089, 1030.317974357407], [865.0317234782824, 1028.7306970314462], [865.2750466837119, 1027.1375631760616], [865.5040815376404, 1025.5385108917012], [865.7186786013301, 1023.9334782788133], [865.9186884360435, 1022.3224034378458], [866.1039616030426, 1020.705224469247], [866.2743486635904, 1019.081879473465], [866.429700178949, 1017.4523065509482], [866.5698667103811, 1015.8164438021444], [866.6946988191488, 1014.1742293275018], [866.8040470665146, 1012.5256012274688], [866.8977620137409, 1010.8704976024933], [866.9756942220904, 1009.2088565530236], [867.0376942528253, 1007.5406161795079], [867.0836126672081, 1005.8657145823942], [867.113300026501, 1004.1840898621305], [867.1266068919667, 1002.4956801191654], [867.1233838248676, 1000.8004234539468], [867.1034813864658, 999.0982579669227], [867.0667501380243, 997.3891217585417], [867.013040640805, 995.6729529292513], [866.9422034560705, 993.9496895795003], [866.8540891450833, 992.2192698097366], [866.7485482691058, 990.4816317204081]]}}, {"type": "Feature", "properties": {"label": 14, "method": "skeleton_longest_path"}, "geometry": {"type": "LineString", "coordinates": [[214.44786249782007, 1149.6380343755434], [215.4180049979654, 1149.3954987505072], [216.38814749811073, 1149.152963125471], [217.35828999825605, 1148.9104275004347], [218.32843249840138, 1148.6678918753985], [219.2985749985467, 1148.4253562503623], [220.26871749869204, 1148.182820625326], [221.23885999883737, 1147.9402850002898], [222.2090024989827, 1147.6977493752536], [223.17914499912803, 1147.4552137502174], [224.14928749927336, 1147.2126781251811], [225.11942999941868, 1146.970142500145], [226.089572499564, 1146.7276068751087], [227.05971499970934, 1146.4850712500725], [228.02985749985467, 1146.2425356250362], [229.0, 1146.0], [230.0, 1146.0], [231.0, 1146.0], [232.0, 1145.0], [233.0, 1145.0], [234.0, 1144.0], [235.0, 1144.0], [236.0, 1144.0], [237.0, 1144.0], [238.0, 1144.0], [239.0, 1144.0], [240.0, 1144.0], [241.0, 1144.0], [242.0, 1144.0], [243.0, 1144.0], [244.0, 1144.0], [245.0, 1144.0], [246.0, 1144.0], [247.0, 1144.0], [248.0, 1145.0], [249.0, 1145.0], [250.0, 1145.0], [251.0, 1145.0], [252.0, 1145.0], [253.0, 1145.0], [254.0, 1145.0], [255.0, 1146.0], [256.0, 1147.0], [257.0, 1148.0], [257.0, 1149.0], [258.0, 1150.0], [259.0, 1151.0], [259.0, 1152.0], [260.0, 1153.0], [261.0, 1153.0], [262.0, 1154.0], [263.0, 1155.0], [264.0, 1155.0], [265.0, 1156.0], [266.0, 1157.0], [267.0, 1157.0], [268.0, 1158.0], [269.0, 1158.0], [270.0, 1158.0], [271.0, 1158.0], [272.0, 1158.0], [273.0, 1158.0], [274.0, 1158.0], [275.0, 1159.0], [276.0, 1159.0], [277.0, 1159.0], [278.0, 1159.0], [279.0, 1159.0], [280.0, 1159.0], [281.0, 1159.0], [282.0, 1159.0], [283.0, 1159.0], [284.0, 1159.0], [285.0, 1160.0], [286.0, 1160.0], [287.0, 1160.0], [288.0, 1159.0], [289.0, 1159.0], [290.0, 1159.0], [291.0, 1160.0], [292.0, 1160.0], [293.0, 1159.0], [294.0, 1159.0], [295.0, 1160.0], [296.0, 1160.0], [297.0, 1160.0], [298.0, 1160.0], [299.0, 1160.0], [300.0, 1160.0], [301.0, 1160.0], [302.0, 1160.0], [303.0, 1160.0], [304.0, 1160.0], [305.0, 1160.0], [306.0, 1160.0], [307.0, 1160.0], [308.0, 1160.0], [309.0, 1160.0], [310.0, 1160.0], [311.0, 1160.0], [312.0, 1160.0], [313.0, 1160.0], [314.0, 1160.0], [315.0, 1160.0], [316.0, 1160.0], [317.0, 1160.0], [318.0, 1160.0], [319.0, 1160.0], [320.0, 1160.0], [321.0, 1160.0], [322.0, 1160.0], [323.0, 1160.0], [324.0, 1161.0], [325.0, 1161.0], [326.0, 1161.0], [327.0, 1161.0], [328.0, 1162.0], [329.0, 1162.0], [330.0, 1162.0], [331.0, 1162.0], [332.0, 1163.0], [333.0, 1163.0], [334.0, 1163.0], [335.0, 1163.0], [336.0, 1164.0], [337.0, 1164.0], [338.0, 1164.0], [339.0, 1164.0], [340.0, 1164.0], [341.0, 1165.0], [342.0, 1165.0], [343.0, 1166.0], [344.0, 1166.0], [345.0, 1166.0], [346.0, 1167.0], [347.0, 1167.0], [348.0, 1167.0], [349.0, 1168.0], [350.0, 1168.0], [351.0, 1169.0], [352.0, 1170.0], [353.0, 1170.0], [354.0, 1171.0], [355.0, 1172.0], [356.0, 1172.0], [357.0, 1173.0], [358.0, 1173.0], [359.0, 1174.0], [360.0, 1174.0], [361.0, 1175.0], [362.0, 1175.0], [363.0, 1176.0], [364.0, 1177.0], [365.0, 1177.0], [366.0, 1177.0], [367.0, 1178.0], [368.0, 1179.0], [369.0, 1180.0], [370.0, 1181.0], [371.0, 1181.0], [372.0, 1182.0], [373.0, 1183.0], [373.0, 1184.0], [374.0, 1185.0], [375.0, 1186.0], [376.0, 1187.0], [377.0, 1188.0], [378.0, 1189.0], [379.0, 1190.0], [380.0, 1191.0], [381.0, 1192.0], [382.0, 1193.0], [383.0, 1194.0], [384.0, 1195.0], [385.0, 1196.0], [386.0, 1197.0], [387.0, 1198.0], [388.0, 1199.0], [389.0, 1200.0], [390.0, 1201.0], [391.0, 1201.0], [392.0, 1202.0], [393.0, 1202.0], [394.0, 1203.0], [395.0, 1204.0], [396.0, 1205.0], [396.0, 1206.0], [397.0, 1207.0], [397.0, 1208.0], [398.0, 1209.0], [398.0, 1210.0], [399.0, 1211.0], [399.0, 1212.0], [400.0, 1213.0], [401.0, 1214.0], [402.0, 1215.0], [403.0, 1216.0], [403.0, 1217.0], [404.0, 1218.0], [405.0, 1219.0], [406.0, 1220.0], [406.0, 1221.0], [407.0, 1222.0], [408.0, 1223.0], [409.0, 1224.0], [410.0, 1225.0], [411.0, 1226.0], [412.0, 1227.0], [413.0, 1228.0], [414.0, 1229.0], [414.0, 1230.0], [415.0, 1231.0], [416.0, 1232.0], [417.0, 1233.0], [418.0, 1234.0], [418.0, 1235.0], [419.0, 1236.0], [420.0, 1237.0], [421.0, 1238.0], [421.0, 1239.0], [422.0, 1240.0], [423.0, 1241.0], [424.0, 1242.0], [425.0, 1243.0], [426.0, 1244.0], [427.0, 1245.0], [428.0, 1246.0], [429.0, 1247.0], [430.0, 1248.0], [431.0, 1249.0], [432.0, 1250.0], [433.0, 1251.0], [433.0, 1252.0], [434.0, 1253.0], [435.0, 1254.0], [436.0, 1255.0], [436.0, 1256.0], [437.0, 1257.0], [437.0, 1258.0], [438.0, 1259.0], [438.0, 1260.0], [439.0, 1261.0], [439.0, 1262.0], [440.0, 1263.0], [441.0, 1264.0], [441.0, 1265.0], [442.0, 1266.0], [442.0, 1267.0], [443.0, 1268.0], [443.0, 1269.0], [444.0, 1270.0], [444.0, 1271.0], [445.0, 1272.0], [445.0, 1273.0], [446.0, 1274.0], [446.0, 1275.0], [447.0, 1276.0], [447.0, 1277.0], [448.0, 1278.0], [449.0, 1279.0], [450.0, 1280.0], [450.0, 1281.0], [451.0, 1282.0], [452.0, 1283.0], [453.0, 1284.0], [453.0, 1285.0], [454.0, 1286.0], [455.0, 1287.0], [456.0, 1288.0], [457.0, 1289.0], [457.0, 1290.0], [458.0, 1291.0], [459.0, 1292.0], [460.0, 1293.0], [461.0, 1294.0], [462.0, 1295.0], [463.0, 1296.0], [464.0, 1297.0], [465.0, 1298.0], [466.0, 1298.0], [467.0, 1299.0], [468.0, 1300.0], [469.0, 1301.0], [470.0, 1302.0], [471.0, 1303.0], [472.0, 1303.0], [473.0, 1303.0], [474.0, 1302.0], [475.0, 1302.0], [476.0, 1302.0], [477.0, 1302.0], [478.0, 1301.0], [479.0, 1301.0], [480.0, 1300.0], [481.0, 1300.0], [482.0, 1300.0], [483.0, 1299.0], [484.0, 1299.0], [485.0, 1298.0], [485.8944271909999, 1297.5527864045], [486.78885438199984, 1297.105572809], [487.68328157299976, 1296.6583592135], [488.5777087639997, 1296.211145618], [489.4721359549996, 1295.7639320225], [490.3665631459995, 1295.316718427], [491.26099033699944, 1294.8695048315], [492.15541752799936, 1294.422291236], [493.0498447189993, 1293.9750776405], [493.9442719099992, 1293.5278640450001], [494.8386991009991, 1293.0806504495001], [495.73312629199904, 1292.6334368540001], [496.62755348299896, 1292.1862232585001], [497.5219806739989, 1291.7390096630002], [498.4164078649988, 1291.2917960675002], [499.3108350559987, 1290.8445824720002], [500.20526224699864, 1290.3973688765002], [501.09968943799856, 1289.9501552810002], [501.9941166289985, 1289.5029416855002], [502.8885438199984, 1289.0557280900002], [503.7829710109983, 1288.6085144945002], [504.67739820199824, 1288.1613008990003], [505.57182539299816, 1287.7140873035003], [506.4662525839981, 1287.2668737080003], [507.360679774998, 1286.8196601125003], [508.2551069659979, 1286.3724465170003], [509.14953415699785, 1285.9252329215003], [510.04396134799777, 1285.4780193260003], [510.9383885389977, 1285.0308057305003], [511.8328157299976, 1284.5835921350003], [512.7272429209975, 1284.1363785395004], [513.6216701119973, 1283.6891649440004], [514.5160973029972, 1283.2419513485004], [515.4105244939971, 1282.7947377530004], [516.3049516849969, 1282.3475241575004], [517.1993788759968, 1281.9003105620004], [518.0938060669966, 1281.4530969665004], [518.9882332579965, 1281.0058833710004], [519.8826604489964, 1280.5586697755004], [520.7770876399962, 1280.1114561800005], [521.6715148309961, 1279.6642425845005], [522.565942021996, 1279.2170289890005], [523.4603692129958, 1278.7698153935005], [524.3547964039957, 1278.3226017980005], [525.2492235949956, 1277.8753882025005], [526.1436507859954, 1277.4281746070005], [527.0380779769953, 1276.9809610115005], [527.9325051679951, 1276.5337474160006]]}}, {"type": "Feature", "properties": {"label": 14, "method": "geodesic_dt"}, "geometry": {"type": "LineString", "coordinates": [[526.0, 1330.0], [525.0, 1329.0], [524.0, 1329.0], [523.0, 1328.0], [522.0, 1328.0], [521.0, 1328.0], [520.0, 1328.0], [519.0, 1327.0], [518.0, 1327.0], [517.0, 1327.0], [516.0, 1326.0], [515.0, 1326.0], [514.0, 1326.0], [513.0, 1325.0], [512.0, 1325.0], [511.0, 1325.0], [510.0, 1324.0], [509.0, 1324.0], [508.0, 1323.0], [507.0, 1323.0], [506.0, 1323.0], [505.0, 1322.0], [504.0, 1322.0], [503.0, 1321.0], [502.0, 1321.0], [501.0, 1321.0], [500.0, 1320.0], [499.0, 1320.0], [498.0, 1319.0], [497.0, 1319.0], [496.0, 1319.0], [495.0, 1318.0], [494.0, 1318.0], [493.0, 1317.0], [492.0, 1317.0], [491.0, 1317.0], [490.0, 1316.0], [489.0, 1315.0], [488.0, 1314.0], [487.0, 1313.0], [486.0, 1312.0], [485.0, 1311.0], [484.0, 1310.0], [483.0, 1309.0], [482.0, 1308.0], [481.0, 1307.0], [480.0, 1306.0], [479.0, 1305.0], [478.0, 1304.0], [477.0, 1303.0], [476.0, 1302.0], [475.0, 1302.0], [474.0, 1301.0], [473.0, 1300.0], [472.0, 1300.0], [471.0, 1299.0], [470.0, 1299.0], [469.0, 1299.0], [468.0, 1299.0], [467.0, 1298.0], [466.0, 1298.0], [465.0, 1297.0], [464.0, 1296.0], [463.0, 1295.0], [462.0, 1294.0], [461.0, 1293.0], [460.0, 1292.0], [459.0, 1291.0], [458.0, 1290.0], [457.0, 1289.0], [456.0, 1288.0], [455.0, 1287.0], [455.0, 1286.0], [454.0, 1285.0], [453.0, 1284.0], [453.0, 1283.0], [452.0, 1282.0], [452.0, 1281.0], [451.0, 1280.0], [451.0, 1279.0], [450.0, 1278.0], [450.0, 1277.0], [449.0, 1276.0], [449.0, 1275.0], [448.0, 1274.0], [448.0, 1273.0], [447.0, 1272.0], [446.0, 1271.0], [446.0, 1270.0], [445.0, 1269.0], [444.0, 1268.0], [444.0, 1267.0], [443.0, 1266.0], [442.0, 1265.0], [442.0, 1264.0], [441.0, 1263.0], [440.0, 1262.0], [439.0, 1261.0], [439.0, 1260.0], [438.0, 1259.0], [437.0, 1258.0], [437.0, 1257.0], [436.0, 1256.0], [435.0, 1255.0], [435.0, 1254.0], [434.0, 1253.0], [433.0, 1252.0], [432.0, 1251.0], [431.0, 1250.0], [431.0, 1249.0], [430.0, 1248.0], [430.0, 1247.0], [429.0, 1246.0], [428.0, 1245.0], [428.0, 1244.0], [427.0, 1243.0], [427.0, 1242.0], [426.0, 1241.0], [425.0, 1240.0], [425.0, 1239.0], [424.0, 1238.0], [423.0, 1237.0], [423.0, 1236.0], [422.0, 1235.0], [421.0, 1234.0], [420.0, 1233.0], [419.0, 1232.0], [418.0, 1231.0], [418.0, 1230.0], [417.0, 1229.0], [416.0, 1228.0], [415.0, 1227.0], [414.0, 1226.0], [414.0, 1225.0], [413.0, 1224.0], [412.0, 1223.0], [411.0, 1222.0], [410.0, 1221.0], [409.0, 1220.0], [408.0, 1219.0], [407.0, 1218.0], [406.0, 1217.0], [405.0, 1216.0], [404.0, 1215.0], [403.0, 1214.0], [402.0, 1213.0], [401.0, 1212.0], [400.0, 1211.0], [399.0, 1210.0], [398.0, 1209.0], [397.0, 1208.0], [396.0, 1207.0], [395.0, 1206.0], [394.0, 1205.0], [393.0, 1204.0], [392.0, 1203.0], [391.0, 1202.0], [390.0, 1201.0], [389.0, 1200.0], [388.0, 1199.0], [387.0, 1198.0], [386.0, 1197.0], [385.0, 1196.0], [384.0, 1195.0], [383.0, 1194.0], [382.0, 1193.0], [381.0, 1192.0], [380.0, 1191.0], [379.0, 1190.0], [378.0, 1189.0], [377.0, 1188.0], [376.0, 1187.0], [375.0, 1186.0], [374.0, 1185.0], [373.0, 1185.0], [372.0, 1184.0], [371.0, 1183.0], [370.0, 1182.0], [369.0, 1181.0], [368.0, 1181.0], [367.0, 1180.0], [366.0, 1179.0], [365.0, 1179.0], [364.0, 1178.0], [363.0, 1177.0], [362.0, 1177.0], [361.0, 1176.0], [360.0, 1175.0], [359.0, 1175.0], [358.0, 1174.0], [357.0, 1174.0], [356.0, 1173.0], [355.0, 1172.0], [354.0, 1172.0], [353.0, 1171.0], [352.0, 1170.0], [351.0, 1170.0], [350.0, 1169.0], [349.0, 1168.0], [348.0, 1168.0], [347.0, 1167.0], [346.0, 1166.0], [345.0, 1166.0], [344.0, 1165.0], [343.0, 1165.0], [342.0, 1164.0], [341.0, 1164.0], [340.0, 1163.0], [339.0, 1163.0], [338.0, 1162.0], [337.0, 1162.0], [336.0, 1161.0], [335.0, 1161.0], [334.0, 1161.0], [333.0, 1160.0], [332.0, 1160.0], [331.0, 1160.0], [330.0, 1160.0], [329.0, 1160.0], [328.0, 1160.0], [327.0, 1160.0], [326.0, 1160.0], [325.0, 1160.0], [324.0, 1160.0], [323.0, 1160.0], [322.0, 1160.0], [321.0, 1160.0], [320.0, 1160.0], [319.0, 1160.0], [318.0, 1160.0], [317.0, 1160.0], [316.0, 1160.0], [315.0, 1160.0], [314.0, 1160.0], [313.0, 1160.0], [312.0, 1160.0], [311.0, 1160.0], [310.0, 1160.0], [309.0, 1160.0], [308.0, 1160.0], [307.0, 1160.0], [306.0, 1160.0], [305.0, 1160.0], [304.0, 1160.0], [303.0, 1160.0], [302.0, 1160.0], [301.0, 1160.0], [300.0, 1160.0], [299.0, 1160.0], [298.0, 1160.0], [297.0, 1160.0], [296.0, 1160.0], [295.0, 1159.0], [294.0, 1159.0], [293.0, 1159.0], [292.0, 1159.0], [291.0, 1158.0], [290.0, 1158.0], [289.0, 1158.0], [288.0, 1158.0], [287.0, 1158.0], [286.0, 1158.0], [285.0, 1157.0], [284.0, 1157.0], [283.0, 1157.0], [282.0, 1157.0], [281.0, 1157.0], [280.0, 1156.0], [279.0, 1156.0], [278.0, 1156.0], [277.0, 1156.0], [276.0, 1155.0], [275.0, 1155.0], [274.0, 1155.0], [273.0, 1154.0], [272.0, 1154.0], [271.0, 1154.0], [270.0, 1154.0], [269.0, 1154.0], [268.0, 1153.0], [267.0, 1153.0], [266.0, 1153.0], [265.0, 1152.0], [264.0, 1152.0], [263.0, 1152.0], [262.0, 1151.0], [261.0, 1151.0], [260.0, 1151.0], [259.0, 1151.0], [258.0, 1150.0], [257.0, 1150.0], [256.0, 1149.0], [255.0, 1149.0], [254.0, 1148.0], [253.0, 1148.0], [252.0, 1147.0], [251.0, 1147.0], [250.0, 1146.0], [249.0, 1145.0], [248.0, 1145.0], [247.0, 1145.0], [246.0, 1145.0], [245.0, 1145.0], [244.0, 1145.0], [243.0, 1145.0], [242.0, 1145.0], [241.0, 1145.0], [240.0, 1145.0], [239.0, 1145.0], [238.0, 1145.0], [237.0, 1145.0], [236.0, 1145.0], [235.0, 1145.0], [234.0, 1145.0], [233.0, 1145.0], [232.0, 1145.0], [231.0, 1145.0], [230.0, 1145.0], [229.0, 1145.0], [228.0, 1145.0], [227.0, 1145.0], [226.0, 1145.0], [225.0, 1145.0], [224.0, 1145.0], [223.0, 1145.0], [222.0, 1145.0], [221.0, 1145.0], [220.0, 1145.0], [219.0, 1145.0], [218.0, 1145.0], [217.0, 1145.0], [216.0, 1145.0], [215.0, 1145.0], [214.0, 1145.0]]}}, {"type": "Feature", "properties": {"label": 14, "method": "smoothed_spline"}, "geometry": {"type": "LineString", "coordinates": [[524.4061350820818, 1331.2196639006302], [522.6161518826866, 1330.6865529057743], [520.8444548053866, 1330.1228007381912], [519.0907578318178, 1329.5288712453578], [517.3547749436152, 1328.9052282747468], [515.6362201224151, 1328.252335673835], [513.9348073498529, 1327.570657290097], [512.2502506075645, 1326.860656971009], [510.5822638771857, 1326.122798564046], [508.93056114035204, 1325.3575459166832], [507.2948563786991, 1324.565362876396], [505.6748635738627, 1323.74671329066], [504.0702967074787, 1322.9020610069501], [502.4808697611827, 1322.031869872742], [500.9062967166104, 1321.1366037355112], [499.3462915553975, 1320.2167264427324], [497.8005682591796, 1319.2727018418811], [496.2688408095928, 1318.3049937804335], [494.7508231882723, 1317.3140661058637], [493.2462293768543, 1316.3003826656484], [491.754773356974, 1315.2644073072613], [490.2761691102675, 1314.2066038781788], [488.81013061837035, 1313.1274362258766], [487.3563718629185, 1312.0273681978294], [485.91460682554725, 1310.9068636415127], [484.4845494878925, 1309.7663864044018], [483.06591383158985, 1308.6064003339718], [481.65841383827524, 1307.427369277698], [480.26176348958427, 1306.2297570830567], [478.87567676715287, 1305.0140275975227], [477.4998676526164, 1303.780644668571], [476.1340501276105, 1302.5300721436772], [474.7779381737712, 1301.2627738703163], [473.4312457727342, 1299.9792136959647], [472.0936869061351, 1298.6798554680968], [470.76497555560934, 1297.365163034188], [469.4448257027931, 1296.0356002417136], [468.13295132932177, 1294.6916309381497], [466.82906641683127, 1293.3337189709707], [465.53288494695715, 1291.9623281876525], [464.2441209013354, 1290.5779224356706], [462.9624882616012, 1289.1809655624993], [461.68770100939065, 1287.771921415615], [460.41947312633954, 1286.351253842493], [459.15751859408334, 1284.9194266906084], [457.9015513942578, 1283.4769038074364], [456.6512855084988, 1282.0241490404526], [455.40643491844173, 1280.5616262371318], [454.1667136057227, 1279.0897992449504], [452.93183555197703, 1277.6091319113827], [451.7015147388406, 1276.1200880839044], [450.47546514794925, 1274.623131609991], [449.2534007609386, 1273.118726337118], [448.0350355594442, 1271.6073361127603], [446.82008352510184, 1270.089424784393], [445.6082586395474, 1268.5654561994925], [444.3992748844165, 1267.0358942055336], [443.1928462413446, 1265.5012026499908], [441.98868669196787, 1263.9618453803407], [440.7865102179216, 1262.4182862440582], [439.5860308008419, 1260.8709890886187], [438.386962422364, 1259.3204177614973], [437.18901906412395, 1257.7670361101693], [435.9919147077575, 1256.2113079821106], [434.7953633349, 1254.653697224796], [433.5990789271876, 1253.094667685701], [432.4027754662556, 1251.5346832123012], [431.20616693374006, 1249.9742076520713], [430.00896731127654, 1248.4137048524876], [428.81089058050065, 1246.8536386610244], [427.61165072304834, 1245.2944729251583], [426.41096172055506, 1243.736671492363], [425.2085375546566, 1242.1806982101155], [424.0040922069889, 1240.6270169258898], [422.79733965918723, 1239.076091487162], [421.58799389288777, 1237.5283857414076], [420.37576888972586, 1235.9843635361012], [419.16037863133755, 1234.444488718719], [417.9415370993582, 1232.9092251367358], [416.7189582754236, 1231.379036637627], [415.4923561411697, 1229.854387068868], [414.2614446782319, 1228.3357402779343], [413.02593786824616, 1226.8235601123008], [411.785549692848, 1225.3183104194434], [410.5399941336732, 1223.8204550468367], [409.2889851723576, 1222.3304578419572], [408.0322367905367, 1220.8487826522792], [406.76946296984636, 1219.3758933252789], [405.50037769192215, 1217.9122537084306], [404.2246949384, 1216.4583276492103], [402.9421286909154, 1215.0145789950936], [401.6523929311041, 1213.5814715935553], [400.3552016406019, 1212.159469292071], [399.0502688010444, 1210.7490359381159], [397.7373083940673, 1209.3506353791654], [396.4160344013066, 1207.9647314626952], [395.0861608043976, 1206.59178803618], [393.7474015849763, 1205.2322689470957], [392.3994707246783, 1203.8866380429172], [391.0420822051392, 1202.5553591711205], [389.674950007995, 1201.23889617918], [388.29778811488114, 1199.9377129145719], [386.9103105074334, 1198.652273224771], [385.5122311672875, 1197.383040957253], [384.10326407607926, 1196.1304799594932], [382.6831232154442, 1194.8950540789665], [381.2515225670181, 1193.677227163149], [379.80817611243674, 1192.4774630595152], [378.35284135806995, 1191.296166545021], [376.88555003215123, 1190.1333702305765], [375.4064403821725, 1188.988962162212], [373.9156508920767, 1187.862830065052], [372.4133200458068, 1186.7548616642225], [370.89958632730605, 1185.664944684848], [369.3745882205172, 1184.5929668520537], [367.83846420938335, 1183.538815890965], [366.29135277784764, 1182.5023795267068], [364.7333924098529, 1181.4835454844049], [363.16472158934226, 1180.4822014891834], [361.58547880025856, 1179.4982352661684], [359.99580252654494, 1178.5315345404842], [358.3958312521445, 1177.5819870372568], [356.78570346100014, 1176.649480481611], [355.1655576370548, 1175.7339025986716], [353.5355322642517, 1174.8351411135643], [351.8957658265336, 1173.9530837514137], [350.2463968078437, 1173.0876182373454], [348.5875636921249, 1172.2386322964846], [346.9194049633203, 1171.4060136539563], [345.24205910537285, 1170.5896500348856], [343.5556646022255, 1169.7894291643972], [341.86035993782144, 1169.0052387676176], [340.15628359610355, 1168.2369665696704], [338.4435740610148, 1167.4845002956813], [336.7223698164982, 1166.747727670776], [334.9928093464969, 1166.0265364200789], [333.255031134954, 1165.3208142687154], [331.50917366581217, 1164.630448941811], [329.75537542301464, 1163.9553281644908], [327.9937748905043, 1163.2953396618793], [326.22451055222433, 1162.6503711591022], [324.44772089211773, 1162.0203103812846], [322.6635443941273, 1161.4050450535515], [320.8721195421962, 1160.804462901028], [319.0735848202674, 1160.2184516488396], [317.2680787122839, 1159.6468990221113], [315.45573970218885, 1159.0896927459678], [313.63670627392514, 1158.5467205455352], [311.8111169114357, 1158.0178701459379], [309.97911009866374, 1157.5030292723009], [308.140824319552, 1157.00208564975], [306.2963980580438, 1156.5149270034099], [304.445969798082, 1156.041441058406], [302.5896780236096, 1155.5815155398636], [300.72766121856955, 1155.135038172907], [298.860057866905, 1154.701896682662], [296.98700645255883, 1154.2819787942542], [295.10864545947425, 1153.875172232808], [293.22511337159403, 1153.481364723449], [291.3365486728613, 1153.1004439913017], [289.44308984721897, 1152.7322977614917], [287.5448753786103, 1152.3768137591446], [285.6420437509781, 1152.033879709385], [283.73473344826533, 1151.703383337338], [281.82308295441516, 1151.385212368129], [279.90723075337047, 1151.0792545268832], [277.98731532907436, 1150.7853975387252], [276.06347516546987, 1150.5035291287809], [274.13584874649985, 1150.233537022175], [272.20457455610745, 1149.9753089440328], [270.2697910782357, 1149.7287326194796], [268.33163679682747, 1149.49369577364], [266.3902501958259, 1149.2700861316398], [264.4457697591739, 1149.0577914186038], [262.4983339708146, 1148.856699359657], [260.548081314691, 1148.6666976799252], [258.5951502747459, 1148.4876741045327], [256.6396793349225, 1148.3195163586051], [254.68180697916387, 1148.1621121672679], [252.72167169141284, 1148.0153492556456], [250.7594119556125, 1147.8791153488637], [248.79516625570585, 1147.753298172047], [246.82907307563596, 1147.6377854503212], [244.86127089934575, 1147.5324649088113], [242.89189821077838, 1147.4372242726424], [240.92109349387667, 1147.3519512669393], [238.94899523258374, 1147.2765336168275], [236.9757419108426, 1147.210859047432], [235.00147201259622, 1147.1548152838782], [233.0263240217876, 1147.108290051291], [231.05043642235978, 1147.0711710747955], [229.0739476982558, 1147.0433460795175], [227.0969963334187, 1147.0247027905814], [225.11972081179135, 1147.0151289331125], [223.14225961731682, 1147.0145122322358], [221.16475123393818, 1147.022740413077], [219.18733414559836, 1147.0397012007606], [217.2101468362405, 1147.065282320413], [215.23332778980745, 1147.0993714971573], [213.25701549024234, 1147.1418564561204]]}}, {"type": "Feature", "properties": {"label": 15, "method": "skeleton_longest_path"}, "geometry": {"type": "LineString", "coordinates": [[1132.9104275004347, 1209.3582899982557], [1132.6678918753985, 1210.328432498401], [1132.4253562503623, 1211.2985749985464], [1132.182820625326, 1212.2687174986918], [1131.9402850002898, 1213.2388599988371], [1131.6977493752536, 1214.2090024989825], [1131.4552137502174, 1215.1791449991279], [1131.2126781251811, 1216.1492874992732], [1130.970142500145, 1217.1194299994186], [1130.7276068751087, 1218.089572499564], [1130.4850712500725, 1219.0597149997093], [1130.2425356250362, 1220.0298574998546], [1130.0, 1221.0], [1129.0, 1222.0], [1129.0, 1223.0], [1129.0, 1224.0], [1129.0, 1225.0], [1129.0, 1226.0], [1129.0, 1227.0], [1128.0, 1228.0], [1128.0, 1229.0], [1127.0, 1230.0], [1126.0, 1231.0], [1125.0, 1232.0], [1125.0, 1233.0], [1124.0, 1234.0], [1124.0, 1235.0], [1123.0, 1236.0], [1122.0, 1237.0], [1122.0, 1238.0], [1121.0, 1239.0], [1120.0, 1240.0], [1119.0, 1241.0], [1118.0, 1242.0], [1117.0, 1243.0], [1116.0, 1244.0], [1115.0, 1244.0], [1114.0, 1245.0], [1113.0, 1245.0], [1112.0, 1245.0], [1111.0, 1245.0], [1110.0, 1246.0], [1109.0, 1246.0], [1108.0, 1246.0], [1107.0, 1246.0], [1106.0, 1247.0], [1105.0, 1247.0], [1104.0, 1247.0], [1103.0, 1247.0], [1102.0, 1248.0], [1101.0, 1248.0], [1100.0, 1248.0], [1099.0, 1249.0], [1098.0, 1249.0], [1097.0, 1249.0], [1096.0, 1250.0], [1095.0, 1250.0], [1094.0, 1250.0], [1093.0, 1250.0], [1092.0, 1250.0], [1091.0, 1251.0], [1090.0, 1251.0], [1089.0, 1251.0], [1088.0, 1251.0], [1087.0, 1251.0], [1086.0, 1252.0], [1085.0, 1252.0], [1084.0, 1252.0], [1083.0, 1252.0], [1082.0, 1252.0], [1081.0, 1253.0], [1080.0, 1253.0], [1080.0, 1253.0], [1079.0, 1253.0], [1078.0, 1253.0], [1077.0, 1253.0], [1076.0, 1253.0], [1075.0, 1253.0], [1074.0, 1253.0], [1073.0, 1253.0], [1072.0, 1253.0], [1071.0, 1253.0], [1070.0, 1253.0], [1069.0, 1253.0], [1068.0, 1253.0], [1067.0, 1253.0], [1066.0, 1253.0], [1065.0, 1253.0], [1064.0, 1253.0], [1063.0, 1253.0], [1062.0, 1253.0], [1061.0, 1252.0], [1060.0, 1252.0], [1059.0, 1252.0], [1058.0, 1252.0], [1057.0, 1252.0], [1056.0, 1252.0], [1055.0, 1251.0], [1054.0, 1251.0], [1053.0, 1251.0], [1052.0, 1250.0], [1051.0, 1250.0], [1050.0, 1249.0], [1049.0, 1249.0], [1048.0, 1249.0], [1047.0, 1248.0], [1046.0, 1248.0], [1045.0, 1248.0], [1044.0, 1248.0], [1043.0, 1247.0], [1042.0, 1247.0], [1041.0, 1247.0], [1040.0, 1246.0], [1039.0, 1246.0], [1038.0, 1245.0], [1037.0, 1245.0], [1036.0, 1245.0], [1035.0, 1244.0], [1034.0, 1244.0], [1033.0, 1243.0], [1032.0, 1243.0], [1031.0, 1243.0], [1030.0, 1242.0], [1029.0, 1242.0], [1028.0, 1241.0], [1027.0, 1241.0], [1026.0, 1241.0], [1025.0, 1240.0], [1024.0, 1240.0], [1023.0, 1239.0], [1022.0, 1239.0], [1021.0, 1238.0], [1020.0, 1238.0], [1019.0, 1237.0], [1018.0, 1237.0], [1017.0, 1236.0], [1016.0, 1236.0], [1015.0, 1236.0], [1014.0, 1235.0], [1013.0, 1235.0], [1012.0, 1235.0], [1011.0, 1234.0], [1010.0, 1234.0], [1009.0, 1234.0], [1008.0, 1233.0], [1007.0, 1233.0], [1006.0, 1233.0], [1005.0, 1232.0], [1004.0, 1232.0], [1003.0, 1232.0], [1002.0, 1232.0], [1001.0, 1232.0], [1000.0, 1232.0], [999.0, 1233.0], [998.0, 1233.0], [997.0, 1234.0], [996.0, 1234.0], [995.0, 1234.0], [994.0, 1235.0], [993.0, 1236.0], [992.0, 1236.0], [991.0, 1237.0], [990.0, 1238.0], [989.0, 1239.0], [988.0, 1240.0], [987.0, 1241.0], [986.0, 1242.0], [986.0, 1243.0], [985.0, 1244.0], [984.0, 1245.0], [984.0, 1246.0], [983.0, 1247.0], [983.0, 1248.0], [982.0, 1249.0], [981.0, 1250.0], [981.0, 1251.0], [980.0, 1252.0], [980.0, 1253.0], [979.0, 1254.0], [978.0, 1255.0], [978.0, 1256.0], [977.0, 1257.0], [977.0, 1258.0], [976.0, 1259.0], [976.0, 1260.0], [975.0, 1261.0], [974.0, 1262.0], [973.0, 1263.0], [973.0, 1264.0], [973.0, 1265.0], [972.0, 1266.0], [972.0, 1267.0], [971.0, 1268.0], [971.0, 1269.0], [970.0, 1270.0], [969.0, 1271.0], [969.0, 1272.0], [969.0, 1273.0], [968.0, 1274.0], [968.0, 1275.0], [967.0, 1276.0], [966.0, 1277.0], [965.0, 1278.0], [965.0, 1279.0], [964.0, 1280.0], [963.0, 1281.0], [963.0, 1282.0], [962.0, 1283.0], [962.0, 1284.0], [961.0, 1285.0], [961.0, 1286.0], [960.0, 1287.0], [960.0, 1288.0], [959.0, 1289.0], [959.0, 1290.0], [958.0, 1291.0], [957.0, 1292.0], [957.0, 1293.0], [956.0, 1294.0], [955.0, 1294.0], [954.0, 1295.0], [954.0, 1296.0], [953.0, 1297.0], [952.0, 1297.0], [951.0, 1298.0], [951.0, 1299.0], [950.0, 1300.0], [949.0, 1300.0], [948.0, 1301.0], [947.0, 1302.0], [946.0, 1303.0], [945.0, 1304.0], [944.0, 1305.0], [943.0, 1306.0], [942.0, 1307.0], [941.0, 1308.0], [940.0, 1309.0], [939.0, 1309.0], [938.0, 1310.0], [937.0, 1311.0], [936.0, 1312.0], [935.0, 1312.0], [934.0, 1312.0], [933.0, 1312.0], [932.0, 1312.0], [931.0, 1312.0], [930.0, 1312.0], [929.0, 1312.0], [928.0, 1313.0], [927.0, 1313.0], [926.0, 1313.0], [925.0, 1313.0], [924.0, 1313.0], [923.0, 1314.0], [922.0, 1314.0], [921.0298574998546, 1314.2425356250362], [920.0597149997093, 1314.4850712500725], [919.0895724995639, 1314.7276068751087], [918.1194299994186, 1314.970142500145], [917.1492874992732, 1315.2126781251811], [916.1791449991279, 1315.4552137502174], [915.2090024989825, 1315.6977493752536], [914.2388599988371, 1315.9402850002898], [913.2687174986918, 1316.182820625326], [912.2985749985464, 1316.4253562503623], [911.3284324984011, 1316.6678918753985], [910.3582899982557, 1316.9104275004347], [909.3881474981104, 1317.152963125471], [908.418004997965, 1317.3954987505072], [907.4478624978196, 1317.6380343755434], [906.4777199976743, 1317.8805700005796], [905.5075774975289, 1318.1231056256158], [904.5374349973836, 1318.365641250652], [903.5672924972382, 1318.6081768756883], [902.5971499970929, 1318.8507125007245], [901.6270074969475, 1319.0932481257607], [900.6568649968021, 1319.335783750797], [899.6867224966568, 1319.5783193758332], [898.7165799965114, 1319.8208550008694], [897.7464374963661, 1320.0633906259056], [896.7762949962207, 1320.3059262509419], [895.8061524960754, 1320.548461875978], [894.83600999593, 1320.7909975010143], [893.8658674957846, 1321.0335331260505], [892.8957249956393, 1321.2760687510868], [891.9255824954939, 1321.518604376123], [890.9554399953486, 1321.7611400011592], [889.9852974952032, 1322.0036756261954], [889.0151549950579, 1322.2462112512317], [888.0450124949125, 1322.488746876268]]}}, {"type": "Feature", "properties": {"label": 15, "method": "geodesic_dt"}, "geometry": {"type": "LineString", "coordinates": [[908.0, 1349.0], [909.0, 1348.0], [909.0, 1347.0], [910.0, 1346.0], [910.0, 1345.0], [910.0, 1344.0], [910.0, 1343.0], [911.0, 1342.0], [911.0, 1341.0], [911.0, 1340.0], [912.0, 1339.0], [912.0, 1338.0], [912.0, 1337.0], [913.0, 1336.0], [913.0, 1335.0], [913.0, 1334.0], [914.0, 1333.0], [914.0, 1332.0], [915.0, 1331.0], [915.0, 1330.0], [916.0, 1329.0], [916.0, 1328.0], [917.0, 1327.0], [918.0, 1326.0], [919.0, 1325.0], [920.0, 1324.0], [921.0, 1323.0], [922.0, 1322.0], [923.0, 1321.0], [924.0, 1320.0], [925.0, 1319.0], [926.0, 1318.0], [927.0, 1317.0], [928.0, 1316.0], [929.0, 1315.0], [930.0, 1314.0], [931.0, 1313.0], [932.0, 1312.0], [933.0, 1311.0], [934.0, 1310.0], [935.0, 1309.0], [936.0, 1308.0], [937.0, 1307.0], [938.0, 1306.0], [939.0, 1305.0], [940.0, 1304.0], [941.0, 1304.0], [942.0, 1303.0], [943.0, 1303.0], [944.0, 1302.0], [945.0, 1302.0], [946.0, 1301.0], [947.0, 1301.0], [948.0, 1300.0], [949.0, 1299.0], [950.0, 1298.0], [951.0, 1298.0], [952.0, 1297.0], [953.0, 1296.0], [954.0, 1295.0], [955.0, 1294.0], [956.0, 1293.0], [957.0, 1292.0], [958.0, 1291.0], [959.0, 1290.0], [960.0, 1289.0], [961.0, 1288.0], [962.0, 1287.0], [963.0, 1286.0], [964.0, 1285.0], [965.0, 1284.0], [966.0, 1283.0], [967.0, 1282.0], [967.0, 1281.0], [968.0, 1280.0], [969.0, 1279.0], [970.0, 1278.0], [970.0, 1277.0], [971.0, 1276.0], [972.0, 1275.0], [972.0, 1274.0], [973.0, 1273.0], [973.0, 1272.0], [974.0, 1271.0], [974.0, 1270.0], [975.0, 1269.0], [976.0, 1268.0], [976.0, 1267.0], [977.0, 1266.0], [977.0, 1265.0], [978.0, 1264.0], [978.0, 1263.0], [979.0, 1262.0], [979.0, 1261.0], [980.0, 1260.0], [980.0, 1259.0], [981.0, 1258.0], [981.0, 1257.0], [982.0, 1256.0], [982.0, 1255.0], [983.0, 1254.0], [983.0, 1253.0], [984.0, 1252.0], [984.0, 1251.0], [985.0, 1250.0], [986.0, 1249.0], [986.0, 1248.0], [987.0, 1247.0], [987.0, 1246.0], [988.0, 1245.0], [989.0, 1244.0], [989.0, 1243.0], [990.0, 1242.0], [990.0, 1241.0], [991.0, 1240.0], [992.0, 1239.0], [993.0, 1238.0], [993.0, 1237.0], [994.0, 1236.0], [995.0, 1235.0], [995.0, 1234.0], [996.0, 1233.0], [997.0, 1232.0], [998.0, 1231.0], [999.0, 1230.0], [1000.0, 1229.0], [1001.0, 1229.0], [1002.0, 1229.0], [1003.0, 1229.0], [1004.0, 1228.0], [1005.0, 1228.0], [1006.0, 1228.0], [1007.0, 1228.0], [1008.0, 1228.0], [1009.0, 1228.0], [1010.0, 1228.0], [1011.0, 1228.0], [1012.0, 1228.0], [1013.0, 1228.0], [1014.0, 1228.0], [1015.0, 1228.0], [1016.0, 1228.0], [1017.0, 1229.0], [1018.0, 1229.0], [1019.0, 1229.0], [1020.0, 1230.0], [1021.0, 1230.0], [1022.0, 1230.0], [1023.0, 1231.0], [1024.0, 1231.0], [1025.0, 1231.0], [1026.0, 1232.0], [1027.0, 1232.0], [1028.0, 1232.0], [1029.0, 1232.0], [1030.0, 1233.0], [1031.0, 1233.0], [1032.0, 1233.0], [1033.0, 1234.0], [1034.0, 1234.0], [1035.0, 1235.0], [1036.0, 1235.0], [1037.0, 1235.0], [1038.0, 1236.0], [1039.0, 1236.0], [1040.0, 1237.0], [1041.0, 1237.0], [1042.0, 1238.0], [1043.0, 1238.0], [1044.0, 1238.0], [1045.0, 1239.0], [1046.0, 1239.0], [1047.0, 1240.0], [1048.0, 1240.0], [1049.0, 1241.0], [1050.0, 1241.0], [1051.0, 1241.0], [1052.0, 1242.0], [1053.0, 1242.0], [1054.0, 1243.0], [1055.0, 1243.0], [1056.0, 1244.0], [1057.0, 1244.0], [1058.0, 1245.0], [1059.0, 1245.0], [1060.0, 1246.0], [1061.0, 1246.0], [1062.0, 1247.0], [1063.0, 1247.0], [1064.0, 1248.0], [1065.0, 1248.0], [1066.0, 1249.0], [1067.0, 1249.0], [1068.0, 1250.0], [1069.0, 1250.0], [1070.0, 1251.0], [1071.0, 1251.0], [1072.0, 1252.0], [1073.0, 1252.0], [1074.0, 1252.0], [1075.0, 1252.0], [1076.0, 1252.0], [1077.0, 1253.0], [1078.0, 1253.0], [1079.0, 1253.0], [1080.0, 1253.0], [1081.0, 1253.0], [1082.0, 1253.0], [1083.0, 1253.0], [1084.0, 1253.0], [1085.0, 1253.0], [1086.0, 1253.0], [1087.0, 1253.0], [1088.0, 1253.0], [1089.0, 1253.0], [1090.0, 1253.0], [1091.0, 1253.0], [1092.0, 1253.0], [1093.0, 1253.0], [1094.0, 1253.0], [1095.0, 1253.0], [1096.0, 1253.0], [1097.0, 1253.0], [1098.0, 1253.0], [1099.0, 1253.0], [1100.0, 1253.0], [1101.0, 1253.0], [1102.0, 1253.0], [1103.0, 1253.0], [1104.0, 1253.0], [1105.0, 1252.0], [1106.0, 1251.0], [1107.0, 1250.0], [1108.0, 1249.0], [1109.0, 1248.0], [1110.0, 1247.0], [1111.0, 1246.0], [1112.0, 1245.0], [1113.0, 1244.0], [1114.0, 1243.0], [1115.0, 1242.0], [1116.0, 1241.0], [1117.0, 1240.0], [1118.0, 1239.0], [1119.0, 1238.0], [1120.0, 1237.0], [1121.0, 1236.0], [1122.0, 1235.0], [1123.0, 1234.0], [1124.0, 1233.0], [1125.0, 1232.0], [1126.0, 1231.0], [1127.0, 1230.0], [1128.0, 1229.0], [1129.0, 1229.0], [1130.0, 1229.0], [1131.0, 1229.0], [1132.0, 1229.0], [1133.0, 1229.0], [1134.0, 1229.0], [1135.0, 1229.0], [1136.0, 1229.0], [1137.0, 1229.0], [1138.0, 1229.0], [1139.0, 1229.0], [1140.0, 1229.0], [1141.0, 1229.0], [1142.0, 1229.0], [1143.0, 1229.0], [1144.0, 1229.0], [1145.0, 1228.0], [1146.0, 1228.0], [1147.0, 1227.0]]}}, {"type": "Feature", "properties": {"label": 15, "method": "smoothed_spline"}, "geometry": {"type": "LineString", "coordinates": [[905.7286225168413, 1347.2188509901841], [906.4674422474213, 1345.8978765499767], [907.2279304023277, 1344.5926383719118], [908.0094646299688, 1343.3025527796224], [908.8114225787555, 1342.0270360967452], [909.6331818970967, 1340.765504646914], [910.4741202334026, 1339.5173747537647], [911.3336152360824, 1338.2820627409315], [912.2110445535455, 1337.0589849320493], [913.1057858342031, 1335.8475576507547], [914.0172167264634, 1334.6471972206812], [914.9447148787364, 1333.4573199654637], [915.8876579394324, 1332.2773422087394], [916.8454235569602, 1331.10668027414], [917.8173893797303, 1329.944750485303], [918.802933056152, 1328.7909691658626], [919.8014322346346, 1327.6447526394538], [920.8122645635885, 1326.5055172297116], [921.834807691423, 1325.372679260271], [922.8684392665479, 1324.2456550547677], [923.9125369373729, 1323.1238609368359], [924.9664783523073, 1322.0067132301099], [926.029641159761, 1320.8936282582263], [927.1014030081441, 1319.7840223448195], [928.1811415458662, 1318.6773118135247], [929.2682344213362, 1317.5729129879765], [930.3620592829648, 1316.47024219181], [931.4619937791607, 1315.3687157486602], [932.5674155583345, 1314.2677499821625], [933.6777022688955, 1313.1667612159517], [934.7922315592533, 1312.0651657736628], [935.9103810778175, 1310.9623799789306], [937.0315284729978, 1309.85782015539], [938.1550513932044, 1308.7509026266769], [939.2803274868464, 1307.6410437164257], [940.4067344023339, 1306.5276597482714], [941.5336497880763, 1305.410167045849], [942.6604512924832, 1304.2879819327932], [943.7865165639646, 1303.1605207327395], [944.9112232509298, 1302.0271997693228], [946.033949001789, 1300.8874353661786], [947.1540714649515, 1299.7406438469413], [948.270968288827, 1298.586241535246], [949.3840171218253, 1297.4236447547278], [950.4925956123559, 1296.2522698290213], [951.596081408829, 1295.0715330817625], [952.6938521596535, 1293.8808508365853], [953.7852855132395, 1292.6796394171254], [954.8697591179973, 1291.4673151470183], [955.9466506223354, 1290.2432943498975], [957.015337674664, 1289.0069933493992], [958.0751979233931, 1287.7578284691579], [959.125609016932, 1286.495216032809], [960.1659486036906, 1285.2185723639873], [961.1956110085264, 1283.9273418843075], [962.214519945474, 1282.6218609778825], [963.2232249965634, 1281.303520547515], [964.2223118857299, 1279.9737723911417], [965.2123663369093, 1278.6340683066978], [966.1939740740369, 1277.2858600921197], [967.1677208210481, 1275.9305995453435], [968.134192301879, 1274.569738464305], [969.0939742404647, 1273.2047286469406], [970.0476523607406, 1271.8370218911857], [970.9958123866426, 1270.468069994977], [971.9390400421065, 1269.0993247562503], [972.8779210510669, 1267.7322379729414], [973.8130411374603, 1266.3682614429867], [974.7449860252215, 1265.0088469643217], [975.6743414382868, 1263.6554463348834], [976.601693100591, 1262.309511352607], [977.5276267360699, 1260.9724938154286], [978.4527280686592, 1259.6458455212846], [979.3775828222944, 1258.3310182681107], [980.3027767209109, 1257.0294638538433], [981.2288954884447, 1255.7426340764184], [982.1565248488305, 1254.4719807337715], [983.0862505260043, 1253.2189556238386], [984.0186582439017, 1251.9850105445569], [984.9543337264583, 1250.7715972938613], [985.8938626976095, 1249.5801676696883], [986.8378308812906, 1248.4121734699736], [987.7868240014377, 1247.2690664926536], [988.7414277819859, 1246.1522985356637], [989.7022279468708, 1245.063321396941], [990.6698102200282, 1244.0035868744208], [991.6447603253935, 1242.9745467660396], [992.627663986902, 1241.9776528697325], [993.6191069284894, 1241.0143569834365], [994.6196748740915, 1240.0861109050875], [995.6299535476435, 1239.194366432621], [996.6505286730809, 1238.3405753639736], [997.6819859743393, 1237.5261894970806], [998.7249111753547, 1236.7526606298793], [999.7798900000622, 1236.0214405603044], [1000.847508172397, 1235.3339810862926], [1001.9283514162958, 1234.69173400578], [1003.0230054556928, 1234.0961511167025], [1004.1320560145243, 1233.548684216996], [1005.2560888167258, 1233.0507851045966], [1006.3956895862325, 1232.6039055774402], [1007.5514440469801, 1232.2094974334632], [1008.7239379229044, 1231.8690124706015], [1009.9137569379405, 1231.583902486791], [1011.1214868160246, 1231.3556192799679], [1012.3475890298442, 1231.1852221572121], [1013.5917951143284, 1231.0714646628596], [1014.8535709093928, 1231.012261050976], [1016.1323818730315, 1231.0055243691918], [1017.427693463238, 1231.0491676651386], [1018.7389711380064, 1231.1411039864472], [1020.0656803553308, 1231.2792463807502], [1021.4072865732048, 1231.4615078956767], [1022.7632552496221, 1231.6858015788591], [1024.1330518425775, 1231.9500404779285], [1025.5161418100638, 1232.2521376405157], [1026.9119906100752, 1232.590006114252], [1028.320063700606, 1232.9615589467687], [1029.7398265396494, 1233.3647091856967], [1031.1707445852, 1233.7973698786675], [1032.612283295251, 1234.257454073312], [1034.0639081277968, 1234.7428748172613], [1035.5250845408311, 1235.2515451581473], [1036.9952779923476, 1235.7813781435998], [1038.4739539403406, 1236.3302868212513], [1039.960577842803, 1236.896184238732], [1041.4546151577301, 1237.4769834436736], [1042.955531343115, 1238.0705974837072], [1044.4627918569515, 1238.6749394064639], [1045.9758621572337, 1239.2879222595748], [1047.4942077019552, 1239.907459090671], [1049.0172939491104, 1240.5314629473837], [1050.5445863566927, 1241.1578468773446], [1052.075550382696, 1241.784523928184], [1053.6096514851147, 1242.4094071475338], [1055.1463551219417, 1243.0304095830243], [1056.6851267511722, 1243.6454442822876], [1058.225431830799, 1244.2524242929544], [1059.7667358188164, 1244.8492626626557], [1061.3085041732181, 1245.4338724390234], [1062.8502023519984, 1246.004166669688], [1064.3912958131505, 1246.5580584022805], [1065.9312500146689, 1247.0934606844323], [1067.469530414547, 1247.6082865637745], [1069.005602470779, 1248.1004490879388], [1070.5389316413589, 1248.5678613045561], [1072.0689833842803, 1249.0084362612574], [1073.5952231575368, 1249.4200870056734], [1075.117116419123, 1249.8007265854362], [1076.6341286270324, 1250.1482680481765], [1078.145725239259, 1250.4606244415254], [1079.6513717137962, 1250.735708813114], [1081.1505513336242, 1250.9715008314422], [1082.643059333451, 1251.1671460843113], [1084.1289565566149, 1251.322782871536], [1085.6083123276055, 1251.438581191229], [1087.0811959709135, 1251.5147110415048], [1088.5476768110289, 1251.551342420476], [1090.0078241724416, 1251.5486453262556], [1091.461707379642, 1251.5067897569572], [1092.9093957571206, 1251.425945710694], [1094.350958629367, 1251.3062831855782], [1095.7864653208715, 1251.1479721797245], [1097.2159851561248, 1250.9511826912453], [1098.6395874596162, 1250.7160847182543], [1100.057341555837, 1250.4428482588644], [1101.4693167692765, 1250.1316433111886], [1102.8755824244245, 1249.7826398733407], [1104.2762078457724, 1249.3960079434337], [1105.6712623578092, 1248.97191751958], [1107.060815285026, 1248.510538599894], [1108.4449359519126, 1248.0120411824885], [1109.8236936829594, 1247.4765952654768], [1111.197157802656, 1246.9043708469715], [1112.5653976354927, 1246.2955379250868], [1113.9284825059601, 1245.6502664979355], [1115.286481738548, 1244.9687265636305], [1116.6394646577469, 1244.2510881202857], [1117.9875005880463, 1243.497521166013], [1119.3306588539374, 1242.7081956989275], [1120.6690087799097, 1241.8832817171412], [1122.0026196904537, 1241.0229492187673], [1123.3315609100591, 1240.1273682019198], [1124.6559017632162, 1239.196708664711], [1125.9757115744155, 1238.2311406052545], [1127.2910596681472, 1237.230834021664], [1128.602015368901, 1236.1959589120518], [1129.9086480011674, 1235.126685274532], [1131.2110268894364, 1234.023183107217], [1132.5092213581984, 1232.8856224082208], [1133.8033007319434, 1231.714173175656], [1135.0933343351617, 1230.5090054076363], [1136.3793914923435, 1229.2702891022748], [1137.6615415279784, 1227.9981942576842], [1138.9398537665577, 1226.6928908719785], [1140.2143975325707, 1225.3545489432706], [1141.4852421505075, 1223.9833384696738], [1142.7524569448587, 1222.5794294493007], [1144.0161112401142, 1221.1429918802653], [1145.2762743607645, 1219.6741957606807]]}}, {"type": "Feature", "properties": {"label": 16, "method": "skeleton_longest_path"}, "geometry": {"type": "LineString", "coordinates": [[1704.1042750043607, 1193.7239312489132], [1703.1341325042154, 1193.9664668739495], [1702.16399000407, 1194.2090024989857], [1701.1938475039246, 1194.451538124022], [1700.2237050037793, 1194.6940737490581], [1699.253562503634, 1194.9366093740944], [1698.2834200034886, 1195.1791449991306], [1697.3132775033432, 1195.4216806241668], [1696.3431350031979, 1195.664216249203], [1695.3729925030525, 1195.9067518742393], [1694.4028500029071, 1196.1492874992755], [1693.4327075027618, 1196.3918231243117], [1692.4625650026164, 1196.634358749348], [1691.492422502471, 1196.8768943743842], [1690.5222800023257, 1197.1194299994204], [1689.5521375021804, 1197.3619656244566], [1688.581995002035, 1197.6045012494928], [1687.6118525018896, 1197.847036874529], [1686.6417100017443, 1198.0895724995653], [1685.671567501599, 1198.3321081246015], [1684.7014250014536, 1198.5746437496377], [1683.7312825013082, 1198.817179374674], [1682.7611400011629, 1199.0597149997102], [1681.7909975010175, 1199.3022506247464], [1680.8208550008721, 1199.5447862497826], [1679.8507125007268, 1199.7873218748189], [1678.8805700005814, 1200.029857499855], [1677.910427500436, 1200.2723931248913], [1676.9402850002907, 1200.5149287499275], [1675.9701425001454, 1200.7574643749638], [1675.0, 1201.0], [1674.0, 1202.0], [1673.0, 1202.0], [1672.0, 1202.0], [1671.0, 1202.0], [1670.0, 1202.0], [1669.0, 1203.0], [1668.0, 1203.0], [1667.0, 1203.0], [1666.0, 1203.0], [1665.0, 1204.0], [1664.0, 1205.0], [1663.0, 1206.0], [1662.0, 1207.0], [1661.0, 1208.0], [1661.0, 1209.0], [1660.0, 1210.0], [1659.0, 1211.0], [1658.0, 1212.0], [1657.0, 1213.0], [1656.0, 1213.0], [1655.0, 1214.0], [1654.0, 1214.0], [1653.0, 1215.0], [1652.0, 1215.0], [1651.0, 1216.0], [1650.0, 1216.0], [1649.0, 1216.0], [1648.0, 1217.0], [1647.0, 1218.0], [1646.0, 1219.0], [1645.0, 1219.0], [1644.0, 1220.0], [1643.0, 1221.0], [1642.0, 1222.0], [1641.0, 1222.0], [1640.0, 1223.0], [1639.0, 1223.0], [1638.0, 1224.0], [1637.0, 1225.0], [1636.0, 1226.0], [1635.0, 1227.0], [1634.0, 1227.0], [1633.0, 1228.0], [1632.0, 1229.0], [1631.0, 1230.0], [1631.0, 1231.0], [1630.0, 1232.0], [1630.0, 1233.0], [1629.0, 1234.0], [1628.0, 1235.0], [1627.0, 1236.0], [1627.0, 1237.0], [1626.0, 1238.0], [1625.0, 1239.0], [1624.0, 1240.0], [1624.0, 1241.0], [1623.0, 1242.0], [1622.0, 1243.0], [1621.0, 1244.0], [1621.0, 1245.0], [1620.0, 1246.0], [1619.0, 1247.0], [1618.0, 1247.0], [1617.0, 1248.0], [1617.0, 1249.0], [1616.0, 1250.0], [1615.0, 1251.0], [1614.0, 1252.0], [1613.0, 1253.0], [1613.0, 1254.0], [1612.0, 1255.0], [1611.0, 1256.0], [1611.0, 1257.0], [1610.0, 1258.0], [1610.0, 1259.0], [1609.0, 1260.0], [1609.0, 1261.0], [1608.0, 1262.0], [1608.0, 1263.0], [1607.0, 1264.0], [1606.0, 1265.0], [1606.0, 1266.0], [1605.0, 1267.0], [1605.0, 1268.0], [1605.0, 1269.0], [1605.0, 1270.0], [1605.0, 1271.0], [1605.0, 1272.0], [1605.0, 1273.0], [1604.0, 1274.0], [1604.0, 1275.0], [1604.0, 1276.0], [1604.0, 1277.0], [1604.0, 1278.0], [1604.0, 1279.0], [1604.0, 1280.0], [1604.0, 1281.0], [1604.0, 1282.0], [1604.0, 1283.0], [1603.0, 1284.0], [1603.0, 1285.0], [1603.0, 1286.0], [1603.0, 1287.0], [1603.0, 1288.0], [1603.0, 1289.0], [1603.0, 1290.0], [1603.0, 1291.0], [1603.0, 1292.0], [1602.0, 1293.0], [1602.0, 1294.0], [1602.0, 1295.0], [1602.0, 1296.0], [1602.0, 1297.0], [1602.0, 1298.0], [1602.0, 1299.0], [1601.0, 1300.0], [1601.0, 1301.0], [1601.0, 1302.0], [1601.0, 1303.0], [1601.0, 1304.0], [1601.0, 1305.0], [1601.0, 1306.0], [1601.0, 1307.0], [1600.0, 1308.0], [1600.0, 1309.0], [1600.0, 1310.0], [1600.0, 1311.0], [1600.0, 1312.0], [1600.0, 1313.0], [1600.0, 1314.0], [1600.0, 1315.0], [1599.0, 1316.0], [1599.0, 1317.0], [1599.0, 1318.0], [1599.0, 1319.0], [1599.0, 1320.0], [1599.0, 1321.0], [1599.0, 1322.0], [1599.0, 1323.0], [1599.0, 1324.0], [1600.0, 1325.0], [1600.0, 1326.0], [1600.0, 1327.0], [1600.0, 1328.0], [1600.0, 1329.0], [1600.0, 1330.0], [1600.0, 1331.0], [1600.0, 1332.0], [1600.0, 1333.0], [1600.0, 1334.0], [1600.0, 1335.0], [1600.0, 1336.0], [1600.0, 1337.0], [1600.0, 1338.0], [1601.0, 1339.0], [1601.0, 1340.0], [1601.0, 1341.0], [1601.0, 1342.0], [1601.0, 1343.0], [1601.0, 1344.0], [1601.0, 1345.0], [1601.0, 1346.0], [1601.0, 1347.0], [1602.0, 1348.0], [1602.0, 1349.0], [1602.0, 1350.0], [1602.0, 1351.0], [1602.0, 1352.0], [1602.0, 1353.0], [1602.0, 1354.0], [1603.0, 1355.0], [1603.0, 1356.0], [1603.0, 1357.0], [1603.0, 1358.0], [1603.0, 1359.0], [1604.0, 1360.0], [1604.0, 1361.0], [1604.0, 1362.0], [1604.0, 1363.0], [1604.0, 1364.0], [1604.0, 1365.0], [1605.0, 1366.0], [1605.0, 1367.0], [1605.0, 1368.0], [1605.0, 1369.0], [1605.0, 1370.0], [1605.0, 1371.0], [1605.0, 1372.0], [1606.0, 1373.0], [1606.0, 1374.0], [1606.0, 1375.0], [1606.0, 1376.0], [1606.0, 1377.0], [1606.0, 1378.0], [1607.0, 1379.0], [1607.0, 1380.0], [1607.0, 1381.0], [1607.0, 1382.0], [1608.0, 1383.0], [1608.0, 1384.0], [1608.0, 1385.0], [1608.0, 1386.0], [1609.0, 1387.0], [1609.0, 1388.0], [1609.0, 1389.0], [1609.0, 1390.0], [1609.0, 1391.0], [1610.0, 1392.0], [1610.0, 1393.0], [1610.0, 1394.0], [1610.0, 1395.0], [1610.0, 1396.0], [1610.0, 1397.0], [1611.0, 1398.0], [1611.0, 1399.0], [1611.0, 1400.0], [1612.0, 1401.0], [1612.0, 1402.0], [1613.0, 1403.0], [1613.0, 1404.0], [1614.0, 1405.0], [1614.0, 1406.0], [1615.0, 1407.0], [1616.0, 1408.0], [1617.0, 1409.0], [1618.0, 1410.0], [1619.0, 1411.0], [1620.0, 1412.0], [1620.0, 1413.0], [1621.0, 1414.0], [1621.0, 1415.0], [1621.0, 1416.0], [1621.0, 1417.0], [1622.0, 1418.0], [1622.0, 1419.0], [1622.0, 1420.0], [1623.0, 1421.0], [1623.0, 1422.0], [1623.0, 1423.0], [1624.0, 1424.0], [1624.0, 1425.0], [1624.0, 1426.0], [1624.0, 1427.0], [1624.0, 1428.0], [1624.0, 1429.0], [1624.0, 1430.0], [1624.0, 1431.0], [1625.0, 1432.0], [1625.0, 1433.0], [1625.0, 1434.0], [1625.0, 1435.0], [1625.0, 1436.0], [1625.0, 1437.0], [1625.0, 1438.0], [1625.0, 1439.0], [1625.0, 1440.0], [1625.0, 1441.0], [1625.0, 1442.0], [1625.0, 1443.0], [1625.0, 1444.0], [1626.0, 1445.0], [1626.0, 1446.0], [1626.0, 1447.0], [1626.0, 1448.0], [1627.0, 1449.0], [1627.0, 1450.0], [1627.0, 1451.0], [1627.0, 1452.0], [1628.0, 1453.0], [1628.0, 1454.0], [1628.0, 1455.0], [1628.0, 1456.0], [1629.0, 1457.0], [1629.0, 1458.0], [1630.0, 1459.0], [1630.0, 1460.0], [1630.0, 1461.0], [1630.0, 1462.0], [1630.0, 1463.0], [1631.0, 1464.0], [1631.0, 1465.0], [1631.0, 1466.0], [1631.0, 1467.0], [1632.0, 1468.0], [1632.0, 1469.0], [1632.0, 1470.0], [1632.0, 1471.0], [1632.0, 1472.0], [1632.0, 1473.0], [1632.0, 1474.0], [1633.0, 1475.0], [1633.0, 1476.0], [1633.0, 1477.0], [1633.0, 1478.0], [1633.0, 1479.0], [1633.0, 1480.0], [1633.0, 1481.0], [1633.0, 1482.0], [1632.0, 1483.0], [1632.0, 1484.0], [1632.0, 1485.0], [1632.0, 1486.0], [1633.0, 1487.0], [1633.0, 1488.0], [1633.0, 1489.0], [1633.0, 1490.0], [1633.0, 1491.0], [1633.0, 1492.0], [1633.0, 1493.0], [1633.0, 1494.0], [1633.0, 1495.0], [1633.0, 1496.0], [1633.0, 1497.0], [1633.0, 1498.0], [1633.0, 1499.0], [1633.0, 1500.0], [1633.0, 1501.0], [1633.0, 1502.0], [1633.0, 1503.0], [1633.0, 1504.0], [1633.0, 1505.0], [1633.0, 1506.0], [1633.0, 1507.0], [1633.0, 1508.0], [1633.0, 1509.0], [1633.0, 1510.0], [1633.0, 1511.0], [1633.0, 1512.0], [1633.0, 1513.0], [1633.0, 1514.0], [1633.0, 1515.0], [1633.0, 1516.0], [1633.0, 1517.0]]}}, {"type": "Feature", "properties": {"label": 16, "method": "geodesic_dt"}, "geometry": {"type": "LineString", "coordinates": [[1619.0, 1516.0], [1620.0, 1515.0], [1620.0, 1514.0], [1621.0, 1513.0], [1621.0, 1512.0], [1621.0, 1511.0], [1621.0, 1510.0], [1622.0, 1509.0], [1622.0, 1508.0], [1622.0, 1507.0], [1622.0, 1506.0], [1622.0, 1505.0], [1623.0, 1504.0], [1623.0, 1503.0], [1623.0, 1502.0], [1624.0, 1501.0], [1624.0, 1500.0], [1625.0, 1499.0], [1626.0, 1498.0], [1626.0, 1497.0], [1627.0, 1496.0], [1628.0, 1495.0], [1629.0, 1494.0], [1629.0, 1493.0], [1629.0, 1492.0], [1629.0, 1491.0], [1629.0, 1490.0], [1629.0, 1489.0], [1629.0, 1488.0], [1629.0, 1487.0], [1629.0, 1486.0], [1629.0, 1485.0], [1629.0, 1484.0], [1629.0, 1483.0], [1629.0, 1482.0], [1629.0, 1481.0], [1629.0, 1480.0], [1629.0, 1479.0], [1629.0, 1478.0], [1629.0, 1477.0], [1629.0, 1476.0], [1629.0, 1475.0], [1629.0, 1474.0], [1629.0, 1473.0], [1629.0, 1472.0], [1629.0, 1471.0], [1629.0, 1470.0], [1629.0, 1469.0], [1629.0, 1468.0], [1629.0, 1467.0], [1629.0, 1466.0], [1629.0, 1465.0], [1629.0, 1464.0], [1629.0, 1463.0], [1629.0, 1462.0], [1629.0, 1461.0], [1629.0, 1460.0], [1629.0, 1459.0], [1629.0, 1458.0], [1629.0, 1457.0], [1629.0, 1456.0], [1629.0, 1455.0], [1629.0, 1454.0], [1629.0, 1453.0], [1629.0, 1452.0], [1629.0, 1451.0], [1629.0, 1450.0], [1629.0, 1449.0], [1629.0, 1448.0], [1628.0, 1447.0], [1628.0, 1446.0], [1628.0, 1445.0], [1628.0, 1444.0], [1628.0, 1443.0], [1628.0, 1442.0], [1628.0, 1441.0], [1628.0, 1440.0], [1628.0, 1439.0], [1628.0, 1438.0], [1627.0, 1437.0], [1627.0, 1436.0], [1626.0, 1435.0], [1626.0, 1434.0], [1626.0, 1433.0], [1625.0, 1432.0], [1625.0, 1431.0], [1624.0, 1430.0], [1624.0, 1429.0], [1624.0, 1428.0], [1623.0, 1427.0], [1623.0, 1426.0], [1623.0, 1425.0], [1622.0, 1424.0], [1622.0, 1423.0], [1621.0, 1422.0], [1621.0, 1421.0], [1620.0, 1420.0], [1620.0, 1419.0], [1619.0, 1418.0], [1619.0, 1417.0], [1619.0, 1416.0], [1618.0, 1415.0], [1618.0, 1414.0], [1617.0, 1413.0], [1617.0, 1412.0], [1616.0, 1411.0], [1616.0, 1410.0], [1615.0, 1409.0], [1614.0, 1408.0], [1614.0, 1407.0], [1613.0, 1406.0], [1612.0, 1405.0], [1611.0, 1404.0], [1610.0, 1403.0], [1610.0, 1402.0], [1609.0, 1401.0], [1609.0, 1400.0], [1608.0, 1399.0], [1608.0, 1398.0], [1607.0, 1397.0], [1607.0, 1396.0], [1607.0, 1395.0], [1606.0, 1394.0], [1606.0, 1393.0], [1606.0, 1392.0], [1605.0, 1391.0], [1605.0, 1390.0], [1605.0, 1389.0], [1604.0, 1388.0], [1604.0, 1387.0], [1603.0, 1386.0], [1603.0, 1385.0], [1603.0, 1384.0], [1602.0, 1383.0], [1602.0, 1382.0], [1602.0, 1381.0], [1601.0, 1380.0], [1601.0, 1379.0], [1601.0, 1378.0], [1601.0, 1377.0], [1601.0, 1376.0], [1601.0, 1375.0], [1601.0, 1374.0], [1600.0, 1373.0], [1600.0, 1372.0], [1600.0, 1371.0], [1600.0, 1370.0], [1600.0, 1369.0], [1600.0, 1368.0], [1600.0, 1367.0], [1600.0, 1366.0], [1600.0, 1365.0], [1600.0, 1364.0], [1600.0, 1363.0], [1600.0, 1362.0], [1600.0, 1361.0], [1600.0, 1360.0], [1600.0, 1359.0], [1600.0, 1358.0], [1600.0, 1357.0], [1600.0, 1356.0], [1600.0, 1355.0], [1600.0, 1354.0], [1600.0, 1353.0], [1600.0, 1352.0], [1600.0, 1351.0], [1600.0, 1350.0], [1600.0, 1349.0], [1600.0, 1348.0], [1600.0, 1347.0], [1600.0, 1346.0], [1600.0, 1345.0], [1600.0, 1344.0], [1600.0, 1343.0], [1600.0, 1342.0], [1600.0, 1341.0], [1600.0, 1340.0], [1600.0, 1339.0], [1601.0, 1338.0], [1601.0, 1337.0], [1601.0, 1336.0], [1601.0, 1335.0], [1601.0, 1334.0], [1601.0, 1333.0], [1602.0, 1332.0], [1602.0, 1331.0], [1602.0, 1330.0], [1602.0, 1329.0], [1602.0, 1328.0], [1602.0, 1327.0], [1602.0, 1326.0], [1603.0, 1325.0], [1603.0, 1324.0], [1603.0, 1323.0], [1603.0, 1322.0], [1603.0, 1321.0], [1603.0, 1320.0], [1603.0, 1319.0], [1603.0, 1318.0], [1603.0, 1317.0], [1603.0, 1316.0], [1603.0, 1315.0], [1603.0, 1314.0], [1603.0, 1313.0], [1603.0, 1312.0], [1603.0, 1311.0], [1603.0, 1310.0], [1603.0, 1309.0], [1603.0, 1308.0], [1603.0, 1307.0], [1603.0, 1306.0], [1603.0, 1305.0], [1603.0, 1304.0], [1603.0, 1303.0], [1603.0, 1302.0], [1603.0, 1301.0], [1603.0, 1300.0], [1603.0, 1299.0], [1603.0, 1298.0], [1603.0, 1297.0], [1604.0, 1296.0], [1604.0, 1295.0], [1604.0, 1294.0], [1604.0, 1293.0], [1605.0, 1292.0], [1605.0, 1291.0], [1605.0, 1290.0], [1606.0, 1289.0], [1606.0, 1288.0], [1606.0, 1287.0], [1606.0, 1286.0], [1607.0, 1285.0], [1607.0, 1284.0], [1607.0, 1283.0], [1607.0, 1282.0], [1608.0, 1281.0], [1608.0, 1280.0], [1608.0, 1279.0], [1608.0, 1278.0], [1608.0, 1277.0], [1609.0, 1276.0], [1609.0, 1275.0], [1609.0, 1274.0], [1609.0, 1273.0], [1609.0, 1272.0], [1610.0, 1271.0], [1610.0, 1270.0], [1610.0, 1269.0], [1610.0, 1268.0], [1610.0, 1267.0], [1610.0, 1266.0], [1610.0, 1265.0], [1610.0, 1264.0], [1610.0, 1263.0], [1610.0, 1262.0], [1610.0, 1261.0], [1610.0, 1260.0], [1611.0, 1259.0], [1611.0, 1258.0], [1611.0, 1257.0], [1611.0, 1256.0], [1612.0, 1255.0], [1612.0, 1254.0], [1612.0, 1253.0], [1612.0, 1252.0], [1613.0, 1251.0], [1613.0, 1250.0], [1614.0, 1249.0], [1615.0, 1248.0], [1616.0, 1247.0], [1617.0, 1247.0], [1618.0, 1246.0], [1619.0, 1245.0], [1620.0, 1244.0], [1621.0, 1243.0], [1622.0, 1242.0], [1623.0, 1241.0], [1624.0, 1240.0], [1625.0, 1239.0], [1626.0, 1238.0], [1627.0, 1238.0], [1628.0, 1237.0], [1629.0, 1236.0], [1630.0, 1235.0], [1631.0, 1235.0], [1632.0, 1234.0], [1633.0, 1233.0], [1634.0, 1233.0], [1635.0, 1232.0], [1636.0, 1231.0], [1637.0, 1230.0], [1638.0, 1230.0], [1639.0, 1229.0], [1640.0, 1228.0], [1641.0, 1227.0], [1642.0, 1227.0], [1643.0, 1226.0], [1644.0, 1225.0], [1645.0, 1224.0], [1646.0, 1224.0], [1647.0, 1223.0], [1648.0, 1222.0], [1649.0, 1221.0], [1650.0, 1220.0], [1651.0, 1219.0], [1652.0, 1218.0], [1653.0, 1217.0], [1654.0, 1216.0], [1655.0, 1215.0], [1656.0, 1214.0], [1657.0, 1214.0], [1658.0, 1213.0], [1659.0, 1213.0], [1660.0, 1212.0], [1661.0, 1211.0], [1662.0, 1211.0], [1663.0, 1210.0], [1664.0, 1210.0], [1665.0, 1209.0], [1666.0, 1208.0], [1667.0, 1207.0], [1668.0, 1206.0], [1669.0, 1205.0], [1670.0, 1204.0], [1671.0, 1203.0], [1672.0, 1202.0], [1673.0, 1201.0], [1674.0, 1200.0], [1675.0, 1199.0], [1676.0, 1198.0], [1677.0, 1197.0], [1678.0, 1196.0], [1679.0, 1195.0], [1680.0, 1194.0], [1681.0, 1193.0], [1682.0, 1192.0], [1683.0, 1191.0], [1684.0, 1190.0], [1685.0, 1189.0], [1686.0, 1188.0], [1687.0, 1187.0], [1688.0, 1186.0], [1689.0, 1185.0], [1690.0, 1184.0], [1691.0, 1183.0], [1692.0, 1182.0], [1693.0, 1181.0], [1694.0, 1180.0], [1695.0, 1179.0], [1696.0, 1178.0]]}}, {"type": "Feature", "properties": {"label": 16, "method": "smoothed_spline"}, "geometry": {"type": "LineString", "coordinates": [[1620.6097930114738, 1516.833827683188], [1621.3852584984493, 1514.9075325178287], [1622.1170742498346, 1512.9855889039154], [1622.8059613607531, 1511.0679081100523], [1623.4526409263315, 1509.1544014048447], [1624.057834041693, 1507.2449800568963], [1624.622261801963, 1505.3395553348128], [1625.146645302267, 1503.438038507199], [1625.6317056377288, 1501.540340842659], [1626.078163903475, 1499.646373609798], [1626.486741194628, 1497.7560480772197], [1626.8581586063144, 1495.8692755135296], [1627.1931372336592, 1493.9859671873328], [1627.4923981717864, 1492.1060343672336], [1627.7566625158213, 1490.2293883218365], [1627.9866513608883, 1488.3559403197457], [1628.1830858021121, 1486.485601629567], [1628.3466869346194, 1484.6182835199052], [1628.4781758535328, 1482.7538972593638], [1628.5782736539786, 1480.8923541165486], [1628.647701431081, 1479.033565360064], [1628.6871802799649, 1477.177442258514], [1628.697431295755, 1475.3238960805036], [1628.6791755735774, 1473.4728380946387], [1628.6331342085557, 1471.6241795695228], [1628.5600282958146, 1469.777831773761], [1628.4605789304796, 1467.9337059759573], [1628.3355072076756, 1466.0917134447172], [1628.1855342225274, 1464.2517654486458], [1628.01138107016, 1462.4137732563468], [1627.813768845698, 1460.5776481364255], [1627.5934186442655, 1458.743301357486], [1627.3510515609887, 1456.910644188134], [1627.087388690992, 1455.0795878969734], [1626.8031511294002, 1453.2500437526094], [1626.4990599713378, 1451.4219230236458], [1626.17583631193, 1449.5951369786883], [1625.834201246302, 1447.7695968863413], [1625.4748758695785, 1445.9452140152098], [1625.0985812768836, 1444.1218996338976], [1624.7060385633436, 1442.2995650110106], [1624.2979688240816, 1440.4781214151515], [1623.8750931542238, 1438.6574801149275], [1623.4381326488951, 1436.8375523789423], [1622.9878084032198, 1435.0182494758005], [1622.5248415123226, 1433.1994826741063], [1622.049953071329, 1431.381163242465], [1621.5638641753628, 1429.5632024494812], [1621.0672959195501, 1427.7455115637597], [1620.560969399015, 1425.928001853905], [1620.0456057088832, 1424.1105845885222], [1619.521925944279, 1422.2931710362154], [1618.9906512003263, 1420.4756724655902], [1618.452502572152, 1418.6580001452503], [1617.9082011548796, 1416.840065343801], [1617.358468043634, 1415.021779329847], [1616.8040243335402, 1413.2030533719922], [1616.2455911197237, 1411.3837987388424], [1615.6838894973087, 1409.563926699002], [1615.1196405614198, 1407.7433485210754], [1614.5535654071825, 1405.9219754736675], [1613.9863851297214, 1404.0997188253828], [1613.4188208241615, 1402.276489844826], [1612.851593585628, 1400.4521998006028], [1612.2854245092449, 1398.6267599613166], [1611.7210346901375, 1396.8000815955725], [1611.1591452234309, 1394.9720759719753], [1610.6004772042493, 1393.1426543591301], [1610.0457517277184, 1391.3117280256408], [1609.495689888962, 1389.4792082401125], [1608.9510127831065, 1387.6450062711501], [1608.4124415052754, 1385.809033387358], [1607.8806971505944, 1383.9712008573413], [1607.356500814188, 1382.1314199497047], [1606.840573591181, 1380.2896019330522], [1606.3336365766984, 1378.4456580759888], [1605.8364108658643, 1376.5994996471193], [1605.3496175538053, 1374.7510379150488], [1604.873977735645, 1372.9001841483816], [1604.4102125065085, 1371.0468496157225], [1603.9590429615205, 1369.190945585676], [1603.521190195806, 1367.3323833268469], [1603.09737530449, 1365.4710741078404], [1602.6883193826973, 1363.6069291972603], [1602.2947435255523, 1361.7398598637121], [1601.9173688281812, 1359.8697773758004], [1601.5569163857076, 1357.9965930021294], [1601.2141072932566, 1356.1202180113041], [1600.8896626459534, 1354.240563671929], [1600.5843035389225, 1352.3575412526095], [1600.2987510672892, 1350.4710620219498], [1600.0337263261779, 1348.5810372485544], [1599.7899504107138, 1346.6873782010284], [1599.5681444160214, 1344.7899961479761], [1599.369029437226, 1342.8888023580025], [1599.1933265694522, 1340.9837080997124], [1599.0416380125087, 1339.074709345642], [1598.9140712057938, 1337.1621545477556], [1598.8106049120192, 1335.2464838304322], [1598.7312178936154, 1333.3281373182544], [1598.6758889130124, 1331.4075551358044], [1598.644596732641, 1329.4851774076644], [1598.6373201149313, 1327.5614442584165], [1598.6540378223133, 1325.636795812643], [1598.694728617217, 1323.7116721949255], [1598.7593712620726, 1321.7865135298475], [1598.8479445193107, 1319.8617599419897], [1598.9604271513615, 1317.9378515559354], [1599.0967979206553, 1316.0152284962658], [1599.2570355896216, 1314.0943308875642], [1599.441118920691, 1312.1755988544116], [1599.6490266762942, 1310.2594725213914], [1599.8807376188608, 1308.3463920130846], [1600.1362305108214, 1306.4367974540742], [1600.4154841146058, 1304.531128968942], [1600.7184771926445, 1302.6298266822703], [1601.0451885073671, 1300.733330718641], [1601.3955968212051, 1298.842081202637], [1601.7696808965875, 1296.9565182588394], [1602.1674194959448, 1295.0770820118314], [1602.5887913817078, 1293.2042125861947], [1603.0337753163058, 1291.3383501065114], [1603.50235006217, 1289.4799346973641], [1603.9944943817293, 1287.6294064833344], [1604.5101870374153, 1285.787205589005], [1605.0494067916572, 1283.9537721389577], [1605.612132406886, 1282.129546257775], [1606.198342645531, 1280.3149680700385], [1606.8080162700237, 1278.5104777003314], [1607.4411320427926, 1276.7165152732348], [1608.0976687262691, 1274.9335209133314], [1608.7776050828834, 1273.1619347452036], [1609.4809198750652, 1271.402196893433], [1610.207591865245, 1269.654747482602], [1610.957599815853, 1267.9200266372934], [1611.7309224893195, 1266.1984744820886], [1612.5275386480741, 1264.49053114157], [1613.3474270545476, 1262.7966367403192], [1614.1905664711703, 1261.1172314029197], [1615.0569356603721, 1259.4527552539528], [1615.946513384583, 1257.8036484180004], [1616.859277362117, 1256.1703487533737], [1617.795103527184, 1254.5530731944275], [1618.753682130699, 1252.9516356470776], [1619.7346836738523, 1251.3658071501611], [1620.7377786578352, 1249.7953587425152], [1621.7626375838379, 1248.2400614629767], [1622.8089309530515, 1246.6996863503828], [1623.876329266667, 1245.1740044435705], [1624.964503025874, 1243.6627867813768], [1626.0731227318638, 1242.1658044026387], [1627.2018588858277, 1240.6828283461937], [1628.3503819889556, 1239.2136296508784], [1629.5183625424384, 1237.75797935553], [1630.7054710474672, 1236.3156484989856], [1631.911378005232, 1234.886408120082], [1633.135753916924, 1233.4700292576567], [1634.3782692837337, 1232.066282950547], [1635.6385946068522, 1230.674940237589], [1636.91640038747, 1229.2957721576204], [1638.2113571267773, 1227.9285497494777], [1639.5231353259653, 1226.5730440519987], [1640.851405486225, 1225.2290261040202], [1642.195838108747, 1223.8962669443797], [1643.556103694721, 1222.5745376119132], [1644.9318727453392, 1221.2636091454583], [1646.322815761791, 1219.963252583852], [1647.7286032452678, 1218.6732389659317], [1649.1489056969604, 1217.393339330534], [1650.5833936180593, 1216.1233247164962], [1652.0317375097552, 1214.8629661626553], [1653.4936078732387, 1213.6120347078488], [1654.9686752097005, 1212.3703013909126], [1656.4566100203315, 1211.137537250685], [1657.957082806323, 1209.9135133260024], [1659.4697640688644, 1208.6980006557021], [1660.994324309147, 1207.4907702786209], [1662.5304340283617, 1206.291593233596], [1664.0777637276988, 1205.1002405594645], [1665.6359839083495, 1203.9164832950632], [1667.2047650715044, 1202.7400924792298], [1668.7837777183543, 1201.570839150801], [1670.3726923500894, 1200.4084943486137], [1671.9711794679006, 1199.252829111505], [1673.5789095729788, 1198.103614478312], [1675.1955531665144, 1196.9606214878718], [1676.8207807496988, 1195.8236211790218], [1678.454262823722, 1194.692384590598], [1680.0956698897749, 1193.5666827614386], [1681.7446724490483, 1192.4462867303803], [1683.400941002733, 1191.3309675362598], [1685.0641460520192, 1190.2204962179146], [1686.7339580980981, 1189.1146438141816], [1688.4100476421604, 1188.013181363898], [1690.0920851853969, 1186.9158799059005], [1691.7797412289976, 1185.8225104790263], [1693.4726862741543, 1184.732844122113], [1695.170590822056, 1183.6466518739965], [1696.873125373896, 1182.5637047735154], [1698.5799604308625, 1181.4837738595052]]}}, {"type": "Feature", "properties": {"label": 17, "method": "skeleton_longest_path"}, "geometry": {"type": "LineString", "coordinates": [[1428.5447862497826, 1230.1791449991279], [1428.7873218748189, 1231.1492874992732], [1429.029857499855, 1232.1194299994186], [1429.2723931248913, 1233.089572499564], [1429.5149287499275, 1234.0597149997093], [1429.7574643749638, 1235.0298574998546], [1430.0, 1236.0], [1430.0, 1237.0], [1431.0, 1238.0], [1431.0, 1239.0], [1432.0, 1240.0], [1432.0, 1241.0], [1432.0, 1242.0], [1432.0, 1243.0], [1432.0, 1244.0], [1432.0, 1245.0], [1432.0, 1246.0], [1432.0, 1247.0], [1432.0, 1248.0], [1431.0, 1249.0], [1430.0, 1250.0], [1429.0, 1251.0], [1428.0, 1252.0], [1427.0, 1253.0], [1426.0, 1254.0], [1425.0, 1255.0], [1424.0, 1256.0], [1423.0, 1257.0], [1422.0, 1258.0], [1421.0, 1259.0], [1420.0, 1260.0], [1419.0, 1261.0], [1419.0, 1262.0], [1418.0, 1263.0], [1418.0, 1264.0], [1417.0, 1265.0], [1417.0, 1266.0], [1417.0, 1267.0], [1416.0, 1268.0], [1416.0, 1269.0], [1415.0, 1270.0], [1415.0, 1271.0], [1414.0, 1272.0], [1414.0, 1273.0], [1414.0, 1274.0], [1414.0, 1275.0], [1413.0, 1276.0], [1413.0, 1277.0], [1413.0, 1278.0], [1412.0, 1279.0], [1412.0, 1280.0], [1412.0, 1281.0], [1412.0, 1282.0], [1412.0, 1283.0], [1412.0, 1284.0], [1412.0, 1285.0], [1412.0, 1286.0], [1412.0, 1287.0], [1412.0, 1288.0], [1412.0, 1289.0], [1413.0, 1290.0], [1414.0, 1291.0], [1415.0, 1292.0], [1416.0, 1293.0], [1417.0, 1294.0], [1418.0, 1295.0], [1419.0, 1296.0], [1420.0, 1297.0], [1421.0, 1298.0], [1421.0, 1299.0], [1421.0, 1300.0], [1421.0, 1301.0], [1421.0, 1302.0], [1421.0, 1303.0], [1421.0, 1304.0], [1422.0, 1305.0], [1422.0, 1306.0], [1423.0, 1307.0], [1423.0, 1308.0], [1423.0, 1309.0], [1424.0, 1310.0], [1424.0, 1310.0], [1424.0, 1311.0], [1424.0, 1312.0], [1424.0, 1313.0], [1424.0, 1314.0], [1424.0, 1315.0], [1424.0, 1316.0], [1424.0, 1317.0], [1424.0, 1318.0], [1424.0, 1319.0], [1424.0, 1320.0], [1425.0, 1321.0], [1425.0, 1322.0], [1425.0, 1323.0], [1425.0, 1324.0], [1425.0, 1325.0], [1425.0, 1326.0], [1426.0, 1327.0], [1426.0, 1328.0], [1426.0, 1329.0], [1426.0, 1330.0], [1427.0, 1331.0], [1427.0, 1332.0], [1428.0, 1333.0], [1428.0, 1334.0], [1428.0, 1335.0], [1429.0, 1336.0], [1430.0, 1337.0], [1430.0, 1338.0], [1431.0, 1339.0], [1431.0, 1340.0], [1432.0, 1341.0], [1433.0, 1342.0], [1434.0, 1343.0], [1435.0, 1344.0], [1436.0, 1345.0], [1437.0, 1346.0], [1437.0, 1347.0], [1438.0, 1348.0], [1438.0, 1349.0], [1439.0, 1350.0], [1439.0, 1351.0], [1440.0, 1352.0], [1440.0, 1353.0], [1441.0, 1354.0], [1441.0, 1355.0], [1442.0, 1356.0], [1442.0, 1357.0], [1443.0, 1358.0], [1444.0, 1359.0], [1445.0, 1359.0], [1446.0, 1359.0], [1447.0, 1360.0], [1448.0, 1360.0], [1449.0, 1360.0], [1450.0, 1360.0], [1451.0, 1361.0], [1452.0, 1361.0], [1453.0, 1361.0], [1454.0, 1361.0], [1455.0, 1361.0], [1456.0, 1361.0], [1457.0, 1361.0], [1458.0, 1361.0], [1459.0, 1362.0], [1460.0, 1362.0], [1460.9922778767136, 1362.1240347345893], [1461.9845557534272, 1362.2480694691785], [1462.9768336301408, 1362.3721042037678], [1463.9691115068545, 1362.496138938357], [1464.961389383568, 1362.6201736729463], [1465.9536672602817, 1362.7442084075356], [1466.9459451369953, 1362.8682431421248], [1467.938223013709, 1362.992277876714], [1468.9305008904225, 1363.1163126113033], [1469.9227787671362, 1363.2403473458926], [1470.9150566438498, 1363.3643820804818], [1471.9073345205634, 1363.488416815071], [1472.899612397277, 1363.6124515496604], [1473.8918902739906, 1363.7364862842496], [1474.8841681507042, 1363.8605210188389], [1475.8764460274178, 1363.9845557534281], [1476.8687239041315, 1364.1085904880174], [1477.861001780845, 1364.2326252226067], [1478.8532796575587, 1364.356659957196], [1479.8455575342723, 1364.4806946917852], [1480.837835410986, 1364.6047294263744], [1481.8301132876995, 1364.7287641609637], [1482.8223911644131, 1364.852798895553], [1483.8146690411268, 1364.9768336301422], [1484.8069469178404, 1365.1008683647315], [1485.799224794554, 1365.2249030993207], [1486.7915026712676, 1365.34893783391], [1487.7837805479812, 1365.4729725684992], [1488.7760584246948, 1365.5970073030885], [1489.7683363014085, 1365.7210420376778], [1490.760614178122, 1365.845076772267], [1491.7528920548357, 1365.9691115068563], [1492.7451699315493, 1366.0931462414455], [1493.737447808263, 1366.2171809760348]]}}, {"type": "Feature", "properties": {"label": 17, "method": "geodesic_dt"}, "geometry": {"type": "LineString", "coordinates": [[1452.0, 1406.0], [1451.0, 1405.0], [1451.0, 1404.0], [1450.0, 1403.0], [1450.0, 1402.0], [1450.0, 1401.0], [1450.0, 1400.0], [1450.0, 1399.0], [1450.0, 1398.0], [1450.0, 1397.0], [1450.0, 1396.0], [1450.0, 1395.0], [1450.0, 1394.0], [1450.0, 1393.0], [1450.0, 1392.0], [1450.0, 1391.0], [1450.0, 1390.0], [1450.0, 1389.0], [1450.0, 1388.0], [1450.0, 1387.0], [1450.0, 1386.0], [1450.0, 1385.0], [1450.0, 1384.0], [1450.0, 1383.0], [1450.0, 1382.0], [1450.0, 1381.0], [1450.0, 1380.0], [1450.0, 1379.0], [1450.0, 1378.0], [1450.0, 1377.0], [1450.0, 1376.0], [1450.0, 1375.0], [1450.0, 1374.0], [1450.0, 1373.0], [1450.0, 1372.0], [1450.0, 1371.0], [1450.0, 1370.0], [1450.0, 1369.0], [1450.0, 1368.0], [1450.0, 1367.0], [1450.0, 1366.0], [1450.0, 1365.0], [1450.0, 1364.0], [1450.0, 1363.0], [1449.0, 1362.0], [1448.0, 1361.0], [1447.0, 1360.0], [1446.0, 1359.0], [1445.0, 1358.0], [1444.0, 1357.0], [1443.0, 1356.0], [1442.0, 1355.0], [1441.0, 1354.0], [1440.0, 1353.0], [1439.0, 1352.0], [1438.0, 1351.0], [1437.0, 1350.0], [1436.0, 1349.0], [1435.0, 1349.0], [1434.0, 1348.0], [1433.0, 1347.0], [1432.0, 1346.0], [1431.0, 1345.0], [1430.0, 1344.0], [1429.0, 1343.0], [1428.0, 1342.0], [1427.0, 1341.0], [1426.0, 1340.0], [1425.0, 1339.0], [1424.0, 1338.0], [1423.0, 1337.0], [1422.0, 1336.0], [1421.0, 1335.0], [1421.0, 1334.0], [1420.0, 1333.0], [1419.0, 1332.0], [1418.0, 1331.0], [1417.0, 1330.0], [1416.0, 1329.0], [1416.0, 1328.0], [1416.0, 1327.0], [1416.0, 1326.0], [1415.0, 1325.0], [1415.0, 1324.0], [1415.0, 1323.0], [1415.0, 1322.0], [1415.0, 1321.0], [1414.0, 1320.0], [1414.0, 1319.0], [1414.0, 1318.0], [1414.0, 1317.0], [1414.0, 1316.0], [1414.0, 1315.0], [1415.0, 1314.0], [1415.0, 1313.0], [1416.0, 1312.0], [1416.0, 1311.0], [1416.0, 1310.0], [1417.0, 1309.0], [1417.0, 1308.0], [1417.0, 1307.0], [1418.0, 1306.0], [1418.0, 1305.0], [1418.0, 1304.0], [1418.0, 1303.0], [1418.0, 1302.0], [1418.0, 1301.0], [1418.0, 1300.0], [1417.0, 1299.0], [1417.0, 1298.0], [1417.0, 1297.0], [1417.0, 1296.0], [1416.0, 1295.0], [1416.0, 1294.0], [1416.0, 1293.0], [1416.0, 1292.0], [1415.0, 1291.0], [1415.0, 1290.0], [1414.0, 1289.0], [1414.0, 1288.0], [1413.0, 1287.0], [1412.0, 1286.0], [1412.0, 1285.0], [1411.0, 1284.0], [1411.0, 1283.0], [1410.0, 1282.0], [1409.0, 1281.0], [1409.0, 1280.0], [1408.0, 1279.0], [1407.0, 1278.0], [1407.0, 1277.0], [1406.0, 1276.0], [1406.0, 1275.0], [1405.0, 1274.0], [1405.0, 1273.0], [1405.0, 1272.0], [1405.0, 1271.0], [1404.0, 1270.0], [1404.0, 1269.0], [1404.0, 1268.0], [1404.0, 1267.0], [1403.0, 1266.0], [1403.0, 1265.0], [1403.0, 1264.0], [1403.0, 1263.0], [1403.0, 1262.0], [1402.0, 1261.0], [1402.0, 1260.0], [1401.0, 1259.0], [1401.0, 1258.0], [1401.0, 1257.0], [1400.0, 1256.0], [1400.0, 1255.0], [1399.0, 1254.0], [1399.0, 1253.0], [1399.0, 1252.0], [1398.0, 1251.0], [1398.0, 1250.0], [1398.0, 1249.0], [1397.0, 1248.0], [1397.0, 1247.0], [1397.0, 1246.0], [1396.0, 1245.0], [1396.0, 1244.0], [1396.0, 1243.0], [1396.0, 1242.0], [1395.0, 1241.0], [1395.0, 1240.0], [1394.0, 1239.0]]}}, {"type": "Feature", "properties": {"label": 17, "method": "smoothed_spline"}, "geometry": {"type": "LineString", "coordinates": [[1449.6133580910075, 1407.262053948162], [1449.899899032298, 1406.139599868162], [1450.1639069397593, 1405.0271776650443], [1450.4057079037157, 1403.9246528669148], [1450.6256280144921, 1402.8318910018788], [1450.8239933624122, 1401.7487575980417], [1451.0011300378012, 1400.675118183511], [1451.1573641309833, 1399.610838286391], [1451.2930217322828, 1398.555783434788], [1451.4084289320244, 1397.509819156808], [1451.5039118205318, 1396.472810980556], [1451.57979648813, 1395.444624434138], [1451.636409025144, 1394.425125045661], [1451.6740755218973, 1393.4141783432292], [1451.693122068715, 1392.4116498549492], [1451.6938747559207, 1391.417405108927], [1451.6766596738391, 1390.4313096332676], [1451.6418029127956, 1389.4532289560773], [1451.5896305631134, 1388.4830286054616], [1451.5204687151177, 1387.520574109527], [1451.4346434591318, 1386.5657309963779], [1451.3324808854813, 1385.6183647941214], [1451.2143070844907, 1384.6783410308628], [1451.0804481464845, 1383.745525234708], [1450.9312301617858, 1382.819782933763], [1450.76697922072, 1381.9009796561327], [1450.5880214136114, 1380.9889809299236], [1450.3946828307849, 1380.0836522832417], [1450.1872895625638, 1379.184859244192], [1449.9661676992741, 1378.2924673408813], [1449.7316433312387, 1377.4063421014146], [1449.4840425487826, 1376.5263490538973], [1449.2236914422303, 1375.652353726436], [1448.9509161019066, 1374.7842216471367], [1448.6660426181354, 1373.9218183441048], [1448.3693970812417, 1373.0650093454458], [1448.0613055815484, 1372.2136601792652], [1447.742094209382, 1371.3676363736702], [1447.4120890550662, 1370.5268034567653], [1447.0716162089243, 1369.6910269566565], [1446.7210017612829, 1368.8601724014502], [1446.3605718024637, 1368.0341053192512], [1445.9906524227933, 1367.2126912381657], [1445.6115697125958, 1366.3957956863007], [1445.2236497621948, 1365.5832841917597], [1444.8272186619156, 1364.7750222826505], [1444.4226025020819, 1363.970875487078], [1444.0101273730183, 1363.1707093331474], [1443.59011936505, 1362.3743893489664], [1443.1629045685002, 1361.5817810626386], [1442.7288090736945, 1360.7927500022709], [1442.2881589709566, 1360.0071616959688], [1441.8412803506108, 1359.2248816718381], [1441.3884993029824, 1358.4457754579853], [1440.9301419183948, 1357.6697085825147], [1440.4665342871733, 1356.8965465735337], [1439.9980024996416, 1356.126154959147], [1439.5248726461245, 1355.3583992674608], [1439.0474708169468, 1354.593145026581], [1438.566123102432, 1353.8302577646125], [1438.0811555929058, 1353.0696030096626], [1437.5928943786912, 1352.3110462898355], [1437.1016655501135, 1351.5544531332384], [1436.6077951974971, 1350.7996890679763], [1436.1116094111662, 1350.0466196221548], [1435.6134342814455, 1349.2951103238804], [1435.1135958986588, 1348.545026701258], [1434.6124203531313, 1347.7962342823942], [1434.1102337351872, 1347.0485985953944], [1433.6073621351504, 1346.3019851683644], [1433.1041316433461, 1345.5562595294105], [1432.6008683500986, 1344.8112872066376], [1432.097898345732, 1344.066933728152], [1431.595547720571, 1343.3230646220593], [1431.0941425649391, 1342.5795454164654], [1430.5940089691626, 1341.8362416394764], [1430.0954730235642, 1341.0930188191974], [1429.5988608184691, 1340.3497424837344], [1429.1044984442015, 1339.6062781611934], [1428.6127119910861, 1338.8624913796803], [1428.1238275494475, 1338.1182476673005], [1427.6381712096097, 1337.37341255216], [1427.1560690618971, 1336.6278515623646], [1426.677847196634, 1335.88143022602], [1426.2038317041454, 1335.1340140712323], [1425.734348674756, 1334.385468626107], [1425.2697241987887, 1333.6356594187494], [1424.810284366569, 1332.884451977266], [1424.3563552684218, 1332.1317118297627], [1423.9082629946704, 1331.3773045043445], [1423.4663336356405, 1330.6210955291183], [1423.0308932816552, 1329.8629504321887], [1422.6022680230396, 1329.1027347416623], [1422.1807839501184, 1328.3403139856446], [1421.7667671532151, 1327.5755536922406], [1421.3605437226558, 1326.808319389558], [1420.962439748763, 1326.038476605701], [1420.572781321862, 1325.2658908687754], [1420.1918945322777, 1324.490427706888], [1419.8201054703336, 1323.7119526481438], [1419.4577402263553, 1322.9303312206491], [1419.105124889885, 1322.145428952776], [1418.7624809775127, 1321.357147097217], [1418.4296359872703, 1320.5655215116897], [1418.1063246325846, 1319.7706197510822], [1417.792281626885, 1318.9725093702834], [1417.4872416835988, 1318.1712579241816], [1417.1909395161551, 1317.3669329676652], [1416.9031098379824, 1316.5596020556227], [1416.6234873625083, 1315.7493327429427], [1416.3518068031613, 1314.9361925845135], [1416.0878028733703, 1314.1202491352242], [1415.8312102865627, 1313.3015699499624], [1415.5817637561672, 1312.480222583617], [1415.3391979956127, 1311.6562745910767], [1415.1032477183267, 1310.8297935272296], [1414.8736476377376, 1310.0008469469642], [1414.6501324672736, 1309.1695024051692], [1414.4324369203634, 1308.3358274567333], [1414.2202957104357, 1307.4998896565446], [1414.013443550918, 1306.6617565594916], [1413.811615155239, 1305.8214957204634], [1413.6145452368269, 1304.9791746943474], [1413.42196850911, 1304.134861036033], [1413.2336196855165, 1303.2886223004084], [1413.0492334794749, 1302.440526042362], [1412.8685446044133, 1301.590639816782], [1412.6912877737605, 1300.7390311785575], [1412.517197700944, 1299.8857676825767], [1412.346009099393, 1299.0309168837284], [1412.1774566825352, 1298.1745463369002], [1412.011275163799, 1297.3167235969815], [1411.8471992566128, 1296.4575162188603], [1411.684963674405, 1295.5969917574257], [1411.5243031306036, 1294.7352177675652], [1411.3649523386375, 1293.8722618041684], [1411.2066460119345, 1293.0081914221228], [1411.0491188639226, 1292.143074176317], [1410.8921056080312, 1291.2769776216405], [1410.7353409576876, 1290.4099693129806], [1410.5785596263208, 1289.5421168052267], [1410.4214963273582, 1288.6734876532664], [1410.263885774229, 1287.8041494119889], [1410.1054626803614, 1286.9341696362828], [1409.9459617591826, 1286.0636158810355], [1409.7851177241225, 1285.1925557011366], [1409.622665288609, 1284.3210566514742], [1409.4583391660697, 1283.4491862869365], [1409.291874069933, 1282.5770121624125], [1409.123004713628, 1281.7046018327906], [1408.951465810582, 1280.8320228529585], [1408.7769920742244, 1279.9593427778063], [1408.5993182179827, 1279.0866291622208], [1408.4181789552856, 1278.2139495610916], [1408.2333089995614, 1277.3413715293066], [1408.0444430642376, 1276.4689626217546], [1407.8513158627436, 1275.5967903933238], [1407.6536621085074, 1274.7249223989031], [1407.4512165149572, 1273.8534261933805], [1407.243713795521, 1272.9823693316448], [1407.0308886636276, 1272.1118193685845], [1406.812475832705, 1271.2418438590882], [1406.588210016182, 1270.3725103580439], [1406.357825927486, 1269.5038864203405], [1406.1210582800463, 1268.6360396008665], [1405.877641787291, 1267.7690374545102], [1405.6273111626474, 1266.9029475361601], [1405.3698011195452, 1266.037837400705], [1405.1048463714114, 1265.1737746030324], [1404.8321816316752, 1264.310826698032], [1404.551541613765, 1263.4490612405918], [1404.2626610311086, 1262.5885457856002], [1403.9652745971348, 1261.7293478879462], [1403.6591170252714, 1260.8715351025176], [1403.3439230289466, 1260.015174984203], [1403.0194273215893, 1259.160335087891], [1402.6853646166278, 1258.3070829684705], [1402.34146962749, 1257.4554861808294], [1401.9874770676038, 1256.6056122798561], [1401.6231216503984, 1255.7575288204398], [1401.2481380893023, 1254.9113033574688], [1400.8622610977422, 1254.0670034458306], [1400.4652253891486, 1253.224696640415], [1400.056765676948, 1252.3844504961098], [1399.6366166745697, 1251.5463325678038], [1399.2045130954416, 1250.7104104103853], [1398.760189652992, 1249.8767515787426], [1398.3033810606494, 1249.0454236277646], [1397.8338220318424, 1248.2164941123397], [1397.3512472799982, 1247.390030587356], [1396.8553915185464, 1246.5661006077023], [1396.3459894609146, 1245.744771728267], [1395.8227758205312, 1244.9261115039387], [1395.2854853108245, 1244.1101874896058], [1394.7338526452231, 1243.2970672401568], [1394.167612537155, 1242.4868183104807], [1393.5864997000485, 1241.6795082554647], [1392.9902488473322, 1240.8752046299987], [1392.378594692434, 1240.0739749889701], [1391.7512719487825, 1239.2758868872681]]}}, {"type": "Feature", "properties": {"label": 18, "method": "skeleton_longest_path"}, "geometry": {"type": "LineString", "coordinates": [[1151.6000000000072, 1282.8000000000036], [1152.200000000007, 1283.6000000000035], [1152.800000000007, 1284.4000000000035], [1153.400000000007, 1285.2000000000035], [1154.0000000000068, 1286.0000000000034], [1154.6000000000067, 1286.8000000000034], [1155.2000000000066, 1287.6000000000033], [1155.8000000000065, 1288.4000000000033], [1156.4000000000065, 1289.2000000000032], [1157.0000000000064, 1290.0000000000032], [1157.6000000000063, 1290.8000000000031], [1158.2000000000062, 1291.600000000003], [1158.800000000006, 1292.400000000003], [1159.400000000006, 1293.200000000003], [1160.000000000006, 1294.000000000003], [1160.6000000000058, 1294.800000000003], [1161.2000000000057, 1295.6000000000029], [1161.8000000000056, 1296.4000000000028], [1162.4000000000055, 1297.2000000000028], [1163.0000000000055, 1298.0000000000027], [1163.6000000000054, 1298.8000000000027], [1164.2000000000053, 1299.6000000000026], [1164.8000000000052, 1300.4000000000026], [1165.400000000005, 1301.2000000000025], [1166.000000000005, 1302.0000000000025], [1166.600000000005, 1302.8000000000025], [1167.2000000000048, 1303.6000000000024], [1167.8000000000047, 1304.4000000000024], [1168.4000000000046, 1305.2000000000023], [1169.0000000000045, 1306.0000000000023], [1169.6000000000045, 1306.8000000000022], [1170.2000000000044, 1307.6000000000022], [1170.8000000000043, 1308.4000000000021], [1171.4000000000042, 1309.200000000002], [1172.000000000004, 1310.000000000002], [1172.600000000004, 1310.800000000002], [1173.200000000004, 1311.600000000002], [1173.8000000000038, 1312.400000000002], [1174.4000000000037, 1313.2000000000019], [1175.0000000000036, 1314.0000000000018], [1175.6000000000035, 1314.8000000000018], [1176.2000000000035, 1315.6000000000017], [1176.8000000000034, 1316.4000000000017], [1177.4000000000033, 1317.2000000000016], [1178.0000000000032, 1318.0000000000016], [1178.600000000003, 1318.8000000000015], [1179.200000000003, 1319.6000000000015], [1179.800000000003, 1320.4000000000015], [1180.4000000000028, 1321.2000000000014], [1181.0000000000027, 1322.0000000000014], [1181.6000000000026, 1322.8000000000013], [1182.2000000000025, 1323.6000000000013], [1182.8000000000025, 1324.4000000000012], [1183.4000000000024, 1325.2000000000012], [1184.0000000000023, 1326.0000000000011], [1184.6000000000022, 1326.800000000001], [1185.200000000002, 1327.600000000001], [1185.800000000002, 1328.400000000001], [1186.400000000002, 1329.200000000001], [1187.0000000000018, 1330.000000000001], [1187.6000000000017, 1330.8000000000009], [1188.2000000000016, 1331.6000000000008], [1188.8000000000015, 1332.4000000000008], [1189.4000000000015, 1333.2000000000007], [1190.0000000000014, 1334.0000000000007], [1190.6000000000013, 1334.8000000000006], [1191.2000000000012, 1335.6000000000006], [1191.800000000001, 1336.4000000000005], [1192.400000000001, 1337.2000000000005], [1193.000000000001, 1338.0000000000005], [1193.6000000000008, 1338.8000000000004], [1194.2000000000007, 1339.6000000000004], [1194.8000000000006, 1340.4000000000003], [1195.4000000000005, 1341.2000000000003], [1196.0000000000005, 1342.0000000000002], [1196.6000000000004, 1342.8000000000002], [1197.2000000000003, 1343.6000000000001], [1197.8000000000002, 1344.4], [1198.4, 1345.2], [1199.0, 1346.0], [1199.0, 1347.0], [1199.0, 1348.0], [1200.0, 1349.0], [1201.0, 1350.0], [1202.0, 1351.0], [1203.0, 1352.0], [1204.0, 1353.0], [1205.0, 1354.0], [1206.0, 1355.0], [1207.0, 1356.0], [1208.0, 1356.0], [1209.0, 1357.0], [1210.0, 1358.0], [1211.0, 1359.0], [1212.0, 1360.0], [1213.0, 1361.0], [1214.0, 1362.0], [1215.0, 1363.0], [1216.0, 1364.0], [1217.0, 1365.0], [1218.0, 1366.0], [1219.0, 1367.0], [1220.0, 1368.0], [1221.0, 1369.0], [1221.0, 1370.0], [1221.0, 1371.0], [1222.0, 1372.0], [1222.0, 1373.0], [1222.0, 1374.0], [1223.0, 1375.0], [1223.0, 1376.0], [1223.0, 1377.0], [1224.0, 1378.0], [1224.0, 1379.0], [1225.0, 1380.0], [1225.0, 1381.0], [1225.0, 1382.0], [1226.0, 1383.0], [1226.0, 1384.0], [1227.0, 1385.0], [1227.0, 1386.0], [1228.0, 1387.0], [1228.0, 1388.0], [1229.0, 1389.0], [1229.0, 1390.0], [1230.0, 1391.0], [1230.0, 1392.0], [1231.0, 1393.0], [1231.0, 1394.0], [1232.0, 1395.0], [1232.0, 1396.0], [1233.0, 1397.0], [1234.0, 1398.0], [1234.0, 1399.0], [1235.0, 1400.0], [1236.0, 1401.0], [1236.0, 1402.0], [1237.0, 1403.0], [1238.0, 1404.0], [1238.0, 1405.0], [1239.0, 1406.0], [1239.0, 1407.0], [1240.0, 1408.0], [1240.0, 1409.0], [1241.0, 1410.0], [1241.0, 1411.0], [1242.0, 1412.0], [1242.0, 1413.0], [1243.0, 1414.0], [1243.0, 1415.0], [1243.0, 1416.0], [1244.0, 1417.0], [1244.0, 1418.0], [1245.0, 1419.0], [1245.0, 1420.0], [1246.0, 1421.0], [1247.0, 1422.0], [1248.0, 1423.0], [1249.0, 1424.0], [1250.0, 1424.0], [1251.0, 1425.0], [1252.0, 1426.0], [1253.0, 1426.0], [1254.0, 1427.0], [1255.0, 1428.0], [1256.0, 1429.0], [1257.0, 1430.0], [1258.0, 1431.0], [1259.0, 1432.0], [1260.0, 1433.0], [1261.0, 1434.0], [1262.0, 1434.0], [1263.0, 1435.0], [1264.0, 1435.0], [1265.0, 1435.0], [1266.0, 1435.0], [1267.0, 1434.0], [1268.0, 1434.0], [1269.0, 1434.0], [1270.0, 1434.0], [1271.0, 1434.0], [1272.0, 1434.0], [1273.0, 1434.0], [1274.0, 1434.0], [1275.0, 1433.0], [1275.9922778767136, 1432.8759652654107], [1276.9845557534272, 1432.7519305308215], [1277.9768336301408, 1432.6278957962322], [1278.9691115068545, 1432.503861061643], [1279.961389383568, 1432.3798263270537], [1280.9536672602817, 1432.2557915924644], [1281.9459451369953, 1432.1317568578752], [1282.938223013709, 1432.007722123286], [1283.9305008904225, 1431.8836873886967], [1284.9227787671362, 1431.7596526541074], [1285.9150566438498, 1431.6356179195182], [1286.9073345205634, 1431.511583184929], [1287.899612397277, 1431.3875484503396], [1288.8918902739906, 1431.2635137157504], [1289.8841681507042, 1431.1394789811611], [1290.8764460274178, 1431.0154442465719], [1291.8687239041315, 1430.8914095119826], [1292.861001780845, 1430.7673747773933], [1293.8532796575587, 1430.643340042804], [1294.8455575342723, 1430.5193053082148], [1295.837835410986, 1430.3952705736256], [1296.8301132876995, 1430.2712358390363], [1297.8223911644131, 1430.147201104447], [1298.8146690411268, 1430.0231663698578], [1299.8069469178404, 1429.8991316352685], [1300.799224794554, 1429.7750969006793], [1301.7915026712676, 1429.65106216609], [1302.7837805479812, 1429.5270274315008], [1303.7760584246948, 1429.4029926969115], [1304.7683363014085, 1429.2789579623222], [1305.760614178122, 1429.154923227733]]}}, {"type": "Feature", "properties": {"label": 18, "method": "geodesic_dt"}, "geometry": {"type": "LineString", "coordinates": [[1281.0, 1469.0], [1280.0, 1468.0], [1280.0, 1467.0], [1279.0, 1466.0], [1279.0, 1465.0], [1279.0, 1464.0], [1279.0, 1463.0], [1278.0, 1462.0], [1278.0, 1461.0], [1278.0, 1460.0], [1277.0, 1459.0], [1277.0, 1458.0], [1277.0, 1457.0], [1276.0, 1456.0], [1276.0, 1455.0], [1276.0, 1454.0], [1275.0, 1453.0], [1275.0, 1452.0], [1274.0, 1451.0], [1274.0, 1450.0], [1274.0, 1449.0], [1273.0, 1448.0], [1273.0, 1447.0], [1272.0, 1446.0], [1272.0, 1445.0], [1271.0, 1444.0], [1270.0, 1443.0], [1269.0, 1442.0], [1268.0, 1441.0], [1267.0, 1440.0], [1266.0, 1439.0], [1265.0, 1438.0], [1264.0, 1437.0], [1263.0, 1436.0], [1262.0, 1435.0], [1261.0, 1434.0], [1260.0, 1433.0], [1259.0, 1432.0], [1258.0, 1431.0], [1257.0, 1430.0], [1256.0, 1429.0], [1255.0, 1428.0], [1254.0, 1427.0], [1253.0, 1426.0], [1252.0, 1425.0], [1251.0, 1424.0], [1250.0, 1423.0], [1249.0, 1422.0], [1248.0, 1421.0], [1247.0, 1420.0], [1246.0, 1419.0], [1245.0, 1418.0], [1244.0, 1417.0], [1243.0, 1417.0], [1242.0, 1416.0], [1241.0, 1415.0], [1240.0, 1414.0], [1239.0, 1413.0], [1238.0, 1412.0], [1237.0, 1411.0], [1236.0, 1410.0], [1235.0, 1409.0], [1234.0, 1408.0], [1233.0, 1407.0], [1232.0, 1406.0], [1231.0, 1405.0], [1230.0, 1404.0], [1229.0, 1403.0], [1228.0, 1402.0], [1227.0, 1401.0], [1227.0, 1400.0], [1226.0, 1399.0], [1225.0, 1398.0], [1224.0, 1397.0], [1224.0, 1396.0], [1223.0, 1395.0], [1222.0, 1394.0], [1222.0, 1393.0], [1221.0, 1392.0], [1220.0, 1391.0], [1220.0, 1390.0], [1219.0, 1389.0], [1218.0, 1388.0], [1217.0, 1387.0], [1217.0, 1386.0], [1216.0, 1385.0], [1215.0, 1384.0], [1215.0, 1383.0], [1214.0, 1382.0], [1213.0, 1381.0], [1213.0, 1380.0], [1212.0, 1379.0], [1211.0, 1378.0], [1211.0, 1377.0], [1211.0, 1376.0], [1211.0, 1375.0], [1210.0, 1374.0], [1210.0, 1373.0], [1210.0, 1372.0], [1209.0, 1371.0], [1209.0, 1370.0], [1209.0, 1369.0], [1208.0, 1368.0], [1208.0, 1367.0], [1208.0, 1366.0], [1207.0, 1365.0], [1207.0, 1364.0], [1207.0, 1363.0], [1207.0, 1362.0], [1207.0, 1361.0], [1207.0, 1360.0], [1207.0, 1359.0], [1207.0, 1358.0], [1207.0, 1357.0], [1207.0, 1356.0], [1207.0, 1355.0], [1206.0, 1354.0], [1206.0, 1353.0], [1206.0, 1352.0], [1206.0, 1351.0], [1206.0, 1350.0], [1206.0, 1349.0], [1206.0, 1348.0], [1205.0, 1347.0], [1204.0, 1346.0], [1203.0, 1345.0], [1202.0, 1344.0], [1201.0, 1343.0], [1200.0, 1342.0], [1199.0, 1341.0], [1198.0, 1340.0], [1197.0, 1339.0], [1196.0, 1338.0], [1195.0, 1337.0], [1194.0, 1336.0], [1193.0, 1335.0], [1192.0, 1334.0], [1191.0, 1333.0], [1190.0, 1332.0], [1189.0, 1331.0], [1188.0, 1330.0], [1187.0, 1329.0], [1186.0, 1328.0], [1185.0, 1327.0], [1184.0, 1326.0], [1183.0, 1325.0], [1182.0, 1324.0], [1182.0, 1323.0], [1181.0, 1322.0], [1180.0, 1321.0], [1179.0, 1320.0], [1178.0, 1319.0], [1177.0, 1318.0], [1176.0, 1317.0], [1175.0, 1316.0], [1175.0, 1315.0], [1174.0, 1314.0], [1173.0, 1313.0], [1172.0, 1312.0], [1171.0, 1311.0], [1170.0, 1310.0], [1169.0, 1309.0], [1169.0, 1308.0], [1168.0, 1307.0], [1168.0, 1306.0], [1167.0, 1305.0], [1167.0, 1304.0], [1167.0, 1303.0], [1166.0, 1302.0], [1166.0, 1301.0], [1165.0, 1300.0], [1165.0, 1299.0], [1165.0, 1298.0], [1164.0, 1297.0], [1164.0, 1296.0], [1163.0, 1295.0], [1163.0, 1294.0], [1163.0, 1293.0], [1162.0, 1292.0], [1162.0, 1291.0], [1162.0, 1290.0], [1161.0, 1289.0], [1161.0, 1288.0], [1161.0, 1287.0], [1160.0, 1286.0], [1160.0, 1285.0], [1160.0, 1284.0], [1160.0, 1283.0], [1159.0, 1282.0], [1159.0, 1281.0], [1158.0, 1280.0]]}}, {"type": "Feature", "properties": {"label": 18, "method": "smoothed_spline"}, "geometry": {"type": "LineString", "coordinates": [[1284.8747010454172, 1467.3500292722492], [1284.182882038346, 1466.427017010023], [1283.4882691542307, 1465.5055174276124], [1282.7909373766117, 1464.585493189217], [1282.0909616890285, 1463.6669069590337], [1281.3884170750207, 1462.749721401261], [1280.683378518129, 1461.8338991800977], [1279.9759210018933, 1460.9194029597409], [1279.2661195098526, 1460.0061954043897], [1278.5540490255487, 1459.094239178242], [1277.8397845325194, 1458.183496945496], [1277.123401014306, 1457.2739313703498], [1276.4049734544485, 1456.365505117002], [1275.6845768364865, 1455.45818084965], [1274.9622861439602, 1454.551921232493], [1274.2381763604094, 1453.6466889297283], [1273.5123224693737, 1452.742446605554], [1272.7847994543938, 1451.8391569241694], [1272.055682299009, 1450.936782549772], [1271.3250459867602, 1450.0352861465599], [1270.5929655011867, 1449.1346303787316], [1269.8595158258283, 1448.2347779104848], [1269.1247719442251, 1447.335691406018], [1268.3888088399178, 1446.4373335295297], [1267.651701496446, 1445.539666945218], [1266.9135248973487, 1444.6426543172806], [1266.174354026167, 1443.746258309916], [1265.4342638664402, 1442.850441587322], [1264.6933294017092, 1441.9551668136978], [1263.9516256155134, 1441.060396653241], [1263.2092274913923, 1440.1660937701495], [1262.466210012886, 1439.2722208286214], [1261.7226481635348, 1438.3787404928553], [1260.9786169268796, 1437.4856154270497], [1260.2341912864586, 1436.5928082954024], [1259.489446225813, 1435.7002817621117], [1258.7444567284822, 1434.8079984913754], [1257.999297778006, 1433.9159211473918], [1257.254044357925, 1433.0240123943597], [1256.5087714517792, 1432.1322348964773], [1255.763554043108, 1431.2405513179417], [1255.0184671154511, 1430.3489243229517], [1254.2735856523498, 1429.4573165757063], [1253.528984637343, 1428.5656907404023], [1252.7847390539712, 1427.674009481239], [1252.0409238857742, 1426.7822354624143], [1251.297614116291, 1425.8903313481253], [1250.554884729063, 1424.9982598025715], [1249.8128107076298, 1424.1059834899515], [1249.071467035531, 1423.213465074462], [1248.3309286963072, 1422.3206672203028], [1247.5912706734973, 1421.4275525916698], [1246.8525679506422, 1420.5340838527636], [1246.1148955112822, 1419.6402236677814], [1245.378328338956, 1418.7459347009208], [1244.6429414172044, 1417.8511796163807], [1243.9088097295676, 1416.9559210783596], [1243.1760082595847, 1416.060121751055], [1242.4446119907961, 1415.1637442986653], [1241.714695906742, 1414.2667513853892], [1240.9863349909624, 1413.369105675424], [1240.259604226997, 1412.4707698329685], [1239.534578598386, 1411.5717065222207], [1238.8113330886688, 1410.6718784073785], [1238.089942681386, 1409.7712481526407], [1237.3704823600776, 1408.8697784222056], [1236.6530271082831, 1407.9674318802704], [1235.937651909543, 1407.0641711910341], [1235.2244317473967, 1406.1599590186947], [1234.5134416053845, 1405.2547580274506], [1233.8047564670464, 1404.3485308814995], [1233.0984513159226, 1403.4412402450403], [1232.3946011355524, 1402.5328487822703], [1231.6932809094765, 1401.6233191573883], [1230.9945656212342, 1400.7126140345924], [1230.298530254366, 1399.8006960780808], [1229.6052497924113, 1398.8875279520514], [1228.9147992189112, 1397.9730723207028], [1228.2272535174043, 1397.0572918482328], [1227.5426876714316, 1396.1401491988404], [1226.8611766645324, 1395.2216070367226], [1226.1827954802468, 1394.3016280260783], [1225.5076191021153, 1393.380174831106], [1224.8357225136774, 1392.4572101160031], [1224.167180698473, 1391.5326965449683], [1223.5020686400421, 1390.6065967821996], [1222.8404613219254, 1389.6788734918955], [1222.1824337276616, 1388.7494893382534], [1221.5280608407918, 1387.8184069854726], [1220.877417644855, 1386.8855890977507], [1220.2305791233925, 1385.950998339286], [1219.587620259943, 1385.0145973742765], [1218.9486160380468, 1384.07634886692], [1218.3136414412443, 1383.1362154814158], [1217.6827714530752, 1382.1941598819615], [1217.0560810570794, 1381.2501447327552], [1216.4336452367968, 1380.304132697995], [1215.8155389757676, 1379.3560864418796], [1215.2018372575317, 1378.4059686286068], [1214.592615065629, 1377.453741922375], [1213.9879473835997, 1376.4993689873822], [1213.3879091949832, 1375.5428124878265], [1212.79257548332, 1374.5840350879062], [1212.2020013202145, 1373.6230086734258], [1211.6160732891153, 1372.6597831603433], [1211.0345932213088, 1371.6944477149973], [1210.457362305227, 1370.7270918014453], [1209.8841817293019, 1369.7578048837452], [1209.3148526819652, 1368.7866764259531], [1208.7491763516496, 1367.8137958921275], [1208.1869539267857, 1366.8392527463247], [1207.627986595807, 1365.8631364526036], [1207.0720755471439, 1364.88553647502], [1206.5190219692292, 1363.9065422776316], [1205.968627050495, 1362.9262433244962], [1205.4206919793728, 1361.9447290796713], [1204.8750179442945, 1360.9620890072133], [1204.3314061336926, 1359.9784125711803], [1203.7896577359984, 1358.9937892356295], [1203.2495739396445, 1358.0083084646185], [1202.7109559330618, 1357.022059722204], [1202.1736049046835, 1356.0351324724438], [1201.6373220429405, 1355.047616179395], [1201.101908536265, 1354.0596003071153], [1200.567165573089, 1353.0711743196616], [1200.0328943418447, 1352.0824276810915], [1199.498896030964, 1351.0934498554625], [1198.9649718288786, 1350.1043303068318], [1198.4309229240203, 1349.1151584992563], [1197.8965505048213, 1348.1260238967943], [1197.3616557597136, 1347.1370159635023], [1196.826039877129, 1346.1482241634378], [1196.289504045499, 1345.1597379606585], [1195.7518494532565, 1344.1716468192215], [1195.2128772888325, 1343.1840402031842], [1194.6723887406597, 1342.1970075766042], [1194.1301849971692, 1341.2106384035378], [1193.586067246794, 1340.225022148044], [1193.039836677965, 1339.2402482741786], [1192.4912944791147, 1338.256406246], [1191.940241838675, 1337.273585527565], [1191.386479945078, 1336.2918755829314], [1190.829809986755, 1335.311365876156], [1190.2700331521382, 1334.3321458712962], [1189.70695062966, 1333.35430503241], [1189.1403636077519, 1332.377932823554], [1188.570073274846, 1331.4031187087858], [1187.9958808193737, 1330.429952152163], [1187.417587429768, 1329.4585226177421], [1186.83499429446, 1328.4889195695819], [1186.2479026018818, 1327.5212324717384], [1185.6561137027936, 1326.5555507197002], [1185.0595212275466, 1325.591924729034], [1184.4582651197677, 1324.630300869849], [1183.8525259771536, 1323.6706083395256], [1183.2424843974006, 1322.7127763354442], [1182.628320978205, 1321.7567340549851], [1182.0102163172628, 1320.8024106955288], [1181.3883510122714, 1319.849735454455], [1180.7629056609264, 1318.8986375291445], [1180.1340608609241, 1317.9490461169771], [1179.5019972099615, 1317.0008904153337], [1178.8668953057343, 1316.0540996215939], [1178.2289357459397, 1315.1086029331393], [1177.5882991282733, 1314.1643295473484], [1176.9451660504321, 1313.2212086616025], [1176.299717110112, 1312.279169473282], [1175.6521329050095, 1311.3381411797666], [1175.0025940328214, 1310.3980529784374], [1174.3512810912441, 1309.4588340666742], [1173.6983746779733, 1308.5204136418567], [1173.044055390706, 1307.5827209013664], [1172.388503827138, 1306.6456850425827], [1171.7319005849665, 1305.7092352628863], [1171.0744262618875, 1304.7733007596576], [1170.4162614555974, 1303.8378107302765], [1169.7575867637925, 1302.9026943721233], [1169.098582784169, 1301.9678808825786], [1168.4394301144239, 1301.0332994590226], [1167.7803093522532, 1300.0988792988355], [1167.1214010953531, 1299.1645495993973], [1166.4628859414204, 1298.2302395580891], [1165.8049444881512, 1297.2958783722906], [1165.1477573332422, 1296.361395239382], [1164.4915050743898, 1295.426719356744], [1163.83636830929, 1294.4917799217567], [1163.1825276356394, 1293.5565061318002], [1162.5301636511347, 1292.6208271842552], [1161.8794569534716, 1291.6846722765017], [1161.2305881403468, 1290.7479706059198], [1160.5837378094573, 1289.8106513698904], [1159.9390865584985, 1288.872643765793], [1159.2968149851677, 1287.933876991009], [1158.6571036871605, 1286.9942802429175], [1158.0201332621737, 1286.0537827188996], [1157.3860843079037, 1285.1123136163349], [1156.755137422047, 1284.1698021326044], [1156.1274732022996, 1283.2261774650879], [1155.5032722463584, 1282.281368811166], [1154.8827151519192, 1281.3353053682188]]}}, {"type": "Feature", "properties": {"label": 19, "method": "skeleton_longest_path"}, "geometry": {"type": "LineString", "coordinates": [[970.895923599144, 1364.8959235991526], [971.6030303803306, 1365.603030380339], [972.3101371615171, 1366.3101371615255], [973.0172439427037, 1367.017243942712], [973.7243507238902, 1367.7243507238984], [974.4314575050768, 1368.4314575050848], [975.1385642862633, 1369.1385642862713], [975.8456710674499, 1369.8456710674577], [976.5527778486364, 1370.5527778486442], [977.259884629823, 1371.2598846298306], [977.9669914110095, 1371.966991411017], [978.6740981921961, 1372.6740981922035], [979.3812049733826, 1373.38120497339], [980.0883117545692, 1374.0883117545764], [980.7954185357557, 1374.7954185357628], [981.5025253169423, 1375.5025253169492], [982.2096320981288, 1376.2096320981357], [982.9167388793154, 1376.916738879322], [983.623845660502, 1377.6238456605086], [984.3309524416885, 1378.330952441695], [985.0380592228751, 1379.0380592228814], [985.7451660040616, 1379.7451660040679], [986.4522727852482, 1380.4522727852543], [987.1593795664347, 1381.1593795664407], [987.8664863476213, 1381.8664863476272], [988.5735931288078, 1382.5735931288136], [989.2806999099944, 1383.28069991], [989.9878066911809, 1383.9878066911865], [990.6949134723675, 1384.694913472373], [991.402020253554, 1385.4020202535594], [992.1091270347406, 1386.1091270347458], [992.8162338159271, 1386.8162338159323], [993.5233405971137, 1387.5233405971187], [994.2304473783003, 1388.2304473783051], [994.9375541594868, 1388.9375541594916], [995.6446609406734, 1389.644660940678], [996.3517677218599, 1390.3517677218645], [997.0588745030465, 1391.058874503051], [997.765981284233, 1391.7659812842373], [998.4730880654196, 1392.4730880654238], [999.1801948466061, 1393.1801948466102], [999.8873016277927, 1393.8873016277967], [1000.5944084089792, 1394.594408408983], [1001.3015151901658, 1395.3015151901695], [1002.0086219713523, 1396.008621971356], [1002.7157287525389, 1396.7157287525424], [1003.4228355337254, 1397.4228355337289], [1004.129942314912, 1398.1299423149153], [1004.8370490960986, 1398.8370490961017], [1005.5441558772851, 1399.5441558772882], [1006.2512626584717, 1400.2512626584746], [1006.9583694396582, 1400.958369439661], [1007.6654762208448, 1401.6654762208475], [1008.3725830020313, 1402.372583002034], [1009.0796897832179, 1403.0796897832204], [1009.7867965644044, 1403.7867965644068], [1010.493903345591, 1404.4939033455933], [1011.2010101267775, 1405.2010101267797], [1011.9081169079641, 1405.9081169079661], [1012.6152236891506, 1406.6152236891526], [1013.3223304703372, 1407.322330470339], [1014.0294372515237, 1408.0294372515255], [1014.7365440327103, 1408.736544032712], [1015.4436508138969, 1409.4436508138983], [1016.1507575950834, 1410.1507575950848], [1016.85786437627, 1410.8578643762712], [1017.5649711574565, 1411.5649711574576], [1018.2720779386431, 1412.272077938644], [1018.9791847198296, 1412.9791847198305], [1019.6862915010162, 1413.686291501017], [1020.3933982822027, 1414.3933982822034], [1021.1005050633893, 1415.1005050633898], [1021.8076118445758, 1415.8076118445763], [1022.5147186257624, 1416.5147186257627], [1023.2218254069489, 1417.2218254069492], [1023.9289321881355, 1417.9289321881356], [1024.636038969322, 1418.636038969322], [1025.3431457505085, 1419.3431457505085], [1026.050252531695, 1420.050252531695], [1026.7573593128814, 1420.7573593128814], [1027.4644660940678, 1421.4644660940678], [1028.1715728752542, 1422.1715728752542], [1028.8786796564407, 1422.8786796564407], [1029.5857864376271, 1423.5857864376271], [1030.2928932188136, 1424.2928932188136], [1031.0, 1425.0], [1032.0, 1426.0], [1033.0, 1427.0], [1034.0, 1428.0], [1035.0, 1429.0], [1036.0, 1430.0], [1037.0, 1431.0], [1038.0, 1432.0], [1039.0, 1433.0], [1040.0, 1434.0], [1041.0, 1435.0], [1042.0, 1436.0], [1043.0, 1437.0], [1044.0, 1438.0], [1045.0, 1439.0], [1046.0, 1440.0], [1047.0, 1441.0], [1048.0, 1442.0], [1049.0, 1443.0], [1050.0, 1444.0], [1051.0, 1445.0], [1052.0, 1446.0], [1053.0, 1447.0], [1054.0, 1448.0], [1055.0, 1449.0], [1056.0, 1450.0], [1057.0, 1451.0], [1058.0, 1452.0], [1059.0, 1453.0], [1060.0, 1454.0], [1061.0, 1455.0], [1062.0, 1455.0], [1063.0, 1455.0], [1064.0, 1455.0], [1065.0, 1455.0], [1066.0, 1455.0], [1067.0, 1455.0], [1068.0, 1455.0], [1069.0, 1455.0], [1070.0, 1455.0], [1071.0, 1455.0], [1072.0, 1455.0], [1073.0, 1455.0], [1074.0, 1455.0], [1075.0, 1455.0], [1076.0, 1455.0], [1077.0, 1455.0], [1078.0, 1455.0], [1079.0, 1455.0], [1080.0, 1455.0], [1081.0, 1455.0], [1082.0, 1455.0], [1031.0, 1425.0], [1030.0, 1425.0], [1029.0, 1425.0], [1028.0, 1425.0], [1027.0, 1425.0], [1026.0, 1425.0], [1025.0, 1425.0], [1024.0, 1425.0], [1023.0, 1425.0], [1022.0, 1425.0], [1021.0, 1425.0], [1020.0, 1425.0], [1019.0, 1425.0], [1018.0, 1425.0], [1017.0, 1424.0], [1016.0, 1424.0], [1015.0, 1424.0], [1014.0, 1424.0], [1013.0, 1424.0], [1012.0, 1424.0], [1011.0, 1424.0], [1010.0, 1424.0], [1009.0, 1424.0], [1008.0, 1424.0], [1007.0, 1424.0], [1006.0, 1424.0], [1005.0, 1424.0], [1004.0, 1424.0], [1003.0, 1424.0], [1002.0, 1424.0], [1001.0, 1424.0], [1000.0, 1424.0], [999.0, 1425.0], [998.0, 1425.0], [997.0, 1426.0], [996.0, 1426.0], [995.0, 1426.0], [994.0, 1427.0], [993.0, 1427.0], [992.0, 1427.0], [991.0, 1428.0], [990.0, 1428.0], [989.0, 1428.0], [988.0, 1429.0], [987.0, 1429.0], [986.0, 1430.0], [985.0, 1431.0], [984.0, 1432.0], [983.0, 1432.0], [982.0, 1433.0], [981.0, 1433.0], [980.0, 1434.0], [979.0, 1435.0], [978.0, 1436.0], [977.0, 1437.0], [976.0, 1437.0], [975.0, 1438.0], [974.0, 1439.0], [973.0, 1440.0], [972.0, 1440.0], [971.0, 1441.0], [970.0, 1442.0], [969.0, 1443.0], [968.0, 1444.0], [967.0, 1444.0], [966.0, 1445.0], [965.0, 1446.0], [965.0, 1447.0], [964.0, 1448.0], [963.0, 1449.0], [962.0, 1449.0], [961.0, 1450.0], [960.0, 1450.0], [959.0, 1450.0], [958.0, 1451.0], [957.0, 1451.0], [956.0, 1451.0], [955.0, 1451.0], [954.0, 1452.0], [953.0, 1452.0], [952.0, 1452.0], [951.0, 1452.0], [950.0, 1453.0], [949.0, 1453.0], [948.0, 1453.0], [947.0, 1454.0], [946.0, 1454.0], [945.0, 1454.0], [944.0, 1455.0], [943.0, 1455.0], [942.0, 1456.0], [941.0, 1457.0], [940.0, 1457.0], [939.0, 1458.0], [938.0, 1459.0], [937.0, 1459.0], [936.0, 1460.0], [935.0, 1460.0], [934.0, 1461.0], [933.0, 1461.0], [932.0, 1462.0], [931.0, 1462.0], [930.0, 1463.0], [929.0, 1463.0], [928.0, 1464.0], [927.0, 1464.0], [926.0, 1465.0], [925.0, 1465.0], [924.0, 1465.0], [923.0, 1465.0], [922.0, 1465.0], [921.0, 1465.0], [920.0, 1465.0], [919.0, 1465.0], [918.0, 1465.0], [917.0, 1465.0], [916.0, 1466.0], [915.0, 1466.0], [914.0, 1465.0], [913.0, 1465.0], [912.0, 1466.0], [911.0, 1466.0], [910.0, 1466.0], [909.0, 1466.0], [908.0, 1466.0], [907.0, 1466.0], [906.0, 1466.0], [905.0, 1466.0], [904.0, 1466.0], [903.0, 1466.0], [902.0, 1466.0], [901.0, 1467.0], [900.0, 1467.0], [899.0, 1467.0], [898.0, 1467.0], [897.0, 1467.0], [896.0, 1467.0], [895.0, 1467.0], [894.0, 1467.0], [893.0, 1467.0], [892.0, 1468.0], [891.0, 1468.0], [890.0, 1468.0], [889.0, 1468.0], [888.0, 1468.0], [887.0, 1468.0], [886.0, 1468.0], [885.0, 1468.0], [884.0, 1469.0], [883.0, 1469.0], [882.0, 1469.0], [881.0, 1469.0], [880.0, 1469.0], [879.0, 1470.0], [878.0, 1470.0], [877.0, 1470.0], [876.0, 1470.0], [875.0, 1470.0], [874.0, 1470.0], [873.0, 1471.0], [872.0, 1471.0], [871.0, 1471.0], [870.0, 1471.0], [869.0, 1471.0], [868.0, 1471.0], [867.0, 1471.0], [866.0, 1471.0], [865.0, 1471.0], [864.0, 1471.0], [863.0, 1471.0], [862.0, 1471.0], [861.0, 1471.0], [860.0, 1471.0], [859.0, 1471.0], [858.0, 1471.0], [857.0, 1471.0], [856.0, 1471.0], [855.0, 1471.0], [854.0, 1471.0], [853.0, 1471.0], [852.0, 1471.0], [851.0, 1471.0], [850.0, 1471.0], [849.0, 1471.0], [848.0, 1471.0], [847.0, 1471.0], [846.0, 1471.0], [845.0, 1470.0], [844.0, 1470.0], [843.0, 1470.0], [842.0, 1470.0], [841.0, 1470.0], [840.0, 1470.0], [839.0, 1470.0], [838.0, 1469.0], [837.0, 1469.0], [836.0, 1469.0], [835.0, 1469.0], [834.0, 1469.0], [833.0, 1469.0], [832.0, 1468.0], [831.0, 1468.0], [830.0, 1467.0], [829.0, 1467.0], [828.0, 1467.0], [827.0, 1467.0], [826.0, 1467.0], [825.0, 1466.0], [824.0, 1466.0], [823.0, 1466.0], [822.0, 1465.0], [821.0, 1465.0], [820.0, 1464.0], [819.0, 1464.0], [818.0, 1463.0], [817.0, 1463.0], [816.0, 1462.0], [815.0, 1462.0], [814.0, 1462.0], [813.0, 1462.0], [812.0, 1462.0], [811.0, 1462.0], [810.0, 1462.0], [809.0, 1462.0], [808.0, 1462.0], [807.0, 1462.0], [806.0, 1462.0], [805.0, 1462.0], [804.0, 1462.0], [803.0, 1462.0], [802.0, 1462.0], [801.0, 1462.0], [800.0, 1462.0], [799.0, 1462.0], [798.0, 1462.0], [797.0, 1462.0], [796.0, 1462.0], [795.0, 1462.0], [794.0, 1462.0], [793.0, 1462.0], [792.0, 1462.0], [791.0, 1462.0], [790.0, 1462.0], [789.0, 1462.0], [788.0, 1462.0], [787.0, 1462.0], [786.0, 1462.0], [785.0, 1462.0], [784.0, 1462.0], [783.0, 1462.0], [782.0, 1462.0], [781.0, 1462.0], [780.0, 1462.0], [779.0, 1462.0], [778.0, 1462.0], [777.0, 1462.0], [776.0, 1462.0], [775.0, 1462.0], [774.0, 1462.0], [773.0, 1462.0], [772.0, 1462.0], [771.0, 1462.0], [770.0, 1462.0], [769.0, 1462.0], [768.0, 1462.0], [767.0, 1462.0], [766.0, 1462.0], [765.0, 1462.0], [764.0, 1462.0], [763.0, 1461.0], [762.0, 1461.0], [761.0, 1461.0], [760.0, 1461.0], [759.0, 1461.0], [759.0, 1461.0], [758.0, 1460.0], [757.0, 1459.0], [756.0, 1459.0], [755.0, 1458.0], [754.0, 1458.0], [753.0, 1457.0], [752.0, 1457.0], [751.0, 1457.0], [750.0, 1456.0], [749.0, 1456.0], [748.0, 1456.0], [747.0, 1455.0], [746.0, 1455.0], [745.0, 1455.0], [744.0, 1454.0], [743.0, 1454.0], [742.0, 1453.0], [741.0, 1452.0], [740.0, 1451.0], [739.0, 1451.0], [738.0, 1450.0], [737.0, 1450.0], [736.0, 1449.0], [735.0, 1449.0], [734.0, 1448.0], [733.0, 1447.0], [732.0, 1447.0], [731.0, 1446.0], [730.0, 1446.0], [729.0, 1446.0], [728.0, 1445.0], [727.0, 1445.0], [726.0, 1444.0], [725.0, 1444.0], [724.0, 1443.0], [723.0, 1443.0], [722.0, 1443.0], [721.0, 1442.0], [720.0, 1442.0], [719.0, 1442.0], [718.0, 1442.0], [717.0, 1442.0], [716.0, 1441.0], [715.0, 1441.0], [714.0, 1441.0], [713.0, 1440.0], [712.0, 1440.0], [711.0, 1440.0], [710.0, 1440.0], [709.0, 1440.0], [708.0, 1440.0], [707.0, 1439.0], [706.0, 1439.0], [705.0, 1439.0], [704.0, 1438.0], [703.0298574998546, 1437.7574643749638], [702.0597149997093, 1437.5149287499275], [701.0895724995639, 1437.2723931248913], [700.1194299994186, 1437.029857499855], [699.1492874992732, 1436.7873218748189], [698.1791449991279, 1436.5447862497826], [697.2090024989825, 1436.3022506247464], [696.2388599988371, 1436.0597149997102], [695.2687174986918, 1435.817179374674], [694.2985749985464, 1435.5746437496377], [693.3284324984011, 1435.3321081246015], [692.3582899982557, 1435.0895724995653], [691.3881474981104, 1434.847036874529], [690.418004997965, 1434.6045012494928], [689.4478624978196, 1434.3619656244566]]}}, {"type": "Feature", "properties": {"label": 19, "method": "geodesic_dt"}, "geometry": {"type": "LineString", "coordinates": [[692.0, 1450.0], [693.0, 1450.0], [694.0, 1450.0], [695.0, 1450.0], [696.0, 1450.0], [697.0, 1450.0], [698.0, 1450.0], [699.0, 1450.0], [700.0, 1450.0], [701.0, 1450.0], [702.0, 1450.0], [703.0, 1450.0], [704.0, 1450.0], [705.0, 1450.0], [706.0, 1450.0], [707.0, 1450.0], [708.0, 1450.0], [709.0, 1450.0], [710.0, 1450.0], [711.0, 1450.0], [712.0, 1450.0], [713.0, 1450.0], [714.0, 1450.0], [715.0, 1450.0], [716.0, 1450.0], [717.0, 1450.0], [718.0, 1450.0], [719.0, 1450.0], [720.0, 1450.0], [721.0, 1450.0], [722.0, 1450.0], [723.0, 1450.0], [724.0, 1450.0], [725.0, 1450.0], [726.0, 1450.0], [727.0, 1450.0], [728.0, 1450.0], [729.0, 1450.0], [730.0, 1451.0], [731.0, 1451.0], [732.0, 1452.0], [733.0, 1452.0], [734.0, 1452.0], [735.0, 1453.0], [736.0, 1453.0], [737.0, 1453.0], [738.0, 1453.0], [739.0, 1454.0], [740.0, 1454.0], [741.0, 1454.0], [742.0, 1454.0], [743.0, 1455.0], [744.0, 1455.0], [745.0, 1455.0], [746.0, 1456.0], [747.0, 1456.0], [748.0, 1456.0], [749.0, 1457.0], [750.0, 1457.0], [751.0, 1458.0], [752.0, 1458.0], [753.0, 1459.0], [754.0, 1459.0], [755.0, 1459.0], [756.0, 1459.0], [757.0, 1459.0], [758.0, 1460.0], [759.0, 1460.0], [760.0, 1460.0], [761.0, 1460.0], [762.0, 1460.0], [763.0, 1461.0], [764.0, 1461.0], [765.0, 1461.0], [766.0, 1461.0], [767.0, 1461.0], [768.0, 1461.0], [769.0, 1461.0], [770.0, 1461.0], [771.0, 1461.0], [772.0, 1461.0], [773.0, 1461.0], [774.0, 1461.0], [775.0, 1461.0], [776.0, 1461.0], [777.0, 1461.0], [778.0, 1461.0], [779.0, 1461.0], [780.0, 1461.0], [781.0, 1461.0], [782.0, 1461.0], [783.0, 1461.0], [784.0, 1461.0], [785.0, 1461.0], [786.0, 1461.0], [787.0, 1461.0], [788.0, 1462.0], [789.0, 1462.0], [790.0, 1462.0], [791.0, 1462.0], [792.0, 1462.0], [793.0, 1462.0], [794.0, 1462.0], [795.0, 1463.0], [796.0, 1463.0], [797.0, 1463.0], [798.0, 1463.0], [799.0, 1463.0], [800.0, 1463.0], [801.0, 1463.0], [802.0, 1463.0], [803.0, 1464.0], [804.0, 1464.0], [805.0, 1464.0], [806.0, 1464.0], [807.0, 1464.0], [808.0, 1464.0], [809.0, 1465.0], [810.0, 1465.0], [811.0, 1466.0], [812.0, 1466.0], [813.0, 1466.0], [814.0, 1467.0], [815.0, 1467.0], [816.0, 1468.0], [817.0, 1468.0], [818.0, 1469.0], [819.0, 1469.0], [820.0, 1469.0], [821.0, 1470.0], [822.0, 1470.0], [823.0, 1470.0], [824.0, 1470.0], [825.0, 1470.0], [826.0, 1470.0], [827.0, 1470.0], [828.0, 1470.0], [829.0, 1470.0], [830.0, 1470.0], [831.0, 1470.0], [832.0, 1470.0], [833.0, 1470.0], [834.0, 1470.0], [835.0, 1470.0], [836.0, 1470.0], [837.0, 1470.0], [838.0, 1470.0], [839.0, 1470.0], [840.0, 1470.0], [841.0, 1470.0], [842.0, 1470.0], [843.0, 1470.0], [844.0, 1470.0], [845.0, 1470.0], [846.0, 1470.0], [847.0, 1470.0], [848.0, 1470.0], [849.0, 1470.0], [850.0, 1470.0], [851.0, 1470.0], [852.0, 1470.0], [853.0, 1470.0], [854.0, 1470.0], [855.0, 1470.0], [856.0, 1470.0], [857.0, 1470.0], [858.0, 1470.0], [859.0, 1469.0], [860.0, 1469.0], [861.0, 1469.0], [862.0, 1469.0], [863.0, 1469.0], [864.0, 1469.0], [865.0, 1469.0], [866.0, 1469.0], [867.0, 1468.0], [868.0, 1468.0], [869.0, 1468.0], [870.0, 1468.0], [871.0, 1467.0], [872.0, 1467.0], [873.0, 1467.0], [874.0, 1467.0], [875.0, 1466.0], [876.0, 1466.0], [877.0, 1466.0], [878.0, 1466.0], [879.0, 1466.0], [880.0, 1466.0], [881.0, 1466.0], [882.0, 1466.0], [883.0, 1466.0], [884.0, 1466.0], [885.0, 1466.0], [886.0, 1465.0], [887.0, 1465.0], [888.0, 1465.0], [889.0, 1465.0], [890.0, 1465.0], [891.0, 1465.0], [892.0, 1465.0], [893.0, 1465.0], [894.0, 1465.0], [895.0, 1465.0], [896.0, 1465.0], [897.0, 1465.0], [898.0, 1465.0], [899.0, 1465.0], [900.0, 1465.0], [901.0, 1465.0], [902.0, 1464.0], [903.0, 1464.0], [904.0, 1464.0], [905.0, 1464.0], [906.0, 1464.0], [907.0, 1464.0], [908.0, 1464.0], [909.0, 1463.0], [910.0, 1463.0], [911.0, 1463.0], [912.0, 1463.0], [913.0, 1462.0], [914.0, 1462.0], [915.0, 1462.0], [916.0, 1461.0], [917.0, 1461.0], [918.0, 1460.0], [919.0, 1460.0], [920.0, 1459.0], [921.0, 1459.0], [922.0, 1459.0], [923.0, 1458.0], [924.0, 1458.0], [925.0, 1457.0], [926.0, 1457.0], [927.0, 1456.0], [928.0, 1456.0], [929.0, 1456.0], [930.0, 1455.0], [931.0, 1455.0], [932.0, 1454.0], [933.0, 1454.0], [934.0, 1454.0], [935.0, 1453.0], [936.0, 1453.0], [937.0, 1452.0], [938.0, 1452.0], [939.0, 1452.0], [940.0, 1452.0], [941.0, 1451.0], [942.0, 1451.0], [943.0, 1450.0], [944.0, 1450.0], [945.0, 1450.0], [946.0, 1449.0], [947.0, 1449.0], [948.0, 1449.0], [949.0, 1449.0], [950.0, 1448.0], [951.0, 1448.0], [952.0, 1448.0], [953.0, 1448.0], [954.0, 1447.0], [955.0, 1447.0], [956.0, 1447.0], [957.0, 1447.0], [958.0, 1447.0], [959.0, 1446.0], [960.0, 1446.0], [961.0, 1446.0], [962.0, 1446.0], [963.0, 1446.0], [964.0, 1445.0], [965.0, 1445.0], [966.0, 1445.0], [967.0, 1445.0], [968.0, 1445.0], [969.0, 1445.0], [970.0, 1445.0], [971.0, 1444.0], [972.0, 1444.0], [973.0, 1444.0], [974.0, 1444.0], [975.0, 1444.0], [976.0, 1443.0], [977.0, 1443.0], [978.0, 1443.0], [979.0, 1443.0], [980.0, 1442.0], [981.0, 1442.0], [982.0, 1442.0], [983.0, 1442.0], [984.0, 1441.0], [985.0, 1441.0], [986.0, 1441.0], [987.0, 1441.0], [988.0, 1441.0], [989.0, 1440.0], [990.0, 1440.0], [991.0, 1440.0], [992.0, 1439.0], [993.0, 1439.0], [994.0, 1438.0], [995.0, 1438.0], [996.0, 1438.0], [997.0, 1437.0], [998.0, 1437.0], [999.0, 1436.0], [1000.0, 1435.0], [1001.0, 1434.0], [1002.0, 1434.0], [1003.0, 1433.0], [1004.0, 1432.0], [1005.0, 1431.0], [1006.0, 1430.0], [1007.0, 1429.0], [1008.0, 1428.0], [1009.0, 1427.0], [1010.0, 1426.0], [1011.0, 1425.0], [1012.0, 1424.0], [1013.0, 1423.0], [1014.0, 1422.0], [1015.0, 1421.0], [1016.0, 1421.0], [1017.0, 1420.0], [1018.0, 1419.0], [1019.0, 1418.0], [1020.0, 1417.0], [1021.0, 1416.0], [1022.0, 1415.0], [1023.0, 1414.0], [1024.0, 1414.0], [1025.0, 1413.0], [1026.0, 1412.0], [1027.0, 1412.0], [1028.0, 1412.0], [1029.0, 1412.0], [1030.0, 1411.0], [1031.0, 1411.0], [1032.0, 1411.0], [1033.0, 1411.0], [1034.0, 1411.0], [1035.0, 1411.0], [1036.0, 1411.0], [1037.0, 1411.0], [1038.0, 1411.0], [1039.0, 1411.0], [1040.0, 1411.0], [1041.0, 1411.0], [1042.0, 1411.0], [1043.0, 1411.0], [1044.0, 1411.0], [1045.0, 1411.0], [1046.0, 1411.0], [1047.0, 1411.0], [1048.0, 1411.0], [1049.0, 1411.0], [1050.0, 1411.0], [1051.0, 1411.0], [1052.0, 1411.0], [1053.0, 1411.0], [1054.0, 1411.0], [1055.0, 1411.0], [1056.0, 1411.0], [1057.0, 1411.0], [1058.0, 1411.0], [1059.0, 1411.0], [1060.0, 1411.0], [1061.0, 1411.0], [1062.0, 1411.0], [1063.0, 1411.0], [1064.0, 1411.0], [1065.0, 1411.0], [1066.0, 1411.0], [1067.0, 1411.0], [1068.0, 1411.0], [1069.0, 1411.0], [1070.0, 1411.0], [1071.0, 1410.0], [1072.0, 1410.0], [1073.0, 1410.0], [1074.0, 1410.0], [1075.0, 1410.0], [1076.0, 1409.0], [1077.0, 1409.0], [1078.0, 1408.0], [1079.0, 1408.0], [1080.0, 1408.0], [1081.0, 1407.0], [1082.0, 1407.0], [1083.0, 1407.0], [1084.0, 1406.0], [1085.0, 1406.0], [1086.0, 1406.0], [1087.0, 1406.0], [1088.0, 1405.0], [1089.0, 1405.0], [1090.0, 1404.0]]}}, {"type": "Feature", "properties": {"label": 19, "method": "smoothed_spline"}, "geometry": {"type": "LineString", "coordinates": [[693.2811883565239, 1444.7819053508103], [695.2664115488353, 1445.2968714643657], [697.2553884208736, 1445.809681676902], [699.2480450332956, 1446.320199101224], [701.2443074467602, 1446.8282868501374], [703.2441017219237, 1447.333808036446], [705.2473539194449, 1447.8366257729563], [707.2539900999809, 1448.3366031724725], [709.2639363241896, 1448.8336033478001], [711.2771186527282, 1449.327489411744], [713.293463146255, 1449.8181244771088], [715.3128958654273, 1450.3053716567003], [717.335342870903, 1450.7890940633235], [719.3607302233397, 1451.2691548097832], [721.3889839833952, 1451.7454170088845], [723.4200302117266, 1452.2177437734324], [725.4537949689922, 1452.6859982162318], [727.4902043158494, 1453.150043450089], [729.5291843129561, 1453.6097425878074], [731.57066102097, 1454.0649587421935], [733.6145605005484, 1454.515555026051], [735.6608088123488, 1454.9613945521855], [737.7093320170297, 1455.4023404334027], [739.7600561752482, 1455.8382557825078], [741.8129073476623, 1456.2690037123048], [743.8678115949291, 1456.6944473355989], [745.924694977707, 1457.1144497651956], [747.9834835566531, 1457.5288741139], [750.0441033924255, 1457.9375834945174], [752.1064805456817, 1458.3404410198525], [754.1705410770792, 1458.7373098027103], [756.2362110472757, 1459.1280529558958], [758.3034165169292, 1459.5125335922144], [760.3720835466974, 1459.8906148244712], [762.4421381972372, 1460.2621597654713], [764.5135065292073, 1460.6270315280192], [766.5861146032647, 1460.9850932249205], [768.6598884800671, 1461.3362079689796], [770.7347542202726, 1461.680238873003], [772.8106378845384, 1462.0170490497944], [774.8874655335231, 1462.34650161216], [776.965163227883, 1462.6684596729035], [779.0436570282765, 1462.9827863448306], [781.1228729953616, 1463.2893447407473], [783.2027371897952, 1463.5879979734573], [785.283175672236, 1463.8786091557668], [787.3641145033403, 1464.1610414004795], [789.445479743767, 1464.4351578204016], [791.5271974541732, 1464.7008215283379], [793.6091936952166, 1464.9578956370933], [795.6913945275552, 1465.206243259473], [797.7737260118462, 1465.4457275082825], [799.8561142087475, 1465.676211496326], [801.938485178917, 1465.8975583364092], [804.0207649830119, 1466.1096311413366], [806.1028796816904, 1466.3122930239144], [808.1847553356097, 1466.5054070969466], [810.2663180054277, 1466.6888364732386], [812.3474937518021, 1466.862444265595], [814.4282086353905, 1467.0260935868218], [816.5083887168511, 1467.1796475497242], [818.5879600568403, 1467.3229692671057], [820.6668487160171, 1467.455921851773], [822.7449807550385, 1467.5783684165306], [824.8222822345622, 1467.6901720741828], [826.8986792152464, 1467.7911959375363], [828.9740977577479, 1467.8813031193947], [831.0484639227251, 1467.9603567325637], [833.1217037708353, 1468.0282198898487], [835.193743362736, 1468.0847557040536], [837.2645087590857, 1468.1298272879853], [839.3339260205413, 1468.1632977544473], [841.4019212077609, 1468.1850302162452], [843.4684203814018, 1468.1948877861842], [845.5333496021217, 1468.192733577069], [847.5966349305791, 1468.1784307017056], [849.6582024274304, 1468.1518422728975], [851.7179781533341, 1468.1128314034513], [853.7758881689476, 1468.0612612061711], [855.8318585349288, 1467.9969947938625], [857.8858153119351, 1467.9198952793306], [859.9376845606242, 1467.8298257753802], [861.9873923416541, 1467.726649394816], [864.0348647156823, 1467.610229250444], [866.080027743366, 1467.4804284550687], [868.1228074853638, 1467.3371101214952], [870.1631300023323, 1467.1801373625285], [872.2009213549303, 1467.009373290974], [874.2361076038146, 1466.8246810196365], [876.2686148096432, 1466.6259236613207], [878.2983690330742, 1466.4129643288334], [880.3252963347644, 1466.1856661349773], [882.349322775372, 1465.943892192559], [884.3703744155548, 1465.687505614383], [886.38837731597, 1465.4163695132543], [888.4032575372757, 1465.130347001979], [890.4149411401295, 1464.829301193361], [892.4233698950846, 1464.5131485713584], [894.4285651241992, 1464.1820758798722], [896.43057327034, 1463.8363552056064], [898.4294407860178, 1463.4762586680272], [900.4252141237431, 1463.1020583866], [902.4179397360258, 1462.7140264807895], [904.4076640753764, 1462.3124350700616], [906.3944335943055, 1461.8975562738817], [908.3782947453232, 1461.469662211715], [910.3592939809402, 1461.0290250030273], [912.3374777536666, 1460.5759167672843], [914.3128925160128, 1460.1106096239505], [916.2855847204892, 1459.6333756924919], [918.2556008196062, 1459.1444870923738], [920.2229872658742, 1458.6442159430617], [922.1877905118035, 1458.132834364021], [924.1500570099047, 1457.6106144747173], [926.1098332126878, 1457.0778283946156], [928.0671655726634, 1456.5347482431819], [930.022100542342, 1455.9816461398814], [931.9746845742335, 1455.4187942041794], [933.9249641208486, 1454.8464645555412], [935.8729856346979, 1454.2649293134323], [937.8187955682914, 1453.674460597319], [939.7624403741394, 1453.075330526665], [941.7039665047528, 1452.4678112209376], [943.6434204126415, 1451.852174799601], [945.580848550316, 1451.228693382121], [947.5162973702866, 1450.597639087963], [949.4498133250639, 1449.9592840365926], [951.3814428671581, 1449.313900347475], [953.3112324490795, 1448.661760140076], [955.2392285233387, 1448.0031355338601], [957.1654775424458, 1447.3382986482939], [959.0900259589116, 1446.667521602842], [961.0129202252458, 1445.9910765169705], [962.9342067939594, 1445.3092355101442], [964.8539321175627, 1444.6222707018292], [966.7721426485656, 1443.93045421149], [968.6888848394789, 1443.2340581585925], [970.6042051428127, 1442.5333546626027], [972.518150011078, 1441.8286158429853], [974.4307658967844, 1441.120113819206], [976.3420992524423, 1440.4081207107301], [978.2521965305629, 1439.6929086370235], [980.1611041836558, 1438.974749717551], [982.0688686642311, 1438.2539160717781], [983.9755364248001, 1437.5306798191705], [985.8811539178728, 1436.8053130791934], [987.7857675959596, 1436.078087971313], [989.6894239115704, 1435.3492766149934], [991.5921693172163, 1434.619151129701], [993.494050265407, 1433.887983634901], [995.3951132086536, 1433.1560462500593], [997.2954045994655, 1432.42361109464], [999.1949708903542, 1431.69095028811], [1001.0938585338292, 1430.9583359499338], [1002.9921139824014, 1430.226040199577], [1004.8897836885807, 1429.4943351565053], [1006.786914104878, 1428.7634929401838], [1008.6835516838032, 1428.0337856700785], [1010.5797428778669, 1427.3054854656543], [1012.4755341395796, 1426.5788644463769], [1014.3709719214517, 1425.8541947317115], [1016.2661026759929, 1425.1317484411231], [1018.1609728557144, 1424.4117976940788], [1020.0556289131259, 1423.694614610042], [1021.9501173007386, 1422.9804713084795], [1023.8444844710623, 1422.2696399088563], [1025.738776876607, 1421.5623925306375], [1027.633040969884, 1420.859001293289], [1029.5273232034028, 1420.159738316276], [1031.4216700296745, 1419.464875719064], [1033.3161279012093, 1418.7746856211184], [1035.2107432705168, 1418.0894401419046], [1037.1055625901085, 1417.4094114008885], [1039.0006323124942, 1416.7348715175349], [1040.8959988901843, 1416.0660926113094], [1042.7917087756891, 1415.4033468016773], [1044.6878084215193, 1414.7469062081045], [1046.5843442801852, 1414.0970429500562], [1048.4813628041966, 1413.4540291469975], [1050.3789104460645, 1412.8181369183944], [1052.277033658299, 1412.1896383837116], [1054.1757788934106, 1411.5688056624153], [1056.0751926039095, 1410.9559108739704], [1057.975321242306, 1410.3512261378428], [1059.8762112611114, 1409.7550235734975], [1061.7779091128348, 1409.1675753004001], [1063.6804612499873, 1408.5891534380162], [1065.583914125079, 1408.020030105811], [1067.4883141906203, 1407.4604774232498], [1069.3937078991216, 1406.9107675097982], [1071.3001417030932, 1406.3711724849218], [1073.207662055046, 1405.8419644680862], [1075.1163154074898, 1405.3234155787563], [1077.026148212935, 1404.8157979363975], [1078.937206923892, 1404.3193836604758], [1080.8495379928713, 1403.8344448704559], [1082.7631878723835, 1403.3612536858038], [1084.6782030149382, 1402.9000822259848], [1086.5946298730466, 1402.4512026104646], [1088.5125148992188, 1402.0148869587078]]}}, {"type": "Feature", "properties": {"label": 20, "method": "skeleton_longest_path"}, "geometry": {"type": "LineString", "coordinates": [[1142.3334935873381, 1532.3320513013146], [1142.2094588527489, 1533.3243291780282], [1142.0854241181596, 1534.3166070547418], [1141.9613893835703, 1535.3088849314554], [1141.837354648981, 1536.301162808169], [1141.7133199143918, 1537.2934406848826], [1141.5892851798026, 1538.2857185615962], [1141.4652504452133, 1539.2779964383099], [1141.341215710624, 1540.2702743150235], [1141.2171809760348, 1541.262552191737], [1141.0931462414455, 1542.2548300684507], [1140.9691115068563, 1543.2471079451643], [1140.845076772267, 1544.239385821878], [1140.7210420376778, 1545.2316636985915], [1140.5970073030885, 1546.2239415753052], [1140.4729725684992, 1547.2162194520188], [1140.34893783391, 1548.2084973287324], [1140.2249030993207, 1549.200775205446], [1140.1008683647315, 1550.1930530821596], [1139.9768336301422, 1551.1853309588732], [1139.852798895553, 1552.1776088355869], [1139.7287641609637, 1553.1698867123005], [1139.6047294263744, 1554.162164589014], [1139.4806946917852, 1555.1544424657277], [1139.356659957196, 1556.1467203424413], [1139.2326252226067, 1557.138998219155], [1139.1085904880174, 1558.1312760958685], [1138.9845557534281, 1559.1235539725822], [1138.8605210188389, 1560.1158318492958], [1138.7364862842496, 1561.1081097260094], [1138.6124515496604, 1562.100387602723], [1138.488416815071, 1563.0926654794366], [1138.3643820804818, 1564.0849433561502], [1138.2403473458926, 1565.0772212328638], [1138.1163126113033, 1566.0694991095775], [1137.992277876714, 1567.061776986291], [1137.8682431421248, 1568.0540548630047], [1137.7442084075356, 1569.0463327397183], [1137.6201736729463, 1570.038610616432], [1137.496138938357, 1571.0308884931455], [1137.3721042037678, 1572.0231663698592], [1137.2480694691785, 1573.0154442465728], [1137.1240347345893, 1574.0077221232864], [1137.0, 1575.0], [1136.0, 1576.0], [1136.0, 1577.0], [1136.0, 1578.0], [1136.0, 1579.0], [1136.0, 1580.0], [1136.0, 1581.0], [1136.0, 1582.0], [1136.0, 1583.0], [1135.0, 1584.0], [1135.0, 1585.0], [1135.0, 1586.0], [1135.0, 1587.0], [1134.0, 1588.0], [1134.0, 1589.0], [1134.0, 1590.0], [1134.0, 1591.0], [1134.0, 1592.0], [1134.0, 1593.0], [1134.0, 1594.0], [1134.0, 1595.0], [1134.0, 1596.0], [1134.0, 1597.0], [1134.0, 1598.0], [1134.0, 1599.0], [1134.0, 1600.0], [1134.0, 1601.0], [1134.0, 1602.0], [1134.0, 1603.0], [1134.0, 1604.0], [1133.0, 1605.0], [1133.0, 1606.0], [1133.0, 1607.0], [1133.0, 1608.0], [1133.0, 1609.0], [1133.0, 1610.0], [1133.0, 1611.0], [1132.0, 1612.0], [1132.0, 1613.0], [1132.0, 1614.0], [1132.0, 1615.0], [1132.0, 1616.0], [1132.0, 1617.0], [1133.0, 1618.0], [1133.0, 1619.0], [1133.0, 1620.0], [1134.0, 1621.0], [1134.0, 1622.0], [1134.0, 1623.0], [1134.0, 1624.0], [1135.0, 1625.0], [1135.0, 1626.0], [1135.0, 1627.0], [1135.0, 1628.0], [1135.0, 1629.0], [1136.0, 1630.0], [1136.0, 1631.0], [1136.0, 1632.0], [1137.0, 1633.0], [1137.0, 1634.0], [1137.0, 1635.0], [1138.0, 1636.0], [1138.0, 1637.0], [1139.0, 1638.0], [1139.0, 1639.0], [1140.0, 1640.0], [1141.0, 1641.0], [1141.0, 1642.0], [1142.0, 1643.0], [1142.0, 1644.0], [1143.0, 1645.0], [1144.0, 1646.0], [1144.0, 1647.0], [1144.0, 1647.0], [1145.0, 1647.0], [1146.0, 1647.0], [1147.0, 1648.0], [1148.0, 1648.0], [1149.0, 1649.0], [1150.0, 1650.0], [1151.0, 1650.0], [1152.0, 1651.0], [1153.0, 1651.0], [1154.0, 1652.0], [1155.0, 1652.0], [1156.0, 1653.0], [1157.0, 1653.0], [1158.0, 1654.0], [1159.0, 1654.0], [1160.0, 1654.0], [1161.0, 1655.0], [1162.0, 1655.0], [1163.0, 1655.0], [1164.0, 1656.0], [1165.0, 1656.0], [1166.0, 1656.0], [1167.0, 1657.0], [1168.0, 1657.0], [1169.0, 1657.0], [1170.0, 1658.0], [1171.0, 1658.0], [1172.0, 1658.0], [1173.0, 1659.0], [1174.0, 1659.0], [1175.0, 1659.0], [1176.0, 1660.0], [1177.0, 1660.0], [1178.0, 1660.0], [1179.0, 1660.0], [1180.0, 1661.0], [1181.0, 1661.0], [1182.0, 1661.0], [1183.0, 1662.0], [1184.0, 1662.0], [1185.0, 1663.0], [1186.0, 1663.0], [1187.0, 1663.0], [1188.0, 1663.0], [1189.0, 1664.0], [1190.0, 1664.0], [1191.0, 1664.0], [1192.0, 1664.0], [1193.0, 1664.0], [1194.0, 1665.0], [1195.0, 1665.0], [1196.0, 1665.0], [1197.0, 1665.0], [1198.0, 1665.0], [1199.0, 1665.0], [1200.0, 1665.0], [1201.0, 1665.0], [1202.0, 1665.0], [1203.0, 1665.0], [1204.0, 1666.0], [1205.0, 1666.0], [1206.0, 1666.0], [1207.0, 1666.0], [1208.0, 1666.0], [1209.0, 1667.0], [1210.0, 1667.0], [1211.0, 1667.0], [1212.0, 1668.0], [1213.0, 1668.0], [1214.0, 1668.0], [1215.0, 1669.0], [1216.0, 1669.0], [1217.0, 1669.0], [1218.0, 1669.0], [1219.0, 1668.0], [1220.0, 1668.0], [1221.0, 1668.0], [1222.0, 1668.0], [1223.0, 1668.0], [1224.0, 1667.0], [1225.0, 1667.0], [1226.0, 1667.0], [1227.0, 1666.0], [1228.0, 1666.0], [1229.0, 1666.0], [1230.0, 1666.0], [1231.0, 1665.0], [1232.0, 1665.0], [1233.0, 1665.0], [1234.0, 1665.0], [1235.0, 1664.0], [1236.0, 1664.0], [1237.0, 1664.0], [1238.0, 1663.0], [1239.0, 1663.0], [1240.0, 1663.0], [1241.0, 1662.0], [1242.0, 1662.0], [1243.0, 1662.0], [1244.0, 1661.0], [1245.0, 1661.0], [1246.0, 1661.0], [1247.0, 1660.0], [1248.0, 1660.0], [1249.0, 1659.0], [1250.0, 1659.0], [1251.0, 1658.0], [1252.0, 1657.0], [1253.0, 1657.0], [1254.0, 1657.0], [1255.0, 1656.0], [1256.0, 1656.0], [1257.0, 1655.0], [1258.0, 1655.0], [1259.0, 1654.0], [1259.0, 1653.0], [1259.0, 1652.0], [1260.0, 1651.0], [1260.0, 1650.0], [1260.6401843996646, 1649.2317787204026], [1261.2803687993292, 1648.4635574408053], [1261.9205531989937, 1647.695336161208], [1262.5607375986583, 1646.9271148816106], [1263.2009219983229, 1646.1588936020132], [1263.8411063979875, 1645.3906723224159], [1264.481290797652, 1644.6224510428185], [1265.1214751973166, 1643.8542297632212], [1265.7616595969812, 1643.0860084836238], [1266.4018439966458, 1642.3177872040264], [1267.0420283963103, 1641.549565924429], [1267.682212795975, 1640.7813446448317], [1268.3223971956395, 1640.0131233652344], [1268.962581595304, 1639.244902085637], [1269.6027659949686, 1638.4766808060397], [1270.2429503946332, 1637.7084595264423], [1270.8831347942978, 1636.940238246845], [1271.5233191939624, 1636.1720169672476], [1272.163503593627, 1635.4037956876502], [1272.8036879932915, 1634.635574408053], [1273.443872392956, 1633.8673531284555], [1274.0840567926207, 1633.0991318488582], [1274.7242411922853, 1632.3309105692608], [1275.3644255919498, 1631.5626892896635], [1276.0046099916144, 1630.794468010066], [1276.644794391279, 1630.0262467304688], [1277.2849787909436, 1629.2580254508714], [1277.9251631906081, 1628.489804171274], [1278.5653475902727, 1627.7215828916767], [1279.2055319899373, 1626.9533616120793], [1279.8457163896019, 1626.185140332482], [1280.4859007892665, 1625.4169190528846], [1281.126085188931, 1624.6486977732873], [1281.7662695885956, 1623.88047649369], [1282.4064539882602, 1623.1122552140926], [1283.0466383879248, 1622.3440339344952], [1283.6868227875893, 1621.5758126548978], [1284.327007187254, 1620.8075913753005], [1284.9671915869185, 1620.0393700957031], [1285.607375986583, 1619.2711488161058], [1286.2475603862476, 1618.5029275365084], [1286.8877447859122, 1617.734706256911], [1287.5279291855768, 1616.9664849773137], [1288.1681135852414, 1616.1982636977164], [1288.808297984906, 1615.430042418119], [1289.4484823845705, 1614.6618211385216], [1290.088666784235, 1613.8935998589243], [1290.7288511838997, 1613.125378579327], [1291.3690355835643, 1612.3571572997296], [1292.0092199832288, 1611.5889360201322], [1292.6494043828934, 1610.8207147405349], [1293.289588782558, 1610.0524934609375], [1293.9297731822226, 1609.2842721813402], [1294.5699575818871, 1608.5160509017428]]}}, {"type": "Feature", "properties": {"label": 20, "method": "geodesic_dt"}, "geometry": {"type": "LineString", "coordinates": [[1303.0, 1690.0], [1302.0, 1689.0], [1301.0, 1689.0], [1300.0, 1688.0], [1299.0, 1688.0], [1298.0, 1688.0], [1297.0, 1688.0], [1296.0, 1687.0], [1295.0, 1687.0], [1294.0, 1687.0], [1293.0, 1686.0], [1292.0, 1686.0], [1291.0, 1686.0], [1290.0, 1685.0], [1289.0, 1685.0], [1288.0, 1685.0], [1287.0, 1684.0], [1286.0, 1684.0], [1285.0, 1683.0], [1284.0, 1683.0], [1283.0, 1683.0], [1282.0, 1682.0], [1281.0, 1682.0], [1280.0, 1681.0], [1279.0, 1681.0], [1278.0, 1681.0], [1277.0, 1680.0], [1276.0, 1680.0], [1275.0, 1680.0], [1274.0, 1679.0], [1273.0, 1679.0], [1272.0, 1679.0], [1271.0, 1679.0], [1270.0, 1678.0], [1269.0, 1678.0], [1268.0, 1677.0], [1267.0, 1677.0], [1266.0, 1676.0], [1265.0, 1676.0], [1264.0, 1675.0], [1263.0, 1675.0], [1262.0, 1675.0], [1261.0, 1674.0], [1260.0, 1674.0], [1259.0, 1673.0], [1258.0, 1673.0], [1257.0, 1672.0], [1256.0, 1672.0], [1255.0, 1671.0], [1254.0, 1671.0], [1253.0, 1671.0], [1252.0, 1670.0], [1251.0, 1670.0], [1250.0, 1669.0], [1249.0, 1669.0], [1248.0, 1669.0], [1247.0, 1669.0], [1246.0, 1669.0], [1245.0, 1669.0], [1244.0, 1669.0], [1243.0, 1669.0], [1242.0, 1669.0], [1241.0, 1670.0], [1240.0, 1670.0], [1239.0, 1671.0], [1238.0, 1671.0], [1237.0, 1672.0], [1236.0, 1672.0], [1235.0, 1673.0], [1234.0, 1673.0], [1233.0, 1674.0], [1232.0, 1674.0], [1231.0, 1675.0], [1230.0, 1675.0], [1229.0, 1675.0], [1228.0, 1676.0], [1227.0, 1676.0], [1226.0, 1677.0], [1225.0, 1677.0], [1224.0, 1677.0], [1223.0, 1678.0], [1222.0, 1678.0], [1221.0, 1678.0], [1220.0, 1679.0], [1219.0, 1679.0], [1218.0, 1679.0], [1217.0, 1679.0], [1216.0, 1679.0], [1215.0, 1679.0], [1214.0, 1679.0], [1213.0, 1678.0], [1212.0, 1678.0], [1211.0, 1678.0], [1210.0, 1678.0], [1209.0, 1678.0], [1208.0, 1677.0], [1207.0, 1677.0], [1206.0, 1677.0], [1205.0, 1677.0], [1204.0, 1677.0], [1203.0, 1676.0], [1202.0, 1676.0], [1201.0, 1676.0], [1200.0, 1676.0], [1199.0, 1675.0], [1198.0, 1675.0], [1197.0, 1674.0], [1196.0, 1674.0], [1195.0, 1674.0], [1194.0, 1673.0], [1193.0, 1673.0], [1192.0, 1673.0], [1191.0, 1672.0], [1190.0, 1672.0], [1189.0, 1672.0], [1188.0, 1671.0], [1187.0, 1671.0], [1186.0, 1671.0], [1185.0, 1670.0], [1184.0, 1670.0], [1183.0, 1670.0], [1182.0, 1669.0], [1181.0, 1669.0], [1180.0, 1669.0], [1179.0, 1669.0], [1178.0, 1668.0], [1177.0, 1668.0], [1176.0, 1668.0], [1175.0, 1667.0], [1174.0, 1667.0], [1173.0, 1667.0], [1172.0, 1667.0], [1171.0, 1666.0], [1170.0, 1666.0], [1169.0, 1666.0], [1168.0, 1665.0], [1167.0, 1665.0], [1166.0, 1664.0], [1165.0, 1664.0], [1164.0, 1663.0], [1163.0, 1663.0], [1162.0, 1662.0], [1161.0, 1661.0], [1160.0, 1660.0], [1159.0, 1659.0], [1158.0, 1658.0], [1157.0, 1657.0], [1156.0, 1656.0], [1155.0, 1655.0], [1154.0, 1654.0], [1153.0, 1653.0], [1152.0, 1652.0], [1151.0, 1651.0], [1150.0, 1650.0], [1149.0, 1649.0], [1148.0, 1648.0], [1147.0, 1647.0], [1146.0, 1646.0], [1146.0, 1645.0], [1145.0, 1644.0], [1144.0, 1643.0], [1143.0, 1642.0], [1143.0, 1641.0], [1142.0, 1640.0], [1141.0, 1639.0], [1140.0, 1638.0], [1140.0, 1637.0], [1139.0, 1636.0], [1138.0, 1635.0], [1137.0, 1634.0], [1137.0, 1633.0], [1136.0, 1632.0], [1135.0, 1631.0], [1135.0, 1630.0], [1134.0, 1629.0], [1133.0, 1628.0], [1133.0, 1627.0], [1132.0, 1626.0], [1132.0, 1625.0], [1132.0, 1624.0], [1131.0, 1623.0], [1131.0, 1622.0], [1130.0, 1621.0], [1130.0, 1620.0], [1130.0, 1619.0], [1130.0, 1618.0], [1130.0, 1617.0], [1130.0, 1616.0], [1130.0, 1615.0], [1130.0, 1614.0], [1130.0, 1613.0], [1130.0, 1612.0], [1130.0, 1611.0], [1130.0, 1610.0], [1130.0, 1609.0], [1130.0, 1608.0], [1130.0, 1607.0], [1130.0, 1606.0], [1130.0, 1605.0], [1130.0, 1604.0], [1130.0, 1603.0], [1130.0, 1602.0], [1130.0, 1601.0], [1130.0, 1600.0], [1130.0, 1599.0], [1130.0, 1598.0], [1130.0, 1597.0], [1131.0, 1596.0], [1131.0, 1595.0], [1131.0, 1594.0], [1131.0, 1593.0], [1131.0, 1592.0], [1132.0, 1591.0], [1132.0, 1590.0], [1132.0, 1589.0], [1132.0, 1588.0], [1133.0, 1587.0], [1133.0, 1586.0], [1133.0, 1585.0], [1134.0, 1584.0], [1134.0, 1583.0], [1134.0, 1582.0], [1134.0, 1581.0], [1134.0, 1580.0], [1134.0, 1579.0], [1134.0, 1578.0], [1134.0, 1577.0], [1134.0, 1576.0], [1134.0, 1575.0], [1134.0, 1574.0], [1134.0, 1573.0], [1134.0, 1572.0], [1134.0, 1571.0], [1134.0, 1570.0], [1134.0, 1569.0], [1134.0, 1568.0], [1134.0, 1567.0], [1134.0, 1566.0], [1134.0, 1565.0], [1134.0, 1564.0], [1134.0, 1563.0], [1134.0, 1562.0], [1134.0, 1561.0], [1134.0, 1560.0], [1134.0, 1559.0], [1134.0, 1558.0], [1134.0, 1557.0], [1134.0, 1556.0], [1134.0, 1555.0], [1134.0, 1554.0], [1134.0, 1553.0], [1134.0, 1552.0], [1134.0, 1551.0], [1134.0, 1550.0], [1134.0, 1549.0], [1134.0, 1548.0], [1134.0, 1547.0], [1134.0, 1546.0], [1134.0, 1545.0], [1134.0, 1544.0], [1134.0, 1543.0], [1134.0, 1542.0], [1134.0, 1541.0], [1134.0, 1540.0], [1134.0, 1539.0], [1134.0, 1538.0], [1134.0, 1537.0], [1134.0, 1536.0], [1134.0, 1535.0], [1134.0, 1534.0], [1133.0, 1533.0], [1133.0, 1532.0], [1132.0, 1531.0]]}}, {"type": "Feature", "properties": {"label": 20, "method": "smoothed_spline"}, "geometry": {"type": "LineString", "coordinates": [[1299.7456937176669, 1690.635958504318], [1298.8010908385234, 1689.774605378759], [1297.8376276784957, 1688.9450343789417], [1296.855643806855, 1688.146640915501], [1295.855478792872, 1687.378820399071], [1294.8374722058165, 1686.6409682402862], [1293.8019636149609, 1685.932479849781], [1292.7492925895745, 1685.2527506381905], [1291.679798698929, 1684.6011760161489], [1290.593821512295, 1683.9771513942915], [1289.4917005989428, 1683.3800721832513], [1288.3737755281431, 1682.809333793664], [1287.240385869167, 1682.264331636164], [1286.0918711912852, 1681.744461121385], [1284.9285710637691, 1681.2491176599628], [1283.7508250558878, 1680.7776966625306], [1282.5589727369133, 1680.329593539724], [1281.353353676116, 1679.9042037021768], [1280.1343074427668, 1679.500922560524], [1278.9021736061366, 1679.1191455254002], [1277.657291735495, 1678.7582680074395], [1276.400001400114, 1678.4176854172765], [1275.130642169264, 1678.0967931655457], [1273.849553612216, 1677.7949866628821], [1272.5570752982403, 1677.5116613199202], [1271.2535467966075, 1677.2462125472935], [1269.9393076765887, 1676.9980357556376], [1268.6146975074546, 1676.7665263555864], [1267.2800558584759, 1676.551079757775], [1265.9357222989236, 1676.3510913728383], [1264.5820363980683, 1676.1659566114095], [1263.21933772518, 1675.9950708841232], [1261.8479658495303, 1675.8378296016149], [1260.4682603403899, 1675.693628174519], [1259.0805607670293, 1675.5618620134699], [1257.6852066987199, 1675.4419265291021], [1256.2825377047313, 1675.3332171320499], [1254.8728933543346, 1675.2351292329472], [1253.456613216801, 1675.1470582424301], [1252.0340368614009, 1675.0683995711317], [1250.6055038574054, 1674.9985486296878], [1249.1713537740848, 1674.9369008287322], [1247.73192618071, 1674.8828515788987], [1246.2875606465518, 1674.8357962908233], [1244.8385967408808, 1674.7951303751395], [1243.3853740329682, 1674.7602492424824], [1241.9282320920838, 1674.730548303486], [1240.4675104874993, 1674.7054229687853], [1239.0035487884854, 1674.684268649015], [1237.536686564312, 1674.6664807548086], [1236.0672633842507, 1674.6514546968015], [1234.595618817572, 1674.6385858856286], [1233.1220924335462, 1674.627269731923], [1231.647023801445, 1674.6169016463211], [1230.1707524905378, 1674.6068770394552], [1228.6936180700964, 1674.5965913219616], [1227.2159601093913, 1674.5854399044742], [1225.7381181776932, 1674.5728181976278], [1224.2604318442727, 1674.5581216120565], [1222.7832406784007, 1674.540745558395], [1221.3068842493483, 1674.5200854472787], [1219.8317021263854, 1674.49553668934], [1218.3580338787835, 1674.4664946952155], [1216.8862190758127, 1674.4323548755387], [1215.4165972867443, 1674.3925126409445], [1213.949508080849, 1674.3463634020673], [1212.4852910273971, 1674.2933025695415], [1211.0242856956597, 1674.2327255540017], [1209.5668316549077, 1674.1640277660827], [1208.1132684744111, 1674.0866046164185], [1206.6639357234417, 1673.9998515156444], [1205.2191729712692, 1673.9031638743943], [1203.7793197871652, 1673.7959371033028], [1202.3447157403998, 1673.6775666130043], [1200.9157004002443, 1673.547447814134], [1199.492613335969, 1673.4049761173258], [1198.075794116845, 1673.249546933214], [1196.6655823121425, 1673.0805556724338], [1195.2623174911332, 1672.89739774562], [1193.8663392230865, 1672.6994685634058], [1192.4779870772747, 1672.486163536427], [1191.097600622967, 1672.2568780753172], [1189.7255194294355, 1672.011007590712], [1188.36208306595, 1671.747947493245], [1187.0076311017815, 1671.4670931935505], [1185.6625031062008, 1671.167840102264], [1184.3270386484787, 1670.8495836300197], [1183.001577297886, 1670.5117191874515], [1181.6864586236932, 1670.1536421851947], [1180.3820221951712, 1669.7747480338835], [1179.088607581591, 1669.374432144153], [1177.8065543522227, 1668.9520899266365], [1176.5362020763378, 1668.5071167919698], [1175.2778903232065, 1668.0389081507865], [1174.0319586620992, 1667.546859413721], [1172.7987466622876, 1667.0303659914093], [1171.578593893042, 1666.488823294484], [1170.3718399236334, 1665.9216267335814], [1169.1788243233318, 1665.3281717193347], [1167.9998866614087, 1664.7078536623792], [1166.8353665071345, 1664.060067973349], [1165.685576277717, 1663.3843666519197], [1164.55070741958, 1662.6809993500626], [1163.4309177019347, 1661.9504099400763], [1162.3263648925886, 1661.1930423023496], [1161.2372067593492, 1660.4093403172694], [1160.163601070024, 1659.599747865225], [1159.1057055924216, 1658.764708826605], [1158.0636780943496, 1657.9046670817977], [1157.0376763436154, 1657.0200665111904], [1156.0278581080272, 1656.1113509951726], [1155.034381155393, 1655.1789644141322], [1154.0574032535199, 1654.2233506484579], [1153.097082170216, 1653.2449535785368], [1152.153575673289, 1652.244217084758], [1151.2270415305475, 1651.2215850475109], [1150.3176375097983, 1650.1775013471824], [1149.4255213788492, 1649.112409864161], [1148.5508509055087, 1648.026754478836], [1147.693783857584, 1646.9209790715943], [1146.8544780028835, 1645.7955275228253], [1146.0330911092144, 1644.650843712917], [1145.229780944385, 1643.4873715222584], [1144.4447052762023, 1642.3055548312366], [1143.6780218724753, 1641.1058375202406], [1142.929888501011, 1639.8886634696591], [1142.2004629296168, 1638.6544765598796], [1141.4899029261014, 1637.4037206712908], [1140.7983662582724, 1636.1368396842813], [1140.1260106939371, 1634.8542774792393], [1139.4729940009042, 1633.5564779365532], [1138.8394739469804, 1632.2438849366104], [1138.2256082999738, 1630.9169423598005], [1137.631554827693, 1629.5760940865116], [1137.0574712979449, 1628.2217839971318], [1136.5035154785376, 1626.854455972049], [1135.9698451372792, 1625.4745538916525], [1135.4566180419768, 1624.0825216363296], [1134.963991960439, 1622.6788030864693], [1134.492124660473, 1621.2638421224603], [1134.0411739098872, 1619.83808262469], [1133.6112974764885, 1618.4019684735472], [1133.2026531280856, 1616.9559435494202], [1132.8153986324853, 1615.5004517326972], [1132.4496917574966, 1614.0359369037667], [1132.1056902709265, 1612.5628429430171], [1131.783551940583, 1611.0816137308364], [1131.483434534274, 1609.5926931476138], [1131.205495819807, 1608.0965250737363], [1130.9498935649901, 1606.5935533895931], [1130.716785537631, 1605.0842219755727], [1130.5063295055375, 1603.5689747120628], [1130.3186832365175, 1602.0482554794519], [1130.1540044983785, 1600.5225081581289], [1130.0124225286322, 1598.9921743334492], [1129.893634072411, 1597.4576608002399], [1129.7970000566063, 1595.9193473394566], [1129.721872601413, 1594.3776130236272], [1129.667603827026, 1592.8328369252777], [1129.6335458536405, 1591.2853981169362], [1129.6190508014522, 1589.7356756711301], [1129.623470790655, 1588.1840486603862], [1129.646157941445, 1586.6308961572322], [1129.6864643740166, 1585.0765972341953], [1129.7437422085657, 1583.521530963803], [1129.8173435652866, 1581.9660764185821], [1129.9066205643746, 1580.41061267106], [1130.010925326025, 1578.855518793765], [1130.1296099704332, 1577.3011738592231], [1130.2620266177933, 1575.7479569399625], [1130.4075273883009, 1574.1962471085094], [1130.5654644021515, 1572.6464234373925], [1130.73518977954, 1571.0988649991382], [1130.9160556406612, 1569.5539508662741], [1131.10741410571, 1568.0120601113274], [1131.308617294882, 1566.4735718068255], [1131.5190173283722, 1564.9388650252959], [1131.7379663263755, 1563.4083188392653], [1131.964816409087, 1561.8823123212617], [1132.1989196967018, 1560.3612245438119], [1132.4396283094152, 1558.845434579443], [1132.6862943674223, 1557.3353215006834], [1132.9382699909181, 1555.8312643800598], [1133.1949073000976, 1554.333642290099], [1133.4555584151556, 1552.8428343033286], [1133.7195754562879, 1551.3592194922767], [1133.986310543689, 1549.8831769294693], [1134.2551157975543, 1548.4150856874346], [1134.5253433380785, 1546.9553248386992], [1134.7963452854574, 1545.5042734557915], [1135.0674737598852, 1544.062310611238], [1135.3380808815577, 1542.629815377566], [1135.6075187706697, 1541.2071668273031], [1135.8751395474167, 1539.7947440329765], [1136.140295331993, 1538.3929260671132], [1136.4023382445944, 1537.0020920022412], [1136.6606204054156, 1535.6226209108872], [1136.914493934652, 1534.2548918655789], [1137.1633109524978, 1532.899283938843], [1137.4064235791493, 1531.5561762032073]]}}, {"type": "Feature", "properties": {"label": 21, "method": "skeleton_longest_path"}, "geometry": {"type": "LineString", "coordinates": [[1423.2388599988408, 1539.9554399953486], [1423.481395623877, 1540.925582495494], [1423.7239312489132, 1541.8957249956393], [1423.9664668739495, 1542.8658674957846], [1424.2090024989857, 1543.83600999593], [1424.451538124022, 1544.8061524960754], [1424.6940737490581, 1545.7762949962207], [1424.9366093740944, 1546.746437496366], [1425.1791449991306, 1547.7165799965114], [1425.4216806241668, 1548.6867224966568], [1425.664216249203, 1549.6568649968021], [1425.9067518742393, 1550.6270074969475], [1426.1492874992755, 1551.5971499970929], [1426.3918231243117, 1552.5672924972382], [1426.634358749348, 1553.5374349973836], [1426.8768943743842, 1554.507577497529], [1427.1194299994204, 1555.4777199976743], [1427.3619656244566, 1556.4478624978196], [1427.6045012494928, 1557.418004997965], [1427.847036874529, 1558.3881474981104], [1428.0895724995653, 1559.3582899982557], [1428.3321081246015, 1560.328432498401], [1428.5746437496377, 1561.2985749985464], [1428.817179374674, 1562.2687174986918], [1429.0597149997102, 1563.2388599988371], [1429.3022506247464, 1564.2090024989825], [1429.5447862497826, 1565.1791449991279], [1429.7873218748189, 1566.1492874992732], [1430.029857499855, 1567.1194299994186], [1430.2723931248913, 1568.089572499564], [1430.5149287499275, 1569.0597149997093], [1430.7574643749638, 1570.0298574998546], [1431.0, 1571.0], [1431.0, 1572.0], [1432.0, 1573.0], [1432.0, 1574.0], [1432.0, 1575.0], [1433.0, 1576.0], [1433.0, 1577.0], [1433.0, 1578.0], [1433.0, 1579.0], [1433.0, 1580.0], [1434.0, 1581.0], [1434.0, 1582.0], [1434.0, 1583.0], [1434.0, 1584.0], [1434.0, 1585.0], [1434.0, 1586.0], [1435.0, 1587.0], [1435.0, 1588.0], [1435.0, 1589.0], [1435.0, 1590.0], [1435.0, 1591.0], [1435.0, 1592.0], [1435.0, 1593.0], [1435.0, 1594.0], [1435.0, 1595.0], [1435.0, 1596.0], [1435.0, 1597.0], [1435.0, 1598.0], [1435.0, 1599.0], [1435.0, 1600.0], [1435.0, 1601.0], [1435.0, 1602.0], [1435.0, 1603.0], [1435.0, 1604.0], [1435.0, 1605.0], [1435.0, 1606.0], [1435.0, 1607.0], [1435.0, 1608.0], [1435.0, 1609.0], [1435.0, 1610.0], [1435.0, 1611.0], [1435.0, 1612.0], [1435.0, 1613.0], [1435.0, 1614.0], [1435.0, 1615.0], [1435.0, 1616.0], [1435.0, 1617.0], [1435.0, 1618.0], [1435.0, 1619.0], [1435.0, 1620.0], [1435.0, 1621.0], [1435.0, 1622.0], [1435.0, 1623.0], [1435.0, 1624.0], [1435.0, 1625.0], [1435.0, 1626.0], [1435.0, 1627.0], [1436.0, 1628.0], [1436.0, 1629.0], [1436.0, 1630.0], [1436.0, 1631.0], [1436.0, 1632.0], [1436.0, 1633.0], [1436.0, 1634.0], [1436.0, 1635.0], [1436.0, 1636.0], [1436.0, 1637.0], [1436.0, 1638.0], [1436.0, 1639.0], [1436.0, 1640.0], [1435.0, 1641.0], [1435.0, 1642.0], [1435.0, 1643.0], [1435.0, 1644.0], [1434.0, 1645.0], [1434.0, 1646.0], [1433.0, 1647.0], [1433.0, 1648.0], [1432.0, 1649.0], [1432.0, 1650.0], [1431.0, 1651.0], [1431.0, 1652.0], [1430.0, 1653.0], [1430.0, 1654.0], [1430.0, 1655.0], [1429.0, 1656.0], [1429.0, 1657.0], [1429.0, 1658.0], [1429.0, 1659.0], [1428.0, 1660.0], [1428.0, 1661.0], [1428.0, 1662.0], [1428.0, 1663.0], [1427.0, 1664.0], [1427.0, 1665.0], [1427.0, 1666.0], [1427.0, 1667.0], [1426.0, 1668.0], [1426.0, 1669.0], [1426.0, 1670.0], [1426.0, 1671.0], [1425.0, 1672.0], [1425.0, 1673.0], [1425.0, 1674.0], [1425.0, 1675.0], [1424.0, 1676.0], [1424.0, 1677.0], [1424.0, 1678.0], [1423.0, 1679.0], [1423.0, 1680.0], [1423.0, 1681.0], [1423.0, 1682.0], [1422.0, 1683.0], [1422.0, 1684.0], [1422.0, 1685.0], [1421.0, 1686.0], [1421.0, 1687.0], [1421.0, 1688.0], [1420.0, 1689.0], [1420.0, 1690.0], [1420.0, 1691.0], [1420.0, 1692.0], [1419.0, 1693.0], [1419.0, 1694.0], [1419.0, 1695.0], [1418.0, 1696.0], [1418.0, 1697.0], [1418.0, 1698.0], [1417.0, 1699.0], [1417.0, 1700.0], [1416.0, 1701.0], [1416.0, 1702.0], [1416.0, 1703.0], [1415.0, 1704.0], [1415.0, 1705.0], [1414.0, 1706.0], [1414.0, 1707.0], [1414.0, 1708.0], [1413.0, 1709.0], [1413.0, 1710.0], [1413.0, 1711.0], [1412.0, 1712.0], [1412.0, 1713.0], [1411.0, 1714.0], [1411.0, 1715.0], [1411.0, 1716.0], [1410.0, 1717.0], [1410.0, 1718.0], [1410.0, 1719.0], [1409.0, 1720.0], [1409.0, 1721.0], [1409.0, 1722.0], [1408.0, 1723.0], [1408.0, 1724.0], [1407.0, 1725.0], [1407.0, 1726.0], [1407.0, 1727.0], [1406.0, 1728.0], [1406.0, 1729.0], [1405.0, 1730.0], [1405.0, 1731.0], [1404.0, 1732.0], [1404.0, 1733.0], [1403.0, 1734.0], [1402.0, 1735.0], [1402.0, 1736.0], [1401.0, 1737.0], [1400.0, 1738.0], [1399.0, 1739.0], [1398.0, 1740.0], [1397.0, 1740.0], [1396.0, 1741.0], [1395.0, 1741.0], [1394.0, 1742.0], [1393.0, 1742.0], [1392.0, 1742.0], [1391.0, 1742.0], [1390.0, 1743.0], [1389.0, 1743.0], [1388.0, 1743.0], [1387.0, 1744.0], [1386.0, 1744.0], [1385.0, 1745.0], [1384.0, 1745.0], [1383.0, 1745.0], [1382.0, 1746.0], [1381.0, 1746.0], [1380.0, 1747.0], [1379.0, 1747.0], [1378.0, 1748.0], [1377.0, 1748.0], [1376.0, 1748.0], [1375.0, 1749.0], [1374.0, 1749.0], [1373.0, 1750.0], [1372.0, 1750.0], [1371.0, 1751.0], [1370.0, 1751.0], [1369.0, 1752.0], [1368.0, 1753.0], [1367.0, 1753.0], [1366.0, 1754.0], [1365.0, 1754.0], [1364.0, 1755.0], [1363.0, 1756.0], [1362.0, 1756.0], [1361.0, 1757.0], [1360.0, 1758.0], [1359.0, 1758.0], [1358.0, 1759.0], [1357.0, 1759.0], [1356.0, 1760.0], [1355.0, 1760.0], [1354.0, 1761.0], [1353.0, 1761.0], [1352.0, 1761.0], [1351.0, 1762.0], [1350.0, 1763.0], [1349.0, 1764.0], [1348.0, 1764.0], [1347.0, 1765.0], [1346.0, 1765.0], [1345.0, 1766.0], [1344.0, 1767.0], [1343.0, 1767.0], [1342.0, 1768.0], [1341.0, 1768.0], [1340.0, 1769.0], [1339.0, 1770.0], [1338.0, 1770.0], [1337.0, 1771.0], [1336.0, 1771.0], [1335.0, 1772.0], [1334.0, 1773.0], [1333.0, 1773.0], [1332.0, 1774.0], [1331.0, 1775.0], [1330.0, 1775.0], [1329.0, 1776.0], [1328.0, 1777.0], [1327.0, 1778.0], [1326.0, 1779.0], [1325.0, 1780.0], [1324.0, 1780.0], [1323.0, 1781.0], [1322.0, 1782.0], [1321.0, 1782.0], [1320.0, 1783.0], [1319.0, 1783.0], [1318.0, 1784.0], [1317.0, 1784.0], [1316.0, 1785.0], [1315.0, 1786.0], [1314.0, 1787.0], [1313.0, 1788.0], [1312.0, 1789.0], [1311.0, 1789.0], [1310.0, 1790.0], [1309.0, 1791.0], [1308.0, 1792.0], [1307.0, 1792.0], [1306.0, 1792.0], [1305.0, 1792.0], [1304.0, 1792.0], [1303.0, 1793.0], [1302.105572809, 1793.4472135955], [1301.211145618, 1793.894427191], [1300.316718427, 1794.3416407865], [1299.422291236, 1794.788854382], [1298.5278640450001, 1795.2360679775], [1297.6334368540001, 1795.683281573], [1296.7390096630002, 1796.1304951685], [1295.8445824720002, 1796.577708764], [1294.9501552810002, 1797.0249223595], [1294.0557280900002, 1797.4721359549999], [1293.1613008990003, 1797.9193495504999], [1292.2668737080003, 1798.3665631459999], [1291.3724465170003, 1798.8137767414999], [1290.4780193260003, 1799.2609903369998], [1289.5835921350003, 1799.7082039324998], [1288.6891649440004, 1800.1554175279998], [1287.7947377530004, 1800.6026311234998], [1286.9003105620004, 1801.0498447189998], [1286.0058833710004, 1801.4970583144998], [1285.1114561800005, 1801.9442719099998], [1284.2170289890005, 1802.3914855054998], [1283.3226017980005, 1802.8386991009997], [1282.4281746070005, 1803.2859126964997], [1281.5337474160006, 1803.7331262919997], [1280.6393202250006, 1804.1803398874997], [1279.7448930340006, 1804.6275534829997], [1278.8504658430006, 1805.0747670784997], [1277.9560386520006, 1805.5219806739997], [1277.0616114610007, 1805.9691942694997], [1276.1671842700007, 1806.4164078649997], [1275.2727570790007, 1806.8636214604996], [1274.3783298880007, 1807.3108350559996], [1273.4839026970008, 1807.7580486514996], [1272.5894755060008, 1808.2052622469996]]}}, {"type": "Feature", "properties": {"label": 21, "method": "geodesic_dt"}, "geometry": {"type": "LineString", "coordinates": [[1292.0, 1824.0], [1293.0, 1823.0], [1293.0, 1822.0], [1294.0, 1821.0], [1294.0, 1820.0], [1294.0, 1819.0], [1294.0, 1818.0], [1295.0, 1817.0], [1295.0, 1816.0], [1295.0, 1815.0], [1296.0, 1814.0], [1296.0, 1813.0], [1296.0, 1812.0], [1297.0, 1811.0], [1297.0, 1810.0], [1297.0, 1809.0], [1298.0, 1808.0], [1298.0, 1807.0], [1299.0, 1806.0], [1299.0, 1805.0], [1299.0, 1804.0], [1300.0, 1803.0], [1300.0, 1802.0], [1301.0, 1801.0], [1301.0, 1800.0], [1302.0, 1799.0], [1303.0, 1798.0], [1304.0, 1797.0], [1305.0, 1796.0], [1306.0, 1795.0], [1307.0, 1794.0], [1308.0, 1793.0], [1309.0, 1792.0], [1310.0, 1791.0], [1311.0, 1790.0], [1312.0, 1789.0], [1313.0, 1788.0], [1314.0, 1787.0], [1315.0, 1786.0], [1316.0, 1785.0], [1317.0, 1784.0], [1318.0, 1783.0], [1319.0, 1782.0], [1320.0, 1781.0], [1321.0, 1781.0], [1322.0, 1780.0], [1323.0, 1779.0], [1324.0, 1778.0], [1325.0, 1778.0], [1326.0, 1777.0], [1327.0, 1776.0], [1328.0, 1776.0], [1329.0, 1775.0], [1330.0, 1775.0], [1331.0, 1774.0], [1332.0, 1774.0], [1333.0, 1773.0], [1334.0, 1773.0], [1335.0, 1772.0], [1336.0, 1771.0], [1337.0, 1771.0], [1338.0, 1770.0], [1339.0, 1770.0], [1340.0, 1769.0], [1341.0, 1769.0], [1342.0, 1768.0], [1343.0, 1768.0], [1344.0, 1767.0], [1345.0, 1766.0], [1346.0, 1766.0], [1347.0, 1765.0], [1348.0, 1765.0], [1349.0, 1764.0], [1350.0, 1764.0], [1351.0, 1763.0], [1352.0, 1763.0], [1353.0, 1762.0], [1354.0, 1762.0], [1355.0, 1761.0], [1356.0, 1761.0], [1357.0, 1760.0], [1358.0, 1759.0], [1359.0, 1759.0], [1360.0, 1758.0], [1361.0, 1758.0], [1362.0, 1758.0], [1363.0, 1757.0], [1364.0, 1757.0], [1365.0, 1756.0], [1366.0, 1756.0], [1367.0, 1756.0], [1368.0, 1755.0], [1369.0, 1755.0], [1370.0, 1754.0], [1371.0, 1754.0], [1372.0, 1753.0], [1373.0, 1753.0], [1374.0, 1752.0], [1375.0, 1752.0], [1376.0, 1751.0], [1377.0, 1751.0], [1378.0, 1750.0], [1379.0, 1750.0], [1380.0, 1750.0], [1381.0, 1749.0], [1382.0, 1749.0], [1383.0, 1748.0], [1384.0, 1748.0], [1385.0, 1747.0], [1386.0, 1747.0], [1387.0, 1746.0], [1388.0, 1745.0], [1389.0, 1745.0], [1390.0, 1744.0], [1391.0, 1744.0], [1392.0, 1743.0], [1393.0, 1742.0], [1394.0, 1742.0], [1395.0, 1741.0], [1396.0, 1740.0], [1397.0, 1740.0], [1398.0, 1739.0], [1399.0, 1738.0], [1400.0, 1737.0], [1401.0, 1736.0], [1402.0, 1736.0], [1403.0, 1735.0], [1404.0, 1734.0], [1405.0, 1733.0], [1406.0, 1732.0], [1407.0, 1731.0], [1408.0, 1730.0], [1409.0, 1729.0], [1410.0, 1728.0], [1411.0, 1727.0], [1412.0, 1726.0], [1413.0, 1725.0], [1414.0, 1724.0], [1415.0, 1723.0], [1416.0, 1722.0], [1417.0, 1721.0], [1417.0, 1720.0], [1418.0, 1719.0], [1418.0, 1718.0], [1419.0, 1717.0], [1420.0, 1716.0], [1420.0, 1715.0], [1421.0, 1714.0], [1421.0, 1713.0], [1422.0, 1712.0], [1422.0, 1711.0], [1423.0, 1710.0], [1423.0, 1709.0], [1423.0, 1708.0], [1424.0, 1707.0], [1424.0, 1706.0], [1425.0, 1705.0], [1425.0, 1704.0], [1426.0, 1703.0], [1426.0, 1702.0], [1426.0, 1701.0], [1426.0, 1700.0], [1427.0, 1699.0], [1427.0, 1698.0], [1427.0, 1697.0], [1427.0, 1696.0], [1428.0, 1695.0], [1428.0, 1694.0], [1428.0, 1693.0], [1428.0, 1692.0], [1428.0, 1691.0], [1428.0, 1690.0], [1429.0, 1689.0], [1429.0, 1688.0], [1429.0, 1687.0], [1429.0, 1686.0], [1429.0, 1685.0], [1429.0, 1684.0], [1430.0, 1683.0], [1430.0, 1682.0], [1430.0, 1681.0], [1431.0, 1680.0], [1431.0, 1679.0], [1431.0, 1678.0], [1431.0, 1677.0], [1431.0, 1676.0], [1431.0, 1675.0], [1431.0, 1674.0], [1431.0, 1673.0], [1431.0, 1672.0], [1432.0, 1671.0], [1432.0, 1670.0], [1432.0, 1669.0], [1432.0, 1668.0], [1432.0, 1667.0], [1433.0, 1666.0], [1433.0, 1665.0], [1433.0, 1664.0], [1433.0, 1663.0], [1433.0, 1662.0], [1433.0, 1661.0], [1433.0, 1660.0], [1433.0, 1659.0], [1433.0, 1658.0], [1434.0, 1657.0], [1434.0, 1656.0], [1434.0, 1655.0], [1434.0, 1654.0], [1434.0, 1653.0], [1434.0, 1652.0], [1434.0, 1651.0], [1434.0, 1650.0], [1434.0, 1649.0], [1434.0, 1648.0], [1434.0, 1647.0], [1434.0, 1646.0], [1434.0, 1645.0], [1435.0, 1644.0], [1435.0, 1643.0], [1435.0, 1642.0], [1435.0, 1641.0], [1436.0, 1640.0], [1436.0, 1639.0], [1436.0, 1638.0], [1436.0, 1637.0], [1436.0, 1636.0], [1437.0, 1635.0], [1437.0, 1634.0], [1437.0, 1633.0], [1437.0, 1632.0], [1437.0, 1631.0], [1438.0, 1630.0], [1438.0, 1629.0], [1438.0, 1628.0], [1438.0, 1627.0], [1438.0, 1626.0], [1438.0, 1625.0], [1438.0, 1624.0], [1439.0, 1623.0], [1439.0, 1622.0], [1439.0, 1621.0], [1439.0, 1620.0], [1438.0, 1619.0], [1438.0, 1618.0], [1438.0, 1617.0], [1438.0, 1616.0], [1437.0, 1615.0], [1437.0, 1614.0], [1437.0, 1613.0], [1437.0, 1612.0], [1437.0, 1611.0], [1437.0, 1610.0], [1436.0, 1609.0], [1436.0, 1608.0], [1436.0, 1607.0], [1436.0, 1606.0], [1436.0, 1605.0], [1436.0, 1604.0], [1436.0, 1603.0], [1436.0, 1602.0], [1436.0, 1601.0], [1436.0, 1600.0], [1436.0, 1599.0], [1436.0, 1598.0], [1436.0, 1597.0], [1436.0, 1596.0], [1436.0, 1595.0], [1437.0, 1594.0], [1438.0, 1593.0], [1438.0, 1592.0], [1439.0, 1591.0], [1439.0, 1590.0], [1440.0, 1589.0], [1440.0, 1588.0], [1441.0, 1587.0], [1441.0, 1586.0], [1442.0, 1585.0], [1443.0, 1584.0], [1443.0, 1583.0], [1444.0, 1582.0], [1444.0, 1581.0], [1445.0, 1580.0], [1445.0, 1579.0], [1446.0, 1578.0], [1446.0, 1577.0], [1447.0, 1576.0], [1448.0, 1575.0], [1448.0, 1574.0], [1449.0, 1573.0], [1449.0, 1572.0], [1449.0, 1571.0], [1450.0, 1570.0], [1450.0, 1569.0], [1451.0, 1568.0], [1451.0, 1567.0], [1451.0, 1566.0], [1452.0, 1565.0], [1452.0, 1564.0], [1453.0, 1563.0], [1453.0, 1562.0], [1453.0, 1561.0], [1454.0, 1560.0], [1454.0, 1559.0], [1454.0, 1558.0], [1455.0, 1557.0], [1455.0, 1556.0], [1455.0, 1555.0], [1456.0, 1554.0], [1456.0, 1553.0], [1456.0, 1552.0], [1456.0, 1551.0], [1457.0, 1550.0], [1457.0, 1549.0], [1458.0, 1548.0]]}}, {"type": "Feature", "properties": {"label": 21, "method": "smoothed_spline"}, "geometry": {"type": "LineString", "coordinates": [[1287.4411995014711, 1819.608332461083], [1288.3240820060046, 1818.2307821170305], [1289.231816013405, 1816.8704221044527], [1290.1638999623517, 1815.5269126325002], [1291.1198322915234, 1814.1999139103198], [1292.0991114396, 1812.8890861470622], [1293.1012358452615, 1811.5940895518775], [1294.1257039471875, 1810.314584333915], [1295.172014184057, 1809.0502307023248], [1296.2396649945501, 1807.8006888662553], [1297.328154817346, 1806.5656190348573], [1298.436982091125, 1805.3446814172792], [1299.5656452545657, 1804.1375362226713], [1300.7136427463483, 1802.9438436601833], [1301.8804730051525, 1801.7632639389647], [1303.0656344696572, 1800.5954572681642], [1304.2686255785422, 1799.4400838569322], [1305.4889447704877, 1798.2968039144187], [1306.7260904841726, 1797.1652776497724], [1307.979561158277, 1796.0451652721433], [1309.2488552314796, 1794.9361269906806], [1310.533471142461, 1793.8378230145338], [1311.8329073299, 1792.749913552853], [1313.1466622324765, 1791.672058814788], [1314.4742342888708, 1790.603919009488], [1315.8151219377614, 1789.5451543461018], [1317.1688236178281, 1788.4954250337805], [1318.5348377677503, 1787.4543912816719], [1319.9126628262081, 1786.4217132989272], [1321.3017972318817, 1785.3970512946955], [1322.701739423449, 1784.3800654781262], [1324.1119878395903, 1783.3704160583682], [1325.5320409189858, 1782.3677632445722], [1326.9613971003148, 1781.3717672458874], [1328.3995548222563, 1780.3820882714633], [1329.8460125234901, 1779.3983865304492], [1331.3002686426962, 1778.4203222319948], [1332.7618216185535, 1777.44755558525], [1334.2301698897427, 1776.4797467993642], [1335.7048118949424, 1775.516556083487], [1337.1852460728321, 1774.5576436467682], [1338.6709708620917, 1773.6026696983565], [1340.1614847014012, 1772.651294447402], [1341.6562860294393, 1771.703178103055], [1343.1548732848862, 1770.757980874464], [1344.6567449064216, 1769.8153629707792], [1346.1613993327244, 1768.8749846011497], [1347.6683350024748, 1767.9365059747256], [1349.1770503543523, 1766.999587300656], [1350.6870438270362, 1766.0638887880905], [1352.1978138592062, 1765.1290706461791], [1353.708858889542, 1764.1947930840715], [1355.219677356723, 1763.2607163109167], [1356.729767699429, 1762.3265005358644], [1358.238628356339, 1761.391805968064], [1359.7457577661335, 1760.4562928166656], [1361.250654367491, 1759.5196212908183], [1362.7528165990923, 1758.5814515996722], [1364.2517428996161, 1757.6414439523764], [1365.7469317077419, 1756.6992585580801], [1367.2378814621502, 1755.7545556259342], [1368.7240906015193, 1754.8069953650872], [1370.2050575645296, 1753.8562379846885], [1371.680280789861, 1752.9019436938895], [1373.1492587161922, 1751.9437727018365], [1374.6114897822035, 1750.9813852176826], [1376.066472426574, 1750.0144414505744], [1377.5137050879832, 1749.0426016096635], [1378.9526862051111, 1748.0655259040989], [1380.382914216637, 1747.0828745430294], [1381.8038875612408, 1746.0943077356062], [1383.2151046776016, 1745.0994856909772], [1384.6160640043995, 1744.0980686182925], [1386.0062639803134, 1743.0897167267026], [1387.3852030440235, 1742.0740902253553], [1388.7523796342093, 1741.0508493234024], [1390.1072921895498, 1740.0196542299914], [1391.4494391487256, 1738.9801651542732], [1392.7783189504153, 1737.9320423053969], [1394.0934300332988, 1736.8749458925115], [1395.394270836056, 1735.8085361247677], [1396.6803397973658, 1734.7324732113143], [1397.9511353559087, 1733.6464173613012], [1399.2061559503638, 1732.550028783878], [1400.4449000194104, 1731.4429676881941], [1401.6668660017283, 1730.3248942833995], [1402.8715523359972, 1729.1954687786429], [1404.0584574608965, 1728.0543513830744], [1405.2270798151062, 1726.9012023058438], [1406.3769178373052, 1725.7356817561001], [1407.5074699661739, 1724.557449942994], [1408.6182346403907, 1723.3661670756733], [1409.7087102986363, 1722.161493363289], [1410.7783953795897, 1720.9430890149902], [1411.8267883219307, 1719.710614239926], [1412.853387564339, 1718.463729247247], [1413.8576915454937, 1717.202094246102], [1414.839198704075, 1715.9253694456413], [1415.797407478762, 1714.6332150550138], [1416.7318163082339, 1713.3252912833686], [1417.6419236311717, 1712.001258339857], [1418.5272278862533, 1710.6607764336268], [1419.3872275121594, 1709.303505773828], [1420.2214209475694, 1707.9291065696113], [1421.0293066311624, 1706.5372390301247], [1421.8103830016187, 1705.1275633645191], [1422.5641484976172, 1703.6997397819432], [1423.2902248123075, 1702.253512733682], [1423.9889818268991, 1700.7891380436256], [1424.6610702214105, 1699.3070634564233], [1425.3071411757048, 1697.807737058357], [1425.927845869646, 1696.2916069357098], [1426.523835483098, 1694.7591211747654], [1427.0957611959238, 1693.2107278618048], [1427.6442741879873, 1691.6468750831127], [1428.1700256391512, 1690.0680109249706], [1428.67366672928, 1688.4745834736618], [1429.1558486382366, 1686.8670408154696], [1429.6172225458845, 1685.245831036676], [1430.0584396320878, 1683.6114022235643], [1430.4801510767095, 1681.9642024624172], [1430.8830080596128, 1680.3046798395176], [1431.2676617606621, 1678.6332824411477], [1431.63476335972, 1676.9504583535909], [1431.9849640366508, 1675.2566556631302], [1432.3189149713173, 1673.5523224560486], [1432.6372673435835, 1671.8379068186275], [1432.9406723333125, 1670.113856837151], [1433.2297811203682, 1668.3806205979017], [1433.5052448846143, 1666.6386461871625], [1433.7677148059138, 1664.8883816912157], [1434.0178420641305, 1663.130275196345], [1434.2562778391275, 1661.3647747888322], [1434.4836733107688, 1659.5923285549602], [1434.7006796589178, 1657.8133845810132], [1434.9079480634377, 1656.0283909532723], [1435.1061297041929, 1654.2377957580213], [1435.2958757610454, 1652.4420470815428], [1435.47783741386, 1650.641593010119], [1435.6526658424991, 1648.8368816300335], [1435.8210122268276, 1647.028361027569], [1435.983527746708, 1645.2164792890082], [1436.1408635820046, 1643.401684500634], [1436.29367091258, 1641.5844247487294], [1436.442600918298, 1639.7651481195765], [1436.588304779022, 1637.9443026994586], [1436.7314336746163, 1636.1223365746587], [1436.8726387849438, 1634.2996978314595], [1437.0125712898678, 1632.4768345561433], [1437.151882369252, 1630.6541948349936], [1437.2912232029603, 1628.832226754293], [1437.4312449708555, 1627.011378400324], [1437.5725988528018, 1625.1920978593698], [1437.715936028662, 1623.3748332177133], [1437.8619076783007, 1621.560032561637], [1438.0111649815801, 1619.7481439774235], [1438.1643591183645, 1617.9396155513562], [1438.322141268517, 1616.1348953697175], [1438.4851626119016, 1614.3344315187906], [1438.6540743283813, 1612.5386720848578], [1438.8295275978203, 1610.7480651542025], [1439.0121736000815, 1608.9630588131072], [1439.2026635150287, 1607.1841011478548], [1439.4016485225247, 1605.4116402447278], [1439.6097798024343, 1603.6461241900092], [1439.8277085346201, 1601.888001069982], [1440.0560858989456, 1600.1377189709292], [1440.295563075275, 1598.395725979133], [1440.546791243471, 1596.6624701808769], [1440.8104215833973, 1594.9383996624424], [1441.0871052749178, 1593.223962510114], [1441.3774934978956, 1591.5196068101736], [1441.6822374321944, 1589.8257806489046], [1442.0019882576778, 1588.1429321125888], [1442.3373971542092, 1586.4715092875101], [1442.6891153016518, 1584.8119602599504], [1443.05779387987, 1583.1647331161935], [1443.4440840687262, 1581.5302759425213], [1443.8486370480848, 1579.9090368252173], [1444.272103997809, 1578.3014638505638], [1444.7151360977616, 1576.7080051048436], [1445.1783845278073, 1575.12910867434], [1445.6625004678087, 1573.5652226453353], [1446.1681350976296, 1572.0167951041126], [1446.6959395971342, 1570.4842741369548], [1447.2465651461853, 1568.9681078301446], [1447.820662924646, 1567.468744269965], [1448.4188841123803, 1565.9866315426984], [1449.0418798892522, 1564.522217734628], [1449.6903014351246, 1563.0759509320364], [1450.364799929861, 1561.6482792212064], [1451.0660265533252, 1560.239650688421], [1451.7946324853804, 1558.850513419963], [1452.5512689058905, 1557.4813155021147], [1453.3365869947186, 1556.13250502116], [1454.1512379317282, 1554.8045300633803], [1454.9958728967833, 1553.4978387150595], [1455.8711430697472, 1552.2128790624804], [1456.777699630483, 1550.9500991919253], [1457.7161937588546, 1549.709947189677]]}}, {"type": "Feature", "properties": {"label": 22, "method": "skeleton_longest_path"}, "geometry": {"type": "LineString", "coordinates": [[696.1386034580108, 1593.1769762967494], [697.0749326355799, 1593.528099738338], [698.011261813149, 1593.8792231799264], [698.947590990718, 1594.2303466215149], [699.8839201682871, 1594.5814700631033], [700.8202493458562, 1594.9325935046918], [701.7565785234252, 1595.2837169462803], [702.6929077009943, 1595.6348403878687], [703.6292368785633, 1595.9859638294572], [704.5655660561324, 1596.3370872710457], [705.5018952337015, 1596.6882107126341], [706.4382244112705, 1597.0393341542226], [707.3745535888396, 1597.390457595811], [708.3108827664087, 1597.7415810373996], [709.2472119439777, 1598.092704478988], [710.1835411215468, 1598.4438279205765], [711.1198702991159, 1598.794951362165], [712.0561994766849, 1599.1460748037534], [712.992528654254, 1599.497198245342], [713.928857831823, 1599.8483216869304], [714.8651870093921, 1600.1994451285188], [715.8015161869612, 1600.5505685701073], [716.7378453645302, 1600.9016920116958], [717.6741745420993, 1601.2528154532843], [718.6105037196684, 1601.6039388948727], [719.5468328972374, 1601.9550623364612], [720.4831620748065, 1602.3061857780497], [721.4194912523756, 1602.6573092196381], [722.3558204299446, 1603.0084326612266], [723.2921496075137, 1603.359556102815], [724.2284787850828, 1603.7106795444035], [725.1648079626518, 1604.061802985992], [726.1011371402209, 1604.4129264275805], [727.03746631779, 1604.764049869169], [727.973795495359, 1605.1151733107574], [728.9101246729281, 1605.466296752346], [729.8464538504971, 1605.8174201939344], [730.7827830280662, 1606.1685436355228], [731.7191122056353, 1606.5196670771113], [732.6554413832043, 1606.8707905186998], [733.5917705607734, 1607.2219139602882], [734.5280997383425, 1607.5730374018767], [735.4644289159115, 1607.9241608434652], [736.4007580934806, 1608.2752842850537], [737.3370872710497, 1608.6264077266421], [738.2734164486187, 1608.9775311682306], [739.2097456261878, 1609.328654609819], [740.1460748037568, 1609.6797780514075], [741.0824039813259, 1610.030901492996], [742.018733158895, 1610.3820249345845], [742.955062336464, 1610.733148376173], [743.8913915140331, 1611.0842718177614], [744.8277206916022, 1611.43539525935], [745.7640498691712, 1611.7865187009384], [746.7003790467403, 1612.1376421425268], [747.6367082243094, 1612.4887655841153], [748.5730374018784, 1612.8398890257038], [749.5093665794475, 1613.1910124672922], [750.4456957570166, 1613.5421359088807], [751.3820249345856, 1613.8932593504692], [752.3183541121547, 1614.2443827920576], [753.2546832897237, 1614.5955062336461], [754.1910124672928, 1614.9466296752346], [755.1273416448619, 1615.297753116823], [756.0636708224309, 1615.6488765584115], [757.0, 1616.0], [758.0, 1617.0], [759.0, 1617.0], [760.0, 1617.0], [761.0, 1617.0], [762.0, 1617.0], [763.0, 1618.0], [764.0, 1618.0], [765.0, 1619.0], [766.0, 1619.0], [767.0, 1619.0], [768.0, 1619.0], [769.0, 1620.0], [770.0, 1620.0], [771.0, 1620.0], [772.0, 1621.0], [773.0, 1622.0], [774.0, 1622.0], [775.0, 1623.0], [776.0, 1624.0], [777.0, 1625.0], [778.0, 1625.0], [779.0, 1626.0], [780.0, 1627.0], [781.0, 1628.0], [782.0, 1629.0], [783.0, 1630.0], [784.0, 1631.0], [785.0, 1632.0], [786.0, 1633.0], [787.0, 1634.0], [788.0, 1635.0], [789.0, 1636.0], [790.0, 1637.0], [791.0, 1638.0], [792.0, 1639.0], [792.0, 1640.0], [793.0, 1641.0], [794.0, 1642.0], [795.0, 1643.0], [796.0, 1644.0], [797.0, 1645.0], [798.0, 1646.0], [799.0, 1647.0], [800.0, 1648.0], [801.0, 1649.0], [802.0, 1650.0], [803.0, 1651.0], [804.0, 1651.0], [805.0, 1652.0], [806.0, 1653.0], [807.0, 1654.0], [808.0, 1655.0], [809.0, 1656.0], [810.0, 1657.0], [811.0, 1658.0], [812.0, 1659.0], [813.0, 1660.0], [814.0, 1661.0], [815.0, 1662.0], [816.0, 1663.0], [817.0, 1663.0], [818.0, 1664.0], [819.0, 1664.0], [820.0, 1664.0], [821.0, 1664.0], [822.0, 1665.0], [823.0, 1665.0], [824.0, 1665.0], [825.0, 1665.0], [826.0, 1665.0], [827.0, 1665.0], [828.0, 1666.0], [829.0, 1666.0], [830.0, 1666.0], [831.0, 1666.0], [832.0, 1666.0], [833.0, 1666.0], [834.0, 1666.0], [835.0, 1666.0], [836.0, 1666.0], [837.0, 1666.0], [838.0, 1666.0], [839.0, 1667.0], [840.0, 1667.0], [840.9922778767136, 1667.1240347345893], [841.9845557534272, 1667.2480694691785], [842.9768336301408, 1667.3721042037678], [843.9691115068545, 1667.496138938357], [844.9613893835681, 1667.6201736729463], [845.9536672602817, 1667.7442084075356], [846.9459451369953, 1667.8682431421248], [847.9382230137089, 1667.992277876714], [848.9305008904225, 1668.1163126113033], [849.9227787671362, 1668.2403473458926], [850.9150566438498, 1668.3643820804818], [851.9073345205634, 1668.488416815071], [852.899612397277, 1668.6124515496604], [853.8918902739906, 1668.7364862842496], [854.8841681507042, 1668.8605210188389], [855.8764460274178, 1668.9845557534281], [856.8687239041315, 1669.1085904880174], [857.8610017808451, 1669.2326252226067], [858.8532796575587, 1669.356659957196], [859.8455575342723, 1669.4806946917852], [860.8378354109859, 1669.6047294263744], [861.8301132876995, 1669.7287641609637], [862.8223911644131, 1669.852798895553], [863.8146690411268, 1669.9768336301422], [864.8069469178404, 1670.1008683647315], [865.799224794554, 1670.2249030993207], [866.7915026712676, 1670.34893783391], [867.7837805479812, 1670.4729725684992], [868.7760584246948, 1670.5970073030885], [869.7683363014085, 1670.7210420376778], [870.7606141781221, 1670.845076772267], [871.7528920548357, 1670.9691115068563], [872.7451699315493, 1671.0931462414455], [873.7374478082629, 1671.2171809760348], [874.7297256849765, 1671.341215710624], [875.7220035616901, 1671.4652504452133], [876.7142814384038, 1671.5892851798026], [877.7065593151174, 1671.7133199143918], [878.698837191831, 1671.837354648981], [879.6911150685446, 1671.9613893835703], [880.6833929452582, 1672.0854241181596], [881.6756708219718, 1672.2094588527489], [882.6679486986854, 1672.3334935873381], [883.6602265753991, 1672.4575283219274], [884.6525044521127, 1672.5815630565166], [885.6447823288263, 1672.705597791106], [886.6370602055399, 1672.8296325256952], [887.6293380822535, 1672.9536672602844], [888.6216159589671, 1673.0777019948737], [889.6138938356808, 1673.201736729463], [890.6061717123944, 1673.3257714640522], [891.598449589108, 1673.4498061986415], [892.5907274658216, 1673.5738409332307], [893.5830053425352, 1673.69787566782], [894.5752832192488, 1673.8219104024092], [895.5675610959624, 1673.9459451369985], [896.5598389726761, 1674.0699798715877], [897.5521168493897, 1674.194014606177], [898.5443947261033, 1674.3180493407663], [899.5366726028169, 1674.4420840753555], [900.5289504795305, 1674.5661188099448], [901.5212283562441, 1674.690153544534], [902.5135062329578, 1674.8141882791233], [903.5057841096714, 1674.9382230137126], [904.498061986385, 1675.0622577483018]]}}, {"type": "Feature", "properties": {"label": 22, "method": "geodesic_dt"}, "geometry": {"type": "LineString", "coordinates": [[882.0, 1720.0], [881.0, 1719.0], [881.0, 1718.0], [880.0, 1717.0], [880.0, 1716.0], [880.0, 1715.0], [880.0, 1714.0], [879.0, 1713.0], [879.0, 1712.0], [879.0, 1711.0], [878.0, 1710.0], [878.0, 1709.0], [877.0, 1708.0], [876.0, 1707.0], [876.0, 1706.0], [875.0, 1705.0], [875.0, 1704.0], [874.0, 1703.0], [873.0, 1702.0], [873.0, 1701.0], [872.0, 1700.0], [872.0, 1699.0], [871.0, 1698.0], [870.0, 1697.0], [870.0, 1696.0], [869.0, 1695.0], [868.0, 1694.0], [868.0, 1693.0], [867.0, 1692.0], [866.0, 1691.0], [865.0, 1690.0], [864.0, 1689.0], [863.0, 1688.0], [862.0, 1687.0], [861.0, 1686.0], [860.0, 1685.0], [859.0, 1684.0], [858.0, 1683.0], [857.0, 1682.0], [856.0, 1681.0], [855.0, 1680.0], [854.0, 1679.0], [853.0, 1678.0], [852.0, 1677.0], [851.0, 1676.0], [850.0, 1675.0], [849.0, 1674.0], [848.0, 1673.0], [847.0, 1672.0], [846.0, 1671.0], [845.0, 1670.0], [844.0, 1669.0], [843.0, 1668.0], [842.0, 1667.0], [841.0, 1666.0], [840.0, 1665.0], [839.0, 1664.0], [838.0, 1663.0], [837.0, 1662.0], [836.0, 1661.0], [835.0, 1660.0], [834.0, 1660.0], [833.0, 1659.0], [832.0, 1659.0], [831.0, 1658.0], [830.0, 1658.0], [829.0, 1658.0], [828.0, 1657.0], [827.0, 1657.0], [826.0, 1657.0], [825.0, 1657.0], [824.0, 1656.0], [823.0, 1656.0], [822.0, 1656.0], [821.0, 1655.0], [820.0, 1655.0], [819.0, 1655.0], [818.0, 1655.0], [817.0, 1655.0], [816.0, 1654.0], [815.0, 1654.0], [814.0, 1654.0], [813.0, 1653.0], [812.0, 1653.0], [811.0, 1653.0], [810.0, 1652.0], [809.0, 1652.0], [808.0, 1652.0], [807.0, 1651.0], [806.0, 1651.0], [805.0, 1651.0], [804.0, 1650.0], [803.0, 1650.0], [802.0, 1649.0], [801.0, 1648.0], [800.0, 1647.0], [799.0, 1646.0], [798.0, 1645.0], [797.0, 1644.0], [796.0, 1643.0], [795.0, 1642.0], [794.0, 1642.0], [793.0, 1642.0], [792.0, 1641.0], [791.0, 1641.0], [790.0, 1641.0], [789.0, 1640.0], [788.0, 1640.0], [787.0, 1640.0], [786.0, 1639.0], [785.0, 1639.0], [784.0, 1639.0], [783.0, 1639.0], [782.0, 1638.0], [781.0, 1638.0], [780.0, 1638.0], [779.0, 1637.0], [778.0, 1637.0], [777.0, 1636.0], [776.0, 1636.0], [775.0, 1635.0], [774.0, 1635.0], [773.0, 1634.0], [772.0, 1634.0], [771.0, 1633.0], [770.0, 1633.0], [769.0, 1632.0], [768.0, 1631.0], [767.0, 1631.0], [766.0, 1630.0], [765.0, 1629.0], [764.0, 1628.0], [763.0, 1627.0], [762.0, 1626.0], [761.0, 1625.0], [760.0, 1624.0], [759.0, 1623.0], [758.0, 1622.0], [757.0, 1621.0], [756.0, 1620.0], [755.0, 1619.0], [754.0, 1618.0], [753.0, 1617.0], [752.0, 1616.0], [751.0, 1615.0], [750.0, 1614.0], [749.0, 1613.0], [748.0, 1612.0], [747.0, 1611.0], [746.0, 1610.0], [745.0, 1609.0], [744.0, 1608.0], [743.0, 1607.0], [742.0, 1606.0], [741.0, 1605.0], [740.0, 1604.0], [739.0, 1603.0], [738.0, 1602.0], [737.0, 1601.0], [736.0, 1600.0], [735.0, 1599.0], [734.0, 1598.0], [733.0, 1597.0], [732.0, 1596.0], [731.0, 1595.0], [730.0, 1594.0], [729.0, 1593.0], [728.0, 1592.0], [727.0, 1591.0], [726.0, 1590.0], [725.0, 1589.0], [724.0, 1588.0], [723.0, 1587.0], [722.0, 1586.0], [721.0, 1585.0], [720.0, 1584.0], [719.0, 1583.0], [718.0, 1582.0], [717.0, 1581.0], [716.0, 1580.0], [715.0, 1579.0], [714.0, 1578.0], [713.0, 1577.0], [712.0, 1576.0], [711.0, 1575.0], [710.0, 1575.0], [709.0, 1575.0], [708.0, 1574.0], [707.0, 1574.0], [706.0, 1574.0], [705.0, 1574.0], [704.0, 1573.0], [703.0, 1573.0], [702.0, 1572.0]]}}, {"type": "Feature", "properties": {"label": 22, "method": "smoothed_spline"}, "geometry": {"type": "LineString", "coordinates": [[884.0147923525482, 1720.5603303792443], [883.4521425793458, 1719.323221727476], [882.8803515050391, 1718.1002008332023], [882.2995070731504, 1716.8911232357163], [881.7096972272001, 1715.6958444743086], [881.1110099107098, 1714.5142200882722], [880.5035330672015, 1713.3461056168999], [879.887354640196, 1712.1913565994832], [879.2625625732156, 1711.049828575316], [878.6292448097812, 1709.9213770836882], [877.9874892934142, 1708.8058576638932], [877.3373839676361, 1707.703125855223], [876.6790167759683, 1706.6130371969705], [876.0124756619332, 1705.5354472284282], [875.3378485690508, 1704.4702114888867], [874.6552234408434, 1703.4171855176396], [873.9646882208324, 1702.3762248539783], [873.2663308525389, 1701.347185037196], [872.5602392794851, 1700.3299216065848], [871.8465014451917, 1699.3242901014362], [871.1252052931806, 1698.3301460610433], [870.3964387669729, 1697.3473450246975], [869.6602898100904, 1696.3757425316917], [868.9168463660546, 1695.4151941213188], [868.1661963783866, 1694.4655553328694], [867.408427790608, 1693.5266817056367], [866.6436285462405, 1692.5984287789133], [865.8718865888053, 1691.6806520919904], [865.0932898618238, 1690.7732071841615], [864.3079263088179, 1689.875949594718], [863.5158838733087, 1688.9887348629525], [862.7172504988174, 1688.1114185281572], [861.9121141288659, 1687.243856129624], [861.100562706976, 1686.3859032066464], [860.2826841766683, 1685.537415298515], [859.4585664814647, 1684.6982479445228], [858.6282975648867, 1683.8682566839623], [857.7919653704556, 1683.0472970561252], [856.9496578416932, 1682.2352246003047], [856.1014629221203, 1681.4318948557918], [855.2474685552593, 1680.6371633618799], [854.3877626846307, 1679.8508856578608], [853.5224332537565, 1679.0729172830263], [852.6515682061585, 1678.3031137766698], [851.7752554853569, 1677.5413306780815], [850.8935830348746, 1676.7874235265563], [850.0066387982321, 1676.0412478613844], [849.1145107189514, 1675.302659221859], [848.217286740554, 1674.5715131472728], [847.3150548065604, 1673.8476651769165], [846.4079028604934, 1673.1309708500837], [845.4959188458737, 1672.4212857060663], [844.5791907062229, 1671.7184652841565], [843.6578063850626, 1671.0223651236468], [842.7318538259137, 1670.3328407638282], [841.8014209722985, 1669.6497477439955], [840.8665957677379, 1668.9729416034381], [839.9274661557535, 1668.3022778814504], [838.984120079867, 1667.6376121173244], [838.0366454835992, 1666.9787998503502], [837.0851303104724, 1666.3256966198232], [836.1296625040075, 1665.6781579650328], [835.1703300077261, 1665.0360394252737], [834.2072207651497, 1664.3991965398368], [833.2404227197994, 1663.767484848014], [832.2700238151978, 1663.140759889099], [831.2961119948649, 1662.5188772023826], [830.318775202323, 1661.9016923271577], [829.3381013810935, 1661.2890608027171], [828.3541784746975, 1660.6808381683516], [827.367094426657, 1660.0768799633556], [826.3769371804927, 1659.4770417270192], [825.3837946797271, 1658.881178998636], [824.3877548678809, 1658.2891473174975], [823.3889056884755, 1657.700802222896], [822.387335085033, 1657.1159992541252], [821.383131001074, 1656.5345939504753], [820.3763813801208, 1655.9564418512398], [819.3671741656945, 1655.3813984957103], [818.3555973013163, 1654.8093194231794], [817.3417387305083, 1654.24006017294], [816.3256863967913, 1653.6734762842834], [815.307528243687, 1653.1094232965017], [814.2873522147171, 1652.547756748888], [813.2652462534026, 1651.988332180734], [812.2412983032654, 1651.4310051313328], [811.2155963078267, 1650.8756311399752], [810.188228210608, 1650.3220657459544], [809.159281955131, 1649.7701644885626], [808.1288454849168, 1649.219782907092], [807.0970067434872, 1648.6707765408353], [806.0638536743633, 1648.1230009290837], [805.0294742210667, 1647.5763116111302], [803.9939563271191, 1647.030564126267], [802.9573879360415, 1646.4856140137858], [801.9198569913563, 1645.9413168129804], [800.8814514365835, 1645.3975280631407], [799.8422592152458, 1644.8541033035613], [798.802368270864, 1644.3108980735326], [797.7618665469597, 1643.7677679123478], [796.7208419870548, 1643.2245683592994], [795.6793825346703, 1642.6811549536792], [794.6375761333276, 1642.1373832347795], [793.5955107265484, 1641.5931087418926], [792.553274257854, 1641.0481870143105], [791.510954670766, 1640.502473591326], [790.4686399088058, 1639.955824012231], [789.4264179154948, 1639.4080938163174], [788.3843766343546, 1638.8591385428786], [787.3426040089066, 1638.3088137312056], [786.3011879826722, 1637.7569749205918], [785.2602164991729, 1637.203477650328], [784.2197775019301, 1636.648177459708], [783.1799589344655, 1636.0909298880233], [782.1408487403003, 1635.5315904745657], [781.1025348629561, 1634.9700147586286], [780.0651052459544, 1634.406058279504], [779.0286478328164, 1633.8395765764828], [777.9932505670638, 1633.2704251888588], [776.9590013922178, 1632.6984596559237], [775.9259882518004, 1632.1235355169697], [774.8942990893327, 1631.5455083112895], [773.8640218483358, 1630.9642335781746], [772.835244472332, 1630.3795668569176], [771.808054904842, 1629.791363686811], [770.7825410893876, 1629.199479607147], [769.7587909694903, 1628.6037701572177], [768.7368924886715, 1628.0040908763153], [767.7169335904524, 1627.4002973037318], [766.699002218355, 1626.7922449787602], [765.6831863159003, 1626.1797894406927], [764.6695738266101, 1625.5627862288206], [763.6582526940055, 1624.9410908824373], [762.6493108616083, 1624.3145589408346], [761.6428362729397, 1623.683045943304], [760.6389168715214, 1623.046407429139], [759.6376406008746, 1622.4044989376314], [758.639095404521, 1621.7571760080732], [757.6433692259818, 1621.1042941797568], [756.6505500087789, 1620.4457089919747], [755.660725696433, 1619.7812759840185], [754.6739842324665, 1619.1108506951819], [753.6904135604002, 1618.434288664755], [752.7101016237558, 1617.7514454320317], [751.7331363660546, 1617.062176536304], [750.7596057308184, 1616.366337516864], [749.7895976615682, 1615.6637839130033], [748.823200101826, 1614.9543712640157], [747.8605009951127, 1614.2379551091917], [746.9015882849502, 1613.5143909878248], [745.9465499148598, 1612.7835344392065], [744.9954738283627, 1612.0452410026296], [744.0484479689809, 1611.2993662173863], [743.1055602802355, 1610.5457656227686], [742.166898705648, 1609.784294758069], [741.2325511887398, 1609.0148091625792], [740.3026056730325, 1608.2371643755926], [739.3771501020476, 1607.4512159364003], [738.4562724193065, 1606.6568193842952], [737.5400605683304, 1605.8538302585691], [736.6286024926412, 1605.0421040985148], [735.7219861357602, 1604.2214964434243], [734.8202994412087, 1603.3918628325896], [733.9236303525082, 1602.5530588053032], [733.0320668131803, 1601.7049399008574], [732.1456967667466, 1600.8473616585447], [731.2646081567282, 1599.9801796176569], [730.3888889266468, 1599.1032493174864], [729.5186270200237, 1598.2164262973256], [728.6539103803805, 1597.3195660964664], [727.7948269512385, 1596.4125242542016], [726.9414646761193, 1595.495156309823], [726.0939114985445, 1594.5673178026234], [725.2522553620354, 1593.6288642718944], [724.4165842101131, 1592.6796512569285], [723.5869859862996, 1591.7195342970178], [722.7635486341162, 1590.748368931455], [721.9463600970845, 1589.7660106995322], [721.1355083187256, 1588.7723151405417], [720.3310812425613, 1587.7671377937754], [719.5331668121128, 1586.750334198526], [718.7418529709016, 1585.7217598940852], [717.9572276624493, 1584.681270419746], [717.1793788302774, 1583.6287213148], [716.4083944179072, 1582.56396811854], [715.6443623688602, 1581.4868663702578], [714.887370626658, 1580.397271609246], [714.1375071348218, 1579.2950393747963], [713.3948598368733, 1578.1800252062017], [712.6595166763339, 1577.0520846427542], [711.9315655967249, 1575.911073223746], [711.2110945415678, 1574.756846488469], [710.4981914543844, 1573.589259976216], [709.7929442786958, 1572.4081692262794], [709.0954409580236, 1571.2134297779505], [708.4057694358893, 1570.0048971705228], [707.724017655814, 1568.7824269432876], [707.0502735613197, 1567.5458746355373], [706.3846250959277, 1566.2950957865646], [705.7271602031592, 1565.0299459356615]]}}, {"type": "Feature", "properties": {"label": 23, "method": "skeleton_longest_path"}, "geometry": {"type": "LineString", "coordinates": [[831.817179374673, 1816.2687174986918], [832.0597149997093, 1817.2388599988371], [832.3022506247456, 1818.2090024989825], [832.544786249782, 1819.1791449991279], [832.7873218748183, 1820.1492874992732], [833.0298574998546, 1821.1194299994186], [833.272393124891, 1822.089572499564], [833.5149287499273, 1823.0597149997093], [833.7574643749637, 1824.0298574998546], [834.0, 1825.0], [834.0, 1826.0], [834.0, 1827.0], [834.0, 1828.0], [834.0, 1829.0], [834.0, 1830.0], [835.0, 1831.0], [835.0, 1832.0], [836.0, 1833.0], [836.0, 1834.0], [836.0, 1835.0], [837.0, 1836.0], [837.0, 1837.0], [838.0, 1838.0], [838.0, 1839.0], [838.0, 1840.0], [839.0, 1841.0], [839.0, 1842.0], [839.0, 1843.0], [839.0, 1844.0], [839.0, 1845.0], [839.0, 1846.0], [839.0, 1847.0], [839.0, 1848.0], [839.0, 1849.0], [839.0, 1850.0], [839.0, 1851.0], [839.0, 1852.0], [839.0, 1853.0], [839.0, 1854.0], [839.0, 1855.0], [840.0, 1856.0], [841.0, 1857.0], [841.0, 1858.0], [842.0, 1859.0], [843.0, 1860.0], [843.0, 1861.0], [844.0, 1862.0], [844.0, 1863.0], [845.0, 1864.0], [845.0, 1865.0], [846.0, 1866.0], [847.0, 1867.0], [847.0, 1868.0], [848.0, 1869.0], [848.0, 1870.0], [849.0, 1871.0], [850.0, 1872.0], [851.0, 1873.0], [852.0, 1874.0], [853.0, 1874.0], [854.0, 1874.0], [855.0, 1875.0], [856.0, 1875.0], [857.0, 1875.0], [858.0, 1876.0], [859.0, 1876.0], [860.0, 1876.0], [861.0, 1877.0], [862.0, 1877.0], [863.0, 1878.0], [864.0, 1878.0], [865.0, 1879.0], [866.0, 1880.0], [867.0, 1881.0], [868.0, 1881.0], [869.0, 1882.0], [870.0, 1883.0], [870.0, 1884.0], [871.0, 1885.0], [871.0, 1886.0], [872.0, 1887.0], [873.0, 1888.0], [874.0, 1889.0], [874.0, 1890.0], [875.0, 1891.0], [876.0, 1892.0], [876.0, 1893.0], [876.0, 1894.0], [876.0, 1894.0], [876.0, 1895.0], [876.0, 1896.0], [875.0, 1897.0], [875.0, 1898.0], [874.0, 1899.0], [874.0, 1900.0], [874.0, 1901.0], [874.0, 1902.0], [874.0, 1903.0], [874.0, 1904.0], [874.0, 1905.0], [874.0, 1906.0], [874.0, 1907.0], [874.0, 1908.0], [874.0, 1909.0], [873.0, 1910.0], [873.0, 1911.0], [873.0, 1912.0], [873.0, 1913.0], [873.0, 1914.0], [873.0, 1915.0], [873.0, 1916.0], [872.0, 1917.0], [872.0, 1918.0], [872.0, 1919.0], [872.0, 1920.0], [872.0, 1921.0], [872.0, 1922.0], [872.0, 1923.0], [871.0, 1924.0], [870.7574643749637, 1924.9701425001454], [870.5149287499273, 1925.9402850002907], [870.272393124891, 1926.910427500436], [870.0298574998546, 1927.8805700005814], [869.7873218748183, 1928.8507125007268], [869.544786249782, 1929.8208550008721], [869.3022506247456, 1930.7909975010175], [869.0597149997093, 1931.7611400011629], [868.817179374673, 1932.7312825013082], [868.5746437496366, 1933.7014250014536], [868.3321081246003, 1934.671567501599], [868.0895724995639, 1935.6417100017443], [867.8470368745276, 1936.6118525018896], [867.6045012494912, 1937.581995002035], [867.3619656244549, 1938.5521375021804], [867.1194299994186, 1939.5222800023257], [866.8768943743822, 1940.492422502471], [866.6343587493459, 1941.4625650026164], [866.3918231243096, 1942.4327075027618]]}}, {"type": "Feature", "properties": {"label": 23, "method": "geodesic_dt"}, "geometry": {"type": "LineString", "coordinates": [[878.0, 1942.0], [877.0, 1941.0], [877.0, 1940.0], [876.0, 1939.0], [876.0, 1938.0], [876.0, 1937.0], [876.0, 1936.0], [875.0, 1935.0], [875.0, 1934.0], [875.0, 1933.0], [875.0, 1932.0], [875.0, 1931.0], [875.0, 1930.0], [875.0, 1929.0], [875.0, 1928.0], [875.0, 1927.0], [875.0, 1926.0], [875.0, 1925.0], [875.0, 1924.0], [875.0, 1923.0], [875.0, 1922.0], [875.0, 1921.0], [875.0, 1920.0], [875.0, 1919.0], [875.0, 1918.0], [875.0, 1917.0], [875.0, 1916.0], [875.0, 1915.0], [875.0, 1914.0], [875.0, 1913.0], [875.0, 1912.0], [875.0, 1911.0], [875.0, 1910.0], [875.0, 1909.0], [875.0, 1908.0], [875.0, 1907.0], [875.0, 1906.0], [875.0, 1905.0], [876.0, 1904.0], [876.0, 1903.0], [876.0, 1902.0], [876.0, 1901.0], [877.0, 1900.0], [877.0, 1899.0], [877.0, 1898.0], [878.0, 1897.0], [878.0, 1896.0], [878.0, 1895.0], [878.0, 1894.0], [878.0, 1893.0], [877.0, 1892.0], [877.0, 1891.0], [876.0, 1890.0], [875.0, 1889.0], [874.0, 1888.0], [873.0, 1887.0], [872.0, 1886.0], [871.0, 1885.0], [870.0, 1884.0], [869.0, 1883.0], [868.0, 1883.0], [867.0, 1882.0], [866.0, 1881.0], [865.0, 1881.0], [864.0, 1880.0], [863.0, 1879.0], [862.0, 1879.0], [861.0, 1878.0], [860.0, 1877.0], [859.0, 1877.0], [858.0, 1876.0], [857.0, 1876.0], [856.0, 1875.0], [855.0, 1874.0], [854.0, 1873.0], [853.0, 1873.0], [852.0, 1872.0], [851.0, 1871.0], [850.0, 1870.0], [849.0, 1869.0], [848.0, 1868.0], [847.0, 1867.0], [847.0, 1866.0], [846.0, 1865.0], [846.0, 1864.0], [845.0, 1863.0], [845.0, 1862.0], [845.0, 1861.0], [845.0, 1860.0], [845.0, 1859.0], [845.0, 1858.0], [845.0, 1857.0], [845.0, 1856.0], [845.0, 1855.0], [844.0, 1854.0], [843.0, 1853.0], [843.0, 1852.0], [842.0, 1851.0], [842.0, 1850.0], [841.0, 1849.0], [841.0, 1848.0], [840.0, 1847.0], [840.0, 1846.0], [839.0, 1845.0], [838.0, 1844.0], [838.0, 1843.0], [838.0, 1842.0], [837.0, 1841.0], [837.0, 1840.0], [837.0, 1839.0], [837.0, 1838.0], [837.0, 1837.0], [836.0, 1836.0], [836.0, 1835.0], [836.0, 1834.0], [835.0, 1833.0], [835.0, 1832.0], [835.0, 1831.0], [835.0, 1830.0], [835.0, 1829.0], [835.0, 1828.0], [834.0, 1827.0], [834.0, 1826.0], [834.0, 1825.0], [834.0, 1824.0], [834.0, 1823.0], [833.0, 1822.0], [833.0, 1821.0], [833.0, 1820.0], [833.0, 1819.0], [832.0, 1818.0], [832.0, 1817.0], [831.0, 1816.0]]}}, {"type": "Feature", "properties": {"label": 23, "method": "smoothed_spline"}, "geometry": {"type": "LineString", "coordinates": [[871.3090025096042, 1944.6058067684053], [871.7327569908465, 1943.6530605827322], [872.1413313885971, 1942.7085469060614], [872.5348624833598, 1941.7721859906492], [872.9134870556378, 1940.8438980887495], [873.277341885935, 1939.9236034526184], [873.626563754755, 1939.011222334513], [873.9612894426011, 1938.1066749866868], [874.2816557299776, 1937.2098816613973], [874.5877993973877, 1936.3207626108983], [874.8798572253351, 1935.4392380874465], [875.157965994323, 1934.565228343297], [875.4222624848557, 1933.6986536307056], [875.672883477437, 1932.8394342019294], [875.9099657525696, 1931.987490309221], [876.1336460907578, 1931.142742204838], [876.3440612725049, 1930.3051101410356], [876.5413480783149, 1929.4745143700693], [876.7256432886912, 1928.6508751441954], [876.8970836841374, 1927.834112715668], [877.0558060451572, 1927.0241473367437], [877.2019471522541, 1926.2208992596782], [877.335643785932, 1925.4242887367268], [877.4570327266945, 1924.6342360201459], [877.566250755045, 1923.8506613621894], [877.663434651487, 1923.0734850151143], [877.7487211965246, 1922.3026272311758], [877.8222471706612, 1921.538008262629], [877.8841493544004, 1920.7795483617303], [877.9345645282456, 1920.027167780735], [877.973629472701, 1919.2807867718989], [878.0014809682696, 1918.540325587477], [878.0182557954554, 1917.8057044797251], [878.0240907347624, 1917.0768437009], [878.0191225666933, 1916.3536635032556], [878.0034880717525, 1915.636084139048], [877.9773240304431, 1914.924025860533], [877.9407672232692, 1914.2174089199661], [877.8939544307343, 1913.5161535696034], [877.8370224333415, 1912.8201800616994], [877.7701080115955, 1912.1294086485116], [877.6933479459989, 1911.4437595822938], [877.6068790170559, 1910.7631531153017], [877.5108380052702, 1910.0875094997925], [877.4053616911445, 1909.4167489880192], [877.2905868551837, 1908.7507918322399], [877.1666502778908, 1908.0895582847088], [877.0336887397692, 1907.4329685976818], [876.8918390213232, 1906.7809430234158], [876.7412379030555, 1906.1334018141636], [876.5820221654708, 1905.4902652221829], [876.414328589072, 1904.8514534997291], [876.2382939543631, 1904.2168868990577], [876.0540550418475, 1903.586485672424], [875.8617486320285, 1902.9601700720825], [875.6615115054109, 1902.3378603502917], [875.4534804424968, 1901.7194767593044], [875.2377922237908, 1901.1049395513776], [875.0145836297967, 1900.494168978767], [874.7839914410173, 1899.8870852937268], [874.546152437957, 1899.283608748515], [874.3012034011188, 1898.6836595953846], [874.0492811110067, 1898.087158086593], [873.7905223481243, 1897.4940244743952], [873.525063892975, 1896.9041790110462], [873.253042526063, 1896.3175419488032], [872.9745950278914, 1895.7340335399201], [872.6898581789638, 1895.1535740366535], [872.3989687597845, 1894.5760836912589], [872.102063550856, 1894.0014827559908], [871.7992793326831, 1893.4296914831068], [871.4907528857685, 1892.8606301248606], [871.1766209906166, 1892.2942189335095], [870.8570204277304, 1891.7303781613075], [870.5320879776136, 1891.1690280605105], [870.2019604207705, 1890.610088883376], [869.866774537704, 1890.0534808821567], [869.526667108918, 1889.4991243091104], [869.1817749149162, 1888.9469394164917], [868.8322347362018, 1888.396846456556], [868.4781833532794, 1887.8487656815603], [868.1197575466514, 1887.3026173437584], [867.7570940968221, 1886.758321695407], [867.3903297842954, 1886.2157989887617], [867.0196013895741, 1885.6749694760765], [866.645045693163, 1885.13575340961], [866.2667994755645, 1884.5980710416152], [865.884999517283, 1884.061842624349], [865.4997825988218, 1883.5269884100665], [865.1112855006844, 1882.9934286510231], [864.7196450033753, 1882.4610835994756], [864.324997887397, 1881.9298735076777], [863.9274809332537, 1881.399718627887], [863.527230921449, 1880.8705392123577], [863.1243846324863, 1880.3422555133452], [862.7190788468699, 1879.814787783107], [862.3114503451025, 1879.2880562738962], [861.9016359076885, 1878.7619812379708], [861.489772315131, 1878.2364829275843], [861.0759963479337, 1877.7114815949935], [860.6604447866005, 1877.186897492454], [860.2432544116349, 1876.6626508722209], [859.8245620035407, 1876.1386619865502], [859.4045043428212, 1875.614851087697], [858.9832182099801, 1875.0911384279175], [858.5608403855211, 1874.567444259467], [858.137507649948, 1874.0436888346012], [857.7133567837641, 1873.5197924055756], [857.2885245674734, 1872.995675224646], [856.8631477815792, 1872.4712575440676], [856.4373632065854, 1871.9464596160965], [856.0113076229952, 1871.4212016929873], [855.5851178113127, 1870.8954040269973], [855.1589305520413, 1870.3689868703807], [854.7328826256846, 1869.8418704753935], [854.3071108127466, 1869.313975094292], [853.8817518937306, 1868.7852209793305], [853.45694264914, 1868.255528382765], [853.0328198594789, 1867.724817556852], [852.6095203052505, 1867.1930087538458], [852.1871807669589, 1866.6600222260033], [851.7659380251074, 1866.125778225579], [851.3459288601997, 1865.5901970048294], [850.9272900527394, 1865.0531988160092], [850.5101583832304, 1864.5147039113747], [850.0946706321758, 1863.9746325431813], [849.6809635800798, 1863.4329049636845], [849.2691740074457, 1862.88944142514], [848.859438694777, 1862.344162179803], [848.4518944225778, 1861.7969874799298], [848.0466779713512, 1861.2478375777757], [847.6439261216013, 1860.696632725596], [847.2437756538313, 1860.1432931756467], [846.8463633485453, 1859.5877391801837], [846.4518259862466, 1859.0298909914613], [846.0603003474389, 1858.4696688617366], [845.6719232126258, 1857.9069930432645], [845.2868313623107, 1857.3417837883007], [844.9051615769979, 1856.7739613491005], [844.5270506371905, 1856.2034459779202], [844.1526353233921, 1855.6301579270141], [843.7820524161066, 1855.0540174486396], [843.4154386958376, 1854.474944795051], [843.0529309430883, 1853.8928602185042], [842.6946659383631, 1853.3076839712548], [842.3407804621652, 1852.719336305559], [841.9914112949978, 1852.127737473671], [841.6466952173654, 1851.5328077278484], [841.306769009771, 1850.9344673203448], [840.9717694527183, 1850.3326365034168], [840.6418333267113, 1849.7272355293203], [840.3170974122531, 1849.11818465031], [839.9976984898478, 1848.5054041186422], [839.6837733399989, 1847.8888141865725], [839.3754587432098, 1847.268335106356], [839.0728914799843, 1846.6438871302485], [838.7762083308262, 1846.015390510506], [838.4855460762388, 1845.3827654993834], [838.201041496726, 1844.745932349137], [837.9228313727912, 1844.1048113120219], [837.6510524849383, 1843.459322640294], [837.3858416136707, 1842.8093865862088], [837.127335539492, 1842.1549234020217], [836.875671042906, 1841.4958533399886], [836.6309849044162, 1840.8320966523652], [836.3934139045266, 1840.163573591407], [836.1630948237403, 1839.4902044093687], [835.9401644425611, 1838.8119093585074], [835.7247595414927, 1838.1286086910777], [835.5170169010388, 1837.4402226593356], [835.3170733017029, 1836.7466715155365], [835.1250655239887, 1836.0478755119361], [834.9411303484, 1835.3437549007904], [834.76540455544, 1834.6342299343542], [834.5980249256125, 1833.9192208648835], [834.4391282394213, 1833.1986479446339], [834.2888512773699, 1832.472431425861], [834.1473308199619, 1831.7404915608204], [834.014703647701, 1831.0027486017677], [833.891106541091, 1830.2591228009587], [833.7766762806352, 1829.5095344106487], [833.6715496468373, 1828.7539036830935], [833.575863420201, 1827.9921508705481], [833.4897543812301, 1827.2241962252692], [833.413359310428, 1826.4499599995117], [833.3468149882983, 1825.6693624455313], [833.2902581953448, 1824.8823238155835], [833.2438257120709, 1824.0887643619237], [833.2076543189805, 1823.288604336808], [833.1818807965773, 1822.4817639924922], [833.1666419253645, 1821.6681635812315], [833.1620744858459, 1820.847723355281], [833.1683152585254, 1820.020363566897], [833.1855010239065, 1819.1860044683353], [833.2137685624924, 1818.3445663118503], [833.2532546547874, 1817.4959693496994], [833.3040960812947, 1816.6401338341363], [833.366429622518, 1815.776980017418], [833.4403920589612, 1814.9064281517997], [833.5261201711274, 1814.0283984895368]]}}]}